ISO-10303-21;
HEADER;
/* Generated by software containing ST-Developer
 * from STEP Tools, Inc. (www.steptools.com) 
 */
/* OPTION: using custom renumber hook */

FILE_DESCRIPTION(
/* description */ ('STEP AP242 Edition 2',
'CAx-IF Rec.Pracs.---Representation and Presentation of Product Manufa
cturing Information (PMI)---4.0---2014-10-13',
'CAx-IF Rec.Pracs.---3D Tessellated Geometry---0.4---2014-09-14','2;1',
'CAx-IF Rec.Pracs.---User Defined Attributes---1.5---2016-08-15'),
/* implementation_level */ '2;1');

FILE_NAME(
/* name */ '2b7aee02-43c5-4d50-9cc7-af716a07ecee',
/* time_stamp */ '2026-06-24T05:42:49Z',
/* author */ (''),
/* organization */ (''),
/* preprocessor_version */ 'ST-DEVELOPER v20',
/* originating_system */ 'ONSHAPE BY PTC INC, 1.216',
/* authorisation */ '  ');

FILE_SCHEMA (('AP242_MANAGED_MODEL_BASED_3D_ENGINEERING_MIM_LF { 1 0 10303 442 3 1 4 }'));
ENDSEC;

DATA;
#10=SHAPE_REPRESENTATION_RELATIONSHIP('','',#357,#11);
#11=ADVANCED_BREP_SHAPE_REPRESENTATION('',(#355),#2526);
#12=(
BOUNDED_SURFACE()
B_SPLINE_SURFACE(3,2,((#956,#957,#958),(#959,#960,#961),(#962,#963,#964),
(#965,#966,#967),(#968,#969,#970),(#971,#972,#973),(#974,#975,#976),(#977,
#978,#979),(#980,#981,#982),(#983,#984,#985),(#986,#987,#988),(#989,#990,
#991),(#992,#993,#994),(#995,#996,#997),(#998,#999,#1000),(#1001,#1002,
#1003),(#1004,#1005,#1006),(#1007,#1008,#1009),(#1010,#1011,#1012),(#1013,
#1014,#1015),(#1016,#1017,#1018),(#1019,#1020,#1021),(#1022,#1023,#1024),
(#1025,#1026,#1027),(#1028,#1029,#1030),(#1031,#1032,#1033),(#1034,#1035,
#1036),(#1037,#1038,#1039),(#1040,#1041,#1042),(#1043,#1044,#1045),(#1046,
#1047,#1048),(#1049,#1050,#1051),(#1052,#1053,#1054),(#1055,#1056,#1057),
(#1058,#1059,#1060),(#1061,#1062,#1063),(#1064,#1065,#1066),(#1067,#1068,
#1069),(#1070,#1071,#1072),(#1073,#1074,#1075),(#1076,#1077,#1078),(#1079,
#1080,#1081),(#1082,#1083,#1084),(#1085,#1086,#1087),(#1088,#1089,#1090),
(#1091,#1092,#1093),(#1094,#1095,#1096),(#1097,#1098,#1099)),
 .UNSPECIFIED.,.T.,.F.,.F.)
B_SPLINE_SURFACE_WITH_KNOTS((1,3,1,1,1,1,1,1,1,1,1,1,1,1,1,1,1,1,1,1,1,
1,1,1,1,1,1,1,1,1,1,1,1,1,1,1,1,1,1,1,1,1,1,1,1,1,3,1),(3,3),(-0.00531017282818191,
0.,0.00265508641409097,0.00531017282818193,0.0106203456563639,0.0132754320704548,
0.0159305184845458,0.0185856048986368,0.0212406913127277,0.0265508641409097,
0.0318610369690916,0.0371712097972735,0.0424813826254554,0.0477915554536374,
0.0531017282818193,0.0584119011100012,0.0610669875240922,0.0637220739381832,
0.0663771603522741,0.0690322467663651,0.0716873331804561,0.074342419594547,
0.079652592422729,0.0849627652509109,0.0876178516650019,0.0902729380790928,
0.0929280244931838,0.0955831109072748,0.0982381973213657,0.100893283735457,
0.106203456563639,0.111513629391821,0.116823802220002,0.122133975048184,
0.127444147876366,0.132754320704548,0.135409407118639,0.13806449353273,
0.140719579946821,0.143374666360912,0.146029752775003,0.148684839189094,
0.153995012017276,0.156650098431367,0.159305184845458,0.16461535767364,
0.169925530501822,0.172580616915913),(0.,1.),.UNSPECIFIED.)
GEOMETRIC_REPRESENTATION_ITEM()
RATIONAL_B_SPLINE_SURFACE(((1.,0.707106781186548,1.),(1.,0.707106781186548,
1.),(1.,0.707106781186548,1.),(1.,0.707106781186547,1.),(1.,0.707106781186548,
1.),(1.,0.707106781186548,1.),(1.,0.707106781186547,1.),(1.,0.707106781186548,
1.),(1.,0.707106781186547,1.),(1.,0.707106781186548,1.),(1.,0.707106781186547,
1.),(1.,0.707106781186548,1.),(1.,0.707106781186548,1.),(1.,0.707106781186547,
1.),(1.,0.707106781186548,1.),(1.,0.707106781186547,1.),(1.,0.707106781186548,
1.),(1.,0.707106781186547,1.),(1.,0.707106781186548,1.),(1.,0.707106781186548,
1.),(1.,0.707106781186548,1.),(1.,0.707106781186548,1.),(1.,0.707106781186547,
1.),(1.,0.707106781186547,1.),(1.,0.707106781186548,1.),(1.,0.707106781186548,
1.),(1.,0.707106781186547,1.),(1.,0.707106781186548,1.),(1.,0.707106781186548,
1.),(1.,0.707106781186548,1.),(1.,0.707106781186548,1.),(1.,0.707106781186548,
1.),(1.,0.707106781186547,1.),(1.,0.707106781186548,1.),(1.,0.707106781186548,
1.),(1.,0.707106781186547,1.),(1.,0.707106781186548,1.),(1.,0.707106781186547,
1.),(1.,0.707106781186548,1.),(1.,0.707106781186547,1.),(1.,0.707106781186548,
1.),(1.,0.707106781186548,1.),(1.,0.707106781186546,1.),(1.,0.707106781186549,
1.),(1.,0.707106781186547,1.),(1.,0.707106781186551,1.),(1.,0.707106781186549,
1.),(1.,0.707106781186548,1.)))
REPRESENTATION_ITEM('')
SURFACE()
);
#13=(
BOUNDED_SURFACE()
B_SPLINE_SURFACE(3,2,((#1100,#1101,#1102),(#1103,#1104,#1105),(#1106,#1107,
#1108),(#1109,#1110,#1111),(#1112,#1113,#1114),(#1115,#1116,#1117),(#1118,
#1119,#1120),(#1121,#1122,#1123),(#1124,#1125,#1126),(#1127,#1128,#1129),
(#1130,#1131,#1132),(#1133,#1134,#1135),(#1136,#1137,#1138),(#1139,#1140,
#1141),(#1142,#1143,#1144),(#1145,#1146,#1147),(#1148,#1149,#1150),(#1151,
#1152,#1153),(#1154,#1155,#1156),(#1157,#1158,#1159),(#1160,#1161,#1162),
(#1163,#1164,#1165),(#1166,#1167,#1168),(#1169,#1170,#1171),(#1172,#1173,
#1174),(#1175,#1176,#1177),(#1178,#1179,#1180),(#1181,#1182,#1183),(#1184,
#1185,#1186),(#1187,#1188,#1189),(#1190,#1191,#1192),(#1193,#1194,#1195),
(#1196,#1197,#1198),(#1199,#1200,#1201),(#1202,#1203,#1204),(#1205,#1206,
#1207),(#1208,#1209,#1210),(#1211,#1212,#1213),(#1214,#1215,#1216),(#1217,
#1218,#1219),(#1220,#1221,#1222),(#1223,#1224,#1225),(#1226,#1227,#1228),
(#1229,#1230,#1231),(#1232,#1233,#1234),(#1235,#1236,#1237),(#1238,#1239,
#1240),(#1241,#1242,#1243),(#1244,#1245,#1246),(#1247,#1248,#1249),(#1250,
#1251,#1252),(#1253,#1254,#1255),(#1256,#1257,#1258),(#1259,#1260,#1261)),
 .UNSPECIFIED.,.T.,.F.,.F.)
B_SPLINE_SURFACE_WITH_KNOTS((1,3,1,1,1,1,1,1,1,1,1,1,1,1,1,1,1,1,1,1,1,
1,1,1,1,1,1,1,1,1,1,1,1,1,1,1,1,1,1,1,1,1,1,1,1,1,1,1,1,1,1,1,3,1),(3,3),
(-0.00108269202585584,0.,0.00216538405171165,0.0043307681034233,0.00649615215513495,
0.0086615362068466,0.0129923043102699,0.0173230724136932,0.0194884564654048,
0.0216538405171165,0.0238192245688281,0.0259846086205398,0.0281499926722514,
0.0303153767239631,0.0324807607756747,0.0346461448273864,0.036811528879098,
0.0389769129308097,0.043307681034233,0.0476384491376563,0.0519692172410796,
0.0562999853445029,0.0606307534479262,0.0649615215513495,0.0671269056030611,
0.0692922896547728,0.0714576737064844,0.0736230577581961,0.0757884418099077,
0.0779538258616194,0.080119209913331,0.0822845939650427,0.0844499780167543,
0.086615362068466,0.0887807461201776,0.0909461301718893,0.0931115142236009,
0.0952768982753126,0.0974422823270242,0.0996076663787359,0.103938434482159,
0.108269202585582,0.112599970689006,0.116930738792429,0.121261506895852,
0.125592274999276,0.127757659050987,0.129923043102699,0.132088427154411,
0.134253811206122,0.136419195257834,0.13750188728369,0.138584579309546,
0.140749963361257),(0.,1.),.UNSPECIFIED.)
GEOMETRIC_REPRESENTATION_ITEM()
RATIONAL_B_SPLINE_SURFACE(((1.,0.707106781186547,1.),(1.,0.707106781186546,
1.),(1.,0.707106781186548,1.),(1.,0.707106781186547,1.),(1.,0.707106781186548,
1.),(1.,0.707106781186547,1.),(1.,0.707106781186548,1.),(1.,0.707106781186547,
1.),(1.,0.707106781186548,1.),(1.,0.707106781186547,1.),(1.,0.707106781186548,
1.),(1.,0.707106781186547,1.),(1.,0.707106781186547,1.),(1.,0.707106781186549,
1.),(1.,0.707106781186547,1.),(1.,0.707106781186547,1.),(1.,0.707106781186548,
1.),(1.,0.707106781186547,1.),(1.,0.707106781186548,1.),(1.,0.707106781186548,
1.),(1.,0.707106781186548,1.),(1.,0.707106781186548,1.),(1.,0.707106781186548,
1.),(1.,0.707106781186548,1.),(1.,0.707106781186547,1.),(1.,0.707106781186548,
1.),(1.,0.707106781186548,1.),(1.,0.707106781186546,1.),(1.,0.707106781186549,
1.),(1.,0.707106781186548,1.),(1.,0.707106781186548,1.),(1.,0.707106781186547,
1.),(1.,0.707106781186548,1.),(1.,0.707106781186547,1.),(1.,0.707106781186548,
1.),(1.,0.707106781186548,1.),(1.,0.707106781186548,1.),(1.,0.707106781186547,
1.),(1.,0.707106781186547,1.),(1.,0.707106781186548,1.),(1.,0.707106781186547,
1.),(1.,0.707106781186547,1.),(1.,0.707106781186548,1.),(1.,0.707106781186548,
1.),(1.,0.707106781186547,1.),(1.,0.707106781186548,1.),(1.,0.707106781186548,
1.),(1.,0.707106781186547,1.),(1.,0.707106781186548,1.),(1.,0.707106781186548,
1.),(1.,0.707106781186547,1.),(1.,0.707106781186548,1.),(1.,0.707106781186547,
1.),(1.,0.707106781186547,1.)))
REPRESENTATION_ITEM('')
SURFACE()
);
#14=(
BOUNDED_SURFACE()
B_SPLINE_SURFACE(3,2,((#1262,#1263,#1264),(#1265,#1266,#1267),(#1268,#1269,
#1270),(#1271,#1272,#1273),(#1274,#1275,#1276),(#1277,#1278,#1279),(#1280,
#1281,#1282),(#1283,#1284,#1285),(#1286,#1287,#1288),(#1289,#1290,#1291),
(#1292,#1293,#1294),(#1295,#1296,#1297),(#1298,#1299,#1300),(#1301,#1302,
#1303),(#1304,#1305,#1306),(#1307,#1308,#1309),(#1310,#1311,#1312),(#1313,
#1314,#1315),(#1316,#1317,#1318),(#1319,#1320,#1321),(#1322,#1323,#1324),
(#1325,#1326,#1327),(#1328,#1329,#1330),(#1331,#1332,#1333),(#1334,#1335,
#1336),(#1337,#1338,#1339),(#1340,#1341,#1342),(#1343,#1344,#1345),(#1346,
#1347,#1348),(#1349,#1350,#1351),(#1352,#1353,#1354),(#1355,#1356,#1357),
(#1358,#1359,#1360),(#1361,#1362,#1363),(#1364,#1365,#1366),(#1367,#1368,
#1369),(#1370,#1371,#1372),(#1373,#1374,#1375),(#1376,#1377,#1378),(#1379,
#1380,#1381),(#1382,#1383,#1384),(#1385,#1386,#1387),(#1388,#1389,#1390),
(#1391,#1392,#1393),(#1394,#1395,#1396),(#1397,#1398,#1399),(#1400,#1401,
#1402),(#1403,#1404,#1405),(#1406,#1407,#1408),(#1409,#1410,#1411),(#1412,
#1413,#1414),(#1415,#1416,#1417),(#1418,#1419,#1420),(#1421,#1422,#1423),
(#1424,#1425,#1426),(#1427,#1428,#1429),(#1430,#1431,#1432),(#1433,#1434,
#1435)),.UNSPECIFIED.,.T.,.F.,.F.)
B_SPLINE_SURFACE_WITH_KNOTS((1,3,1,1,1,1,1,1,1,1,1,1,1,1,1,1,1,1,1,1,1,
1,1,1,1,1,1,1,1,1,1,1,1,1,1,1,1,1,1,1,1,1,1,1,1,1,1,1,1,1,1,1,1,1,1,1,3,
1),(3,3),(-0.00425802569120276,0.,0.00425802569120277,0.00851605138240553,
0.0127740770736083,0.0170321027648111,0.0212901284560138,0.0255481541472166,
0.0298061798384194,0.0319351926840207,0.0340642055296221,0.0383222312208249,
0.0425802569120277,0.0510963082944332,0.0596123596768387,0.0681284110592442,
0.0766444624416498,0.0851605138240553,0.0936765652064608,0.0979345908976636,
0.102192616588866,0.106450642280069,0.108579655125671,0.110708667971272,
0.112837680816873,0.114966693662475,0.119224719353677,0.12348274504488,
0.127740770736083,0.131998796427286,0.136256822118488,0.140514847809691,
0.144772873500894,0.149030899192097,0.1532889248833,0.161804976265705,0.170321027648111,
0.174579053339313,0.178837079030516,0.187353130412922,0.195869181795327,
0.204385233177733,0.208643258868936,0.212901284560138,0.217159310251341,
0.221417335942544,0.225675361633747,0.229933387324949,0.234191413016152,
0.238449438707355,0.242707464398558,0.24696549008976,0.255481541472166,
0.259739567163369,0.263997592854571,0.268255618545774,0.272513644236977,
0.27677166992818),(0.,1.),.UNSPECIFIED.)
GEOMETRIC_REPRESENTATION_ITEM()
RATIONAL_B_SPLINE_SURFACE(((1.,0.707106781186549,1.),(1.,0.707106781186549,
1.),(1.,0.707106781186544,1.),(1.,0.707106781186548,1.),(1.,0.707106781186547,
1.),(1.,0.707106781186547,1.),(1.,0.707106781186548,1.),(1.,0.707106781186548,
1.),(1.,0.707106781186548,1.),(1.,0.707106781186547,1.),(1.,0.707106781186548,
1.),(1.,0.707106781186547,1.),(1.,0.707106781186548,1.),(1.,0.707106781186544,
1.),(1.,0.707106781186552,1.),(1.,0.707106781186544,1.),(1.,0.707106781186549,
1.),(1.,0.707106781186547,1.),(1.,0.707106781186548,1.),(1.,0.707106781186548,
1.),(1.,0.707106781186547,1.),(1.,0.707106781186548,1.),(1.,0.707106781186548,
1.),(1.,0.707106781186548,1.),(1.,0.707106781186548,1.),(1.,0.707106781186548,
1.),(1.,0.70710678118655,1.),(1.,0.707106781186547,1.),(1.,0.707106781186546,
1.),(1.,0.707106781186546,1.),(1.,0.707106781186548,1.),(1.,0.707106781186547,
1.),(1.,0.707106781186548,1.),(1.,0.707106781186548,1.),(1.,0.707106781186547,
1.),(1.,0.707106781186547,1.),(1.,0.707106781186548,1.),(1.,0.707106781186548,
1.),(1.,0.707106781186548,1.),(1.,0.707106781186548,1.),(1.,0.707106781186548,
1.),(1.,0.707106781186547,1.),(1.,0.707106781186548,1.),(1.,0.707106781186548,
1.),(1.,0.707106781186548,1.),(1.,0.707106781186548,1.),(1.,0.707106781186548,
1.),(1.,0.707106781186548,1.),(1.,0.707106781186548,1.),(1.,0.707106781186548,
1.),(1.,0.707106781186548,1.),(1.,0.707106781186548,1.),(1.,0.707106781186547,
1.),(1.,0.707106781186548,1.),(1.,0.707106781186548,1.),(1.,0.707106781186547,
1.),(1.,0.70710678118655,1.),(1.,0.707106781186549,1.)))
REPRESENTATION_ITEM('')
SURFACE()
);
#15=(
BOUNDED_SURFACE()
B_SPLINE_SURFACE(3,2,((#1491,#1492,#1493),(#1494,#1495,#1496),(#1497,#1498,
#1499),(#1500,#1501,#1502),(#1503,#1504,#1505),(#1506,#1507,#1508),(#1509,
#1510,#1511),(#1512,#1513,#1514),(#1515,#1516,#1517),(#1518,#1519,#1520),
(#1521,#1522,#1523),(#1524,#1525,#1526),(#1527,#1528,#1529),(#1530,#1531,
#1532),(#1533,#1534,#1535),(#1536,#1537,#1538),(#1539,#1540,#1541),(#1542,
#1543,#1544),(#1545,#1546,#1547),(#1548,#1549,#1550),(#1551,#1552,#1553),
(#1554,#1555,#1556),(#1557,#1558,#1559),(#1560,#1561,#1562),(#1563,#1564,
#1565),(#1566,#1567,#1568),(#1569,#1570,#1571),(#1572,#1573,#1574),(#1575,
#1576,#1577),(#1578,#1579,#1580),(#1581,#1582,#1583),(#1584,#1585,#1586),
(#1587,#1588,#1589),(#1590,#1591,#1592),(#1593,#1594,#1595),(#1596,#1597,
#1598),(#1599,#1600,#1601),(#1602,#1603,#1604),(#1605,#1606,#1607),(#1608,
#1609,#1610),(#1611,#1612,#1613),(#1614,#1615,#1616),(#1617,#1618,#1619),
(#1620,#1621,#1622),(#1623,#1624,#1625),(#1626,#1627,#1628),(#1629,#1630,
#1631),(#1632,#1633,#1634),(#1635,#1636,#1637),(#1638,#1639,#1640),(#1641,
#1642,#1643),(#1644,#1645,#1646),(#1647,#1648,#1649),(#1650,#1651,#1652),
(#1653,#1654,#1655),(#1656,#1657,#1658),(#1659,#1660,#1661),(#1662,#1663,
#1664),(#1665,#1666,#1667),(#1668,#1669,#1670),(#1671,#1672,#1673),(#1674,
#1675,#1676)),.UNSPECIFIED.,.T.,.F.,.F.)
B_SPLINE_SURFACE_WITH_KNOTS((1,3,1,1,1,1,1,1,1,1,1,1,1,1,1,1,1,1,1,1,1,
1,1,1,1,1,1,1,1,1,1,1,1,1,1,1,1,1,1,1,1,1,1,1,1,1,1,1,1,1,1,1,1,1,1,1,1,
1,1,1,3,1),(3,3),(-0.00401526146660319,0.,0.0020076307333016,0.0040152614666032,
0.00803052293320639,0.0160610458664128,0.020076307333016,0.0240915687996192,
0.0281068302662224,0.0321220917328256,0.0361373531994288,0.040152614666032,
0.0481831375992383,0.0521983990658415,0.0562136605324447,0.0582212912657463,
0.0602289219990479,0.0642441834656511,0.0682594449322543,0.0722747063988575,
0.0803052293320639,0.0883357522652703,0.0963662751984767,0.104396798131683,
0.112427321064889,0.120457843998096,0.124473105464699,0.128488366931302,
0.132503628397905,0.134511259131207,0.136518889864509,0.13852652059781,
0.140534151331112,0.144549412797715,0.148564674264318,0.152579935730921,
0.156595197197525,0.160610458664128,0.162618089397429,0.164625720130731,
0.166633350864033,0.168640981597334,0.172656243063937,0.176671504530541,
0.180686765997144,0.184702027463747,0.192732550396953,0.20076307333016,
0.208793596263366,0.216824119196573,0.224854642129779,0.228869903596382,
0.232885165062985,0.236900426529589,0.240915687996192,0.242923318729493,
0.244930949462795,0.246938580196097,0.248946210929398,0.252961472396001,
0.256976733862605,0.258984364595906),(0.,1.),.UNSPECIFIED.)
GEOMETRIC_REPRESENTATION_ITEM()
RATIONAL_B_SPLINE_SURFACE(((1.,0.707106781186547,1.),(1.,0.707106781186548,
1.),(1.,0.707106781186548,1.),(1.,0.707106781186547,1.),(1.,0.70710678118655,
1.),(1.,0.707106781186548,1.),(1.,0.707106781186545,1.),(1.,0.707106781186549,
1.),(1.,0.707106781186546,1.),(1.,0.707106781186551,1.),(1.,0.707106781186546,
1.),(1.,0.707106781186551,1.),(1.,0.707106781186547,1.),(1.,0.707106781186548,
1.),(1.,0.707106781186548,1.),(1.,0.707106781186547,1.),(1.,0.707106781186548,
1.),(1.,0.707106781186545,1.),(1.,0.707106781186548,1.),(1.,0.707106781186547,
1.),(1.,0.707106781186548,1.),(1.,0.707106781186547,1.),(1.,0.707106781186547,
1.),(1.,0.70710678118655,1.),(1.,0.707106781186547,1.),(1.,0.707106781186547,
1.),(1.,0.707106781186548,1.),(1.,0.707106781186548,1.),(1.,0.707106781186547,
1.),(1.,0.707106781186548,1.),(1.,0.707106781186548,1.),(1.,0.707106781186547,
1.),(1.,0.707106781186548,1.),(1.,0.707106781186548,1.),(1.,0.707106781186548,
1.),(1.,0.707106781186548,1.),(1.,0.707106781186548,1.),(1.,0.707106781186547,
1.),(1.,0.707106781186548,1.),(1.,0.707106781186548,1.),(1.,0.707106781186548,
1.),(1.,0.707106781186548,1.),(1.,0.707106781186548,1.),(1.,0.707106781186547,
1.),(1.,0.707106781186548,1.),(1.,0.707106781186548,1.),(1.,0.707106781186547,
1.),(1.,0.707106781186548,1.),(1.,0.707106781186547,1.),(1.,0.70710678118655,
1.),(1.,0.70710678118655,1.),(1.,0.707106781186547,1.),(1.,0.707106781186548,
1.),(1.,0.707106781186547,1.),(1.,0.707106781186548,1.),(1.,0.707106781186548,
1.),(1.,0.707106781186547,1.),(1.,0.707106781186549,1.),(1.,0.707106781186549,
1.),(1.,0.707106781186545,1.),(1.,0.707106781186547,1.),(1.,0.707106781186547,
1.)))
REPRESENTATION_ITEM('')
SURFACE()
);
#16=(
BOUNDED_SURFACE()
B_SPLINE_SURFACE(3,2,((#1910,#1911,#1912),(#1913,#1914,#1915),(#1916,#1917,
#1918),(#1919,#1920,#1921),(#1922,#1923,#1924),(#1925,#1926,#1927),(#1928,
#1929,#1930),(#1931,#1932,#1933),(#1934,#1935,#1936),(#1937,#1938,#1939),
(#1940,#1941,#1942),(#1943,#1944,#1945),(#1946,#1947,#1948),(#1949,#1950,
#1951),(#1952,#1953,#1954),(#1955,#1956,#1957),(#1958,#1959,#1960),(#1961,
#1962,#1963),(#1964,#1965,#1966),(#1967,#1968,#1969),(#1970,#1971,#1972),
(#1973,#1974,#1975),(#1976,#1977,#1978),(#1979,#1980,#1981),(#1982,#1983,
#1984),(#1985,#1986,#1987),(#1988,#1989,#1990),(#1991,#1992,#1993),(#1994,
#1995,#1996),(#1997,#1998,#1999),(#2000,#2001,#2002),(#2003,#2004,#2005),
(#2006,#2007,#2008),(#2009,#2010,#2011),(#2012,#2013,#2014),(#2015,#2016,
#2017),(#2018,#2019,#2020),(#2021,#2022,#2023),(#2024,#2025,#2026),(#2027,
#2028,#2029),(#2030,#2031,#2032),(#2033,#2034,#2035),(#2036,#2037,#2038),
(#2039,#2040,#2041),(#2042,#2043,#2044),(#2045,#2046,#2047),(#2048,#2049,
#2050),(#2051,#2052,#2053),(#2054,#2055,#2056),(#2057,#2058,#2059),(#2060,
#2061,#2062),(#2063,#2064,#2065),(#2066,#2067,#2068),(#2069,#2070,#2071),
(#2072,#2073,#2074),(#2075,#2076,#2077),(#2078,#2079,#2080),(#2081,#2082,
#2083),(#2084,#2085,#2086),(#2087,#2088,#2089),(#2090,#2091,#2092),(#2093,
#2094,#2095),(#2096,#2097,#2098),(#2099,#2100,#2101),(#2102,#2103,#2104),
(#2105,#2106,#2107),(#2108,#2109,#2110),(#2111,#2112,#2113),(#2114,#2115,
#2116)),.UNSPECIFIED.,.T.,.F.,.F.)
B_SPLINE_SURFACE_WITH_KNOTS((1,3,1,1,1,1,1,1,1,1,1,1,1,1,1,1,1,1,1,1,1,
1,1,1,1,1,1,1,1,1,1,1,1,1,1,1,1,1,1,1,1,1,1,1,1,1,1,1,1,1,1,1,1,1,1,1,1,
1,1,1,1,1,1,1,1,1,1,3,1),(3,3),(-0.000305534424961548,0.,0.000305534424961545,
0.00061106884992309,0.00122213769984618,0.00183320654976927,0.00244427539969236,
0.00366641309953854,0.00488855079938472,0.0061106884992309,0.00733282619907708,
0.00977710159876943,0.0122213769984618,0.0146656523981542,0.0171099277978465,
0.0195542031975389,0.0207763408973851,0.0219984785972312,0.0232206162970774,
0.0244427539969236,0.0250538228468467,0.0256648916967698,0.0262759605466929,
0.0265814949716544,0.0268870293966159,0.0271925638215775,0.027498098246539,
0.0278036326715006,0.0281091670964621,0.0284147015214237,0.0287202359463852,
0.0293313047963083,0.0299423736462314,0.0305534424961545,0.0317755801960007,
0.0329977178958468,0.034219855595693,0.0354419932955392,0.0366641309953854,
0.0378862686952316,0.0391084063950777,0.0403305440949239,0.0415526817947701,
0.0439969571944625,0.0464412325941548,0.0488855079938472,0.0513297833935395,
0.0537740587932319,0.0562183341929243,0.0586626095926166,0.061106884992309,
0.0635511603920013,0.0659954357916937,0.0672175734915399,0.068439711191386,
0.0696618488912322,0.0708839865910784,0.0721061242909246,0.0733282619907708,
0.0745503996906169,0.07516146854054,0.0757725373904631,0.0763836062403862,
0.0769946750903093,0.0773002095152708,0.0776057439402324,0.0779112783651939,
0.0782168127901555,0.078522347215117),(0.,1.),.UNSPECIFIED.)
GEOMETRIC_REPRESENTATION_ITEM()
RATIONAL_B_SPLINE_SURFACE(((1.,0.707106781186547,1.),(1.,0.707106781186547,
1.),(1.,0.707106781186548,1.),(1.,0.707106781186548,1.),(1.,0.707106781186548,
1.),(1.,0.707106781186547,1.),(1.,0.707106781186548,1.),(1.,0.707106781186547,
1.),(1.,0.707106781186548,1.),(1.,0.707106781186549,1.),(1.,0.707106781186543,
1.),(1.,0.707106781186549,1.),(1.,0.707106781186547,1.),(1.,0.707106781186548,
1.),(1.,0.707106781186548,1.),(1.,0.707106781186548,1.),(1.,0.707106781186547,
1.),(1.,0.707106781186547,1.),(1.,0.707106781186548,1.),(1.,0.707106781186547,
1.),(1.,0.707106781186547,1.),(1.,0.707106781186547,1.),(1.,0.707106781186547,
1.),(1.,0.707106781186548,1.),(1.,0.707106781186547,1.),(1.,0.707106781186548,
1.),(1.,0.707106781186545,1.),(1.,0.707106781186548,1.),(1.,0.707106781186547,
1.),(1.,0.707106781186548,1.),(1.,0.707106781186547,1.),(1.,0.707106781186548,
1.),(1.,0.707106781186548,1.),(1.,0.707106781186547,1.),(1.,0.707106781186548,
1.),(1.,0.707106781186547,1.),(1.,0.707106781186547,1.),(1.,0.707106781186548,
1.),(1.,0.707106781186548,1.),(1.,0.707106781186547,1.),(1.,0.707106781186548,
1.),(1.,0.707106781186548,1.),(1.,0.707106781186547,1.),(1.,0.70710678118655,
1.),(1.,0.707106781186546,1.),(1.,0.70710678118655,1.),(1.,0.707106781186547,
1.),(1.,0.707106781186547,1.),(1.,0.707106781186548,1.),(1.,0.707106781186547,
1.),(1.,0.707106781186548,1.),(1.,0.707106781186547,1.),(1.,0.707106781186549,
1.),(1.,0.707106781186547,1.),(1.,0.707106781186547,1.),(1.,0.707106781186547,
1.),(1.,0.707106781186548,1.),(1.,0.707106781186548,1.),(1.,0.707106781186547,
1.),(1.,0.707106781186549,1.),(1.,0.707106781186545,1.),(1.,0.70710678118655,
1.),(1.,0.707106781186547,1.),(1.,0.707106781186548,1.),(1.,0.707106781186548,
1.),(1.,0.707106781186548,1.),(1.,0.707106781186548,1.),(1.,0.707106781186547,
1.),(1.,0.707106781186547,1.)))
REPRESENTATION_ITEM('')
SURFACE()
);
#17=(
BOUNDED_SURFACE()
B_SPLINE_SURFACE(3,2,((#2117,#2118,#2119),(#2120,#2121,#2122),(#2123,#2124,
#2125),(#2126,#2127,#2128),(#2129,#2130,#2131),(#2132,#2133,#2134),(#2135,
#2136,#2137),(#2138,#2139,#2140),(#2141,#2142,#2143),(#2144,#2145,#2146),
(#2147,#2148,#2149),(#2150,#2151,#2152),(#2153,#2154,#2155),(#2156,#2157,
#2158),(#2159,#2160,#2161),(#2162,#2163,#2164),(#2165,#2166,#2167),(#2168,
#2169,#2170),(#2171,#2172,#2173),(#2174,#2175,#2176),(#2177,#2178,#2179),
(#2180,#2181,#2182),(#2183,#2184,#2185),(#2186,#2187,#2188),(#2189,#2190,
#2191),(#2192,#2193,#2194),(#2195,#2196,#2197),(#2198,#2199,#2200),(#2201,
#2202,#2203),(#2204,#2205,#2206),(#2207,#2208,#2209),(#2210,#2211,#2212),
(#2213,#2214,#2215),(#2216,#2217,#2218),(#2219,#2220,#2221),(#2222,#2223,
#2224),(#2225,#2226,#2227),(#2228,#2229,#2230),(#2231,#2232,#2233)),
 .UNSPECIFIED.,.T.,.F.,.F.)
B_SPLINE_SURFACE_WITH_KNOTS((1,3,1,1,1,1,1,1,1,1,1,1,1,1,1,1,1,1,1,1,1,
1,1,1,1,1,1,1,1,1,1,1,1,1,1,1,1,3,1),(3,3),(-0.00147520015950657,0.,0.00147520015950657,
0.00295040031901314,0.00442560047851971,0.00590080063802628,0.00885120095703941,
0.0118016012760526,0.0147520015950657,0.0177024019140788,0.020652802233092,
0.0236032025521051,0.0295040031901314,0.0354048038281577,0.0383552041471708,
0.0413056044661839,0.0442560047851971,0.0472064051042102,0.0501568054232233,
0.0531072057422365,0.0560576060612496,0.0590080063802628,0.0619584066992759,
0.0634336068587825,0.064908807018289,0.0663840071777956,0.0678592073373022,
0.0708096076563153,0.0737600079753284,0.0767104082943416,0.0796608086133547,
0.0826112089323679,0.085561609251381,0.0885120095703942,0.0899872097299007,
0.0914624098894073,0.0929376100489138,0.0944128102084204,0.095888010367927),
(0.,1.),.UNSPECIFIED.)
GEOMETRIC_REPRESENTATION_ITEM()
RATIONAL_B_SPLINE_SURFACE(((1.,0.707106781186542,1.),(1.,0.707106781186542,
1.),(1.,0.707106781186543,1.),(1.,0.70710678118655,1.),(1.,0.707106781186541,
1.),(1.,0.707106781186551,1.),(1.,0.707106781186547,1.),(1.,0.707106781186547,
1.),(1.,0.707106781186553,1.),(1.,0.707106781186547,1.),(1.,0.707106781186547,
1.),(1.,0.707106781186554,1.),(1.,0.707106781186541,1.),(1.,0.70710678118656,
1.),(1.,0.707106781186535,1.),(1.,0.707106781186548,1.),(1.,0.707106781186558,
1.),(1.,0.707106781186543,1.),(1.,0.707106781186555,1.),(1.,0.707106781186545,
1.),(1.,0.707106781186552,1.),(1.,0.707106781186553,1.),(1.,0.707106781186543,
1.),(1.,0.707106781186555,1.),(1.,0.707106781186547,1.),(1.,0.707106781186543,
1.),(1.,0.707106781186559,1.),(1.,0.707106781186541,1.),(1.,0.707106781186559,
1.),(1.,0.707106781186537,1.),(1.,0.707106781186556,1.),(1.,0.707106781186545,
1.),(1.,0.707106781186547,1.),(1.,0.707106781186551,1.),(1.,0.707106781186547,
1.),(1.,0.707106781186548,1.),(1.,0.707106781186546,1.),(1.,0.707106781186543,
1.),(1.,0.707106781186542,1.)))
REPRESENTATION_ITEM('')
SURFACE()
);
#18=(
BOUNDED_SURFACE()
B_SPLINE_SURFACE(3,2,((#2234,#2235,#2236),(#2237,#2238,#2239),(#2240,#2241,
#2242),(#2243,#2244,#2245),(#2246,#2247,#2248),(#2249,#2250,#2251),(#2252,
#2253,#2254),(#2255,#2256,#2257),(#2258,#2259,#2260),(#2261,#2262,#2263),
(#2264,#2265,#2266),(#2267,#2268,#2269),(#2270,#2271,#2272),(#2273,#2274,
#2275),(#2276,#2277,#2278),(#2279,#2280,#2281),(#2282,#2283,#2284),(#2285,
#2286,#2287),(#2288,#2289,#2290),(#2291,#2292,#2293),(#2294,#2295,#2296),
(#2297,#2298,#2299),(#2300,#2301,#2302),(#2303,#2304,#2305),(#2306,#2307,
#2308),(#2309,#2310,#2311),(#2312,#2313,#2314),(#2315,#2316,#2317),(#2318,
#2319,#2320),(#2321,#2322,#2323),(#2324,#2325,#2326),(#2327,#2328,#2329),
(#2330,#2331,#2332),(#2333,#2334,#2335),(#2336,#2337,#2338),(#2339,#2340,
#2341),(#2342,#2343,#2344),(#2345,#2346,#2347),(#2348,#2349,#2350),(#2351,
#2352,#2353),(#2354,#2355,#2356),(#2357,#2358,#2359)),.UNSPECIFIED.,.T.,
 .F.,.F.)
B_SPLINE_SURFACE_WITH_KNOTS((1,3,1,1,1,1,1,1,1,1,1,1,1,1,1,1,1,1,1,1,1,
1,1,1,1,1,1,1,1,1,1,1,1,1,1,1,1,1,1,1,3,1),(3,3),(-0.00157364543805631,
0.,0.00157364543805631,0.00314729087611262,0.00472093631416894,0.00629458175222525,
0.00944187262833787,0.0125891635044505,0.0157364543805631,0.0188837452566757,
0.0220310361327884,0.025178327008901,0.0267519724469573,0.0283256178850136,
0.0298992633230699,0.0314729087611262,0.0330465541991825,0.0346201996372389,
0.0361938450752952,0.0377674905133515,0.0393411359514078,0.0409147813894641,
0.0440620722655767,0.0472093631416894,0.050356654017802,0.0519302994558583,
0.0535039448939146,0.0566512357700272,0.0597985266461398,0.0629458175222525,
0.0692403992744777,0.075534981026703,0.0786822719028156,0.0818295627789282,
0.0849768536550408,0.0881241445311535,0.0912714354072661,0.0944187262833787,
0.0975660171594913,0.0991396625975476,0.100713308035604,0.10228695347366),
(0.0436715711645616,1.),.UNSPECIFIED.)
GEOMETRIC_REPRESENTATION_ITEM()
RATIONAL_B_SPLINE_SURFACE(((0.975535001385472,0.719897888235574,1.),(0.975535001385472,
0.719897888235574,1.),(0.975535001385472,0.71989788823558,1.),(0.975535001385472,
0.71989788823558,1.),(0.975535001385472,0.71989788823558,1.),(0.975535001385472,
0.719897888235581,1.),(0.975535001385472,0.719897888235575,1.),(0.975535001385472,
0.71989788823558,1.),(0.975535001385472,0.719897888235576,1.),(0.975535001385472,
0.719897888235576,1.),(0.975535001385472,0.719897888235579,1.),(0.975535001385472,
0.719897888235579,1.),(0.975535001385472,0.719897888235573,1.),(0.975535001385472,
0.719897888235572,1.),(0.975535001385472,0.719897888235579,1.),(0.975535001385471,
0.719897888235571,1.),(0.975535001385472,0.719897888235577,1.),(0.975535001385472,
0.719897888235582,1.),(0.975535001385472,0.719897888235574,1.),(0.975535001385472,
0.719897888235583,1.),(0.975535001385472,0.719897888235574,1.),(0.975535001385472,
0.719897888235584,1.),(0.975535001385472,0.719897888235574,1.),(0.975535001385472,
0.71989788823558,1.),(0.975535001385473,0.719897888235586,1.),(0.975535001385471,
0.719897888235569,1.),(0.975535001385473,0.719897888235587,1.),(0.975535001385472,
0.719897888235573,1.),(0.975535001385472,0.719897888235578,1.),(0.975535001385472,
0.719897888235574,1.),(0.975535001385473,0.719897888235591,1.),(0.975535001385471,
0.719897888235569,1.),(0.975535001385472,0.719897888235578,1.),(0.975535001385472,
0.719897888235578,1.),(0.975535001385471,0.719897888235571,1.),(0.975535001385472,
0.719897888235579,1.),(0.975535001385472,0.719897888235575,1.),(0.975535001385472,
0.719897888235583,1.),(0.975535001385472,0.719897888235576,1.),(0.975535001385472,
0.719897888235577,1.),(0.975535001385472,0.719897888235573,1.),(0.975535001385472,
0.719897888235574,1.)))
REPRESENTATION_ITEM('')
SURFACE()
);
#19=(
BOUNDED_SURFACE()
B_SPLINE_SURFACE(3,2,((#2405,#2406,#2407),(#2408,#2409,#2410),(#2411,#2412,
#2413),(#2414,#2415,#2416),(#2417,#2418,#2419),(#2420,#2421,#2422),(#2423,
#2424,#2425),(#2426,#2427,#2428),(#2429,#2430,#2431),(#2432,#2433,#2434),
(#2435,#2436,#2437),(#2438,#2439,#2440),(#2441,#2442,#2443),(#2444,#2445,
#2446),(#2447,#2448,#2449),(#2450,#2451,#2452),(#2453,#2454,#2455),(#2456,
#2457,#2458),(#2459,#2460,#2461),(#2462,#2463,#2464),(#2465,#2466,#2467),
(#2468,#2469,#2470),(#2471,#2472,#2473),(#2474,#2475,#2476),(#2477,#2478,
#2479),(#2480,#2481,#2482),(#2483,#2484,#2485),(#2486,#2487,#2488),(#2489,
#2490,#2491),(#2492,#2493,#2494),(#2495,#2496,#2497),(#2498,#2499,#2500),
(#2501,#2502,#2503),(#2504,#2505,#2506),(#2507,#2508,#2509),(#2510,#2511,
#2512),(#2513,#2514,#2515),(#2516,#2517,#2518),(#2519,#2520,#2521),(#2522,
#2523,#2524)),.UNSPECIFIED.,.T.,.F.,.F.)
B_SPLINE_SURFACE_WITH_KNOTS((1,3,1,1,1,1,1,1,1,1,1,1,1,1,1,1,1,1,1,1,1,
1,1,1,1,1,1,1,1,1,1,1,1,1,1,1,1,1,3,1),(3,3),(-0.00374815699193184,0.,0.00187407849596593,
0.00374815699193185,0.00562223548789778,0.0074963139838637,0.0112444709757956,
0.0149926279677274,0.0187407849596593,0.0224889419515911,0.026237098943523,
0.0281111774394889,0.0299852559354548,0.0337334129273867,0.0356074914233526,
0.0374815699193185,0.0393556484152844,0.0412297269112504,0.0449778839031822,
0.0487260408951141,0.0524741978870459,0.0562223548789778,0.0599705118709096,
0.0637186688628415,0.0674668258547733,0.0712149828467052,0.074963139838637,
0.0787112968305688,0.0824594538225007,0.0862076108144326,0.0899557678063644,
0.0937039247982963,0.0974520817902281,0.10120023878216,0.104948395774092,
0.108696552766024,0.112444709757956,0.116192866749887,0.119941023741819,
0.121815102237785),(0.,1.),.UNSPECIFIED.)
GEOMETRIC_REPRESENTATION_ITEM()
RATIONAL_B_SPLINE_SURFACE(((1.,0.728868986855662,1.),(1.,0.728868986855663,
1.),(1.,0.728868986855666,1.),(1.,0.72886898685566,1.),(1.,0.728868986855663,
1.),(1.,0.728868986855661,1.),(1.,0.728868986855662,1.),(1.,0.728868986855662,
1.),(1.,0.728868986855661,1.),(1.,0.728868986855662,1.),(1.,0.728868986855662,
1.),(1.,0.728868986855662,1.),(1.,0.728868986855662,1.),(1.,0.728868986855662,
1.),(1.,0.728868986855662,1.),(1.,0.728868986855662,1.),(1.,0.728868986855662,
1.),(1.,0.728868986855662,1.),(1.,0.728868986855662,1.),(1.,0.728868986855664,
1.),(1.,0.728868986855662,1.),(1.,0.728868986855662,1.),(1.,0.728868986855661,
1.),(1.,0.728868986855663,1.),(1.,0.728868986855662,1.),(1.,0.728868986855662,
1.),(1.,0.728868986855664,1.),(1.,0.72886898685566,1.),(1.,0.728868986855663,
1.),(1.,0.728868986855662,1.),(1.,0.728868986855662,1.),(1.,0.728868986855662,
1.),(1.,0.728868986855661,1.),(1.,0.728868986855664,1.),(1.,0.728868986855661,
1.),(1.,0.728868986855664,1.),(1.,0.728868986855661,1.),(1.,0.728868986855663,
1.),(1.,0.72886898685566,1.),(1.,0.728868986855662,1.)))
REPRESENTATION_ITEM('')
SURFACE()
);
#20=B_SPLINE_SURFACE_WITH_KNOTS('',3,1,((#708,#709),(#710,#711),(#712,#713),
(#714,#715),(#716,#717),(#718,#719),(#720,#721),(#722,#723),(#724,#725),
(#726,#727),(#728,#729),(#730,#731),(#732,#733),(#734,#735),(#736,#737),
(#738,#739),(#740,#741),(#742,#743),(#744,#745)),
 .SURF_OF_LINEAR_EXTRUSION.,.T.,.F.,.F.,(1,1,1,1,1,1,1,1,1,1,1,1,1,1,1,
1,1,1,1,1,1,1,1),(2,2),(-1.17809724509617,-0.785398163397448,-0.392699081698725,
0.,0.392699081698724,0.785398163397448,1.17809724509617,1.5707963267949,
1.96349540849362,2.35619449019234,2.74889357189107,3.14159265358979,3.53429173528852,
3.92699081698724,4.31968989868597,4.71238898038469,5.10508806208341,5.49778714378214,
5.89048622548086,6.28318530717959,6.67588438887831,7.06858347057703,7.46128255227576),
(0.,1.),.UNSPECIFIED.);
#21=B_SPLINE_SURFACE_WITH_KNOTS('',3,1,((#753,#754),(#755,#756),(#757,#758),
(#759,#760),(#761,#762),(#763,#764),(#765,#766),(#767,#768),(#769,#770),
(#771,#772),(#773,#774),(#775,#776),(#777,#778),(#779,#780),(#781,#782),
(#783,#784),(#785,#786),(#787,#788),(#789,#790)),
 .SURF_OF_LINEAR_EXTRUSION.,.T.,.F.,.F.,(1,1,1,1,1,1,1,1,1,1,1,1,1,1,1,
1,1,1,1,1,1,1,1),(2,2),(-1.17809724509617,-0.785398163397448,-0.392699081698725,
0.,0.392699081698724,0.785398163397448,1.17809724509617,1.5707963267949,
1.96349540849362,2.35619449019234,2.74889357189107,3.14159265358979,3.53429173528852,
3.92699081698724,4.31968989868597,4.71238898038469,5.10508806208341,5.49778714378214,
5.89048622548086,6.28318530717959,6.67588438887831,7.06858347057703,7.46128255227576),
(0.,1.),.UNSPECIFIED.);
#22=B_SPLINE_SURFACE_WITH_KNOTS('',3,1,((#840,#841),(#842,#843),(#844,#845),
(#846,#847),(#848,#849),(#850,#851),(#852,#853),(#854,#855),(#856,#857),
(#858,#859)),.SURF_OF_LINEAR_EXTRUSION.,.T.,.F.,.F.,(1,3,1,1,1,1,1,1,3,
1),(2,2),(-0.13545330576624,0.,0.136851486580367,0.291778203754422,0.430499912298039,
0.568917671686522,0.710071070740841,0.86454669423376,1.,1.13685148658037),
(0.,1.),.UNSPECIFIED.);
#23=B_SPLINE_SURFACE_WITH_KNOTS('',3,1,((#1810,#1811),(#1812,#1813),(#1814,
#1815),(#1816,#1817),(#1818,#1819),(#1820,#1821),(#1822,#1823),(#1824,#1825),
(#1826,#1827)),.SURF_OF_LINEAR_EXTRUSION.,.T.,.F.,.F.,(1,3,1,1,1,1,1,3,
1),(2,2),(-0.154603857902435,0.,0.140632427147291,0.30483806152689,0.543514984880323,
0.710844819236646,0.845396142097564,1.,1.14063242714729),(0.,1.),
 .UNSPECIFIED.);
#24=ELLIPSE('',#383,0.0111156540594522,0.010500758884114);
#25=ELLIPSE('',#385,0.0111413279694411,0.00807482294300103);
#26=ELLIPSE('',#386,0.0111156540594522,0.010500758884114);
#27=ELLIPSE('',#387,0.0111413279694411,0.00807482294300103);
#28=TOROIDAL_SURFACE('',#371,0.068,0.0025);
#29=TOROIDAL_SURFACE('',#380,0.068,0.0025);
#30=CONICAL_SURFACE('',#368,0.07,0.785398163397449);
#31=CONICAL_SURFACE('',#375,0.07,0.785398163397449);
#32=CYLINDRICAL_SURFACE('',#362,0.0825);
#33=CYLINDRICAL_SURFACE('',#369,0.0655);
#34=CYLINDRICAL_SURFACE('',#376,0.0655);
#35=CYLINDRICAL_SURFACE('',#391,0.00435740124042471);
#36=CIRCLE('',#361,0.0655);
#37=CIRCLE('',#363,0.0825);
#38=CIRCLE('',#364,0.0825);
#39=CIRCLE('',#366,0.068);
#40=CIRCLE('',#367,0.07);
#41=CIRCLE('',#370,0.0655);
#42=CIRCLE('',#373,0.068);
#43=CIRCLE('',#374,0.07);
#44=CIRCLE('',#377,0.0655);
#45=CIRCLE('',#378,0.0655);
#46=CIRCLE('',#382,0.00435740124042471);
#47=CIRCLE('',#392,0.00435740124042471);
#48=ORIENTED_EDGE('',*,*,#110,.T.);
#49=ORIENTED_EDGE('',*,*,#111,.T.);
#50=ORIENTED_EDGE('',*,*,#112,.T.);
#51=ORIENTED_EDGE('',*,*,#113,.T.);
#52=ORIENTED_EDGE('',*,*,#114,.T.);
#53=ORIENTED_EDGE('',*,*,#115,.T.);
#54=ORIENTED_EDGE('',*,*,#116,.F.);
#55=ORIENTED_EDGE('',*,*,#117,.T.);
#56=ORIENTED_EDGE('',*,*,#118,.T.);
#57=ORIENTED_EDGE('',*,*,#115,.F.);
#58=ORIENTED_EDGE('',*,*,#118,.F.);
#59=ORIENTED_EDGE('',*,*,#119,.T.);
#60=ORIENTED_EDGE('',*,*,#114,.F.);
#61=ORIENTED_EDGE('',*,*,#117,.F.);
#62=ORIENTED_EDGE('',*,*,#119,.F.);
#63=ORIENTED_EDGE('',*,*,#120,.F.);
#64=ORIENTED_EDGE('',*,*,#121,.F.);
#65=ORIENTED_EDGE('',*,*,#116,.T.);
#66=ORIENTED_EDGE('',*,*,#121,.T.);
#67=ORIENTED_EDGE('',*,*,#122,.F.);
#68=ORIENTED_EDGE('',*,*,#123,.T.);
#69=ORIENTED_EDGE('',*,*,#123,.F.);
#70=ORIENTED_EDGE('',*,*,#120,.T.);
#71=ORIENTED_EDGE('',*,*,#122,.T.);
#72=ORIENTED_EDGE('',*,*,#124,.F.);
#73=ORIENTED_EDGE('',*,*,#125,.T.);
#74=ORIENTED_EDGE('',*,*,#126,.T.);
#75=ORIENTED_EDGE('',*,*,#127,.T.);
#76=ORIENTED_EDGE('',*,*,#128,.T.);
#77=ORIENTED_EDGE('',*,*,#125,.F.);
#78=ORIENTED_EDGE('',*,*,#129,.T.);
#79=ORIENTED_EDGE('',*,*,#126,.F.);
#80=ORIENTED_EDGE('',*,*,#129,.F.);
#81=ORIENTED_EDGE('',*,*,#127,.F.);
#82=ORIENTED_EDGE('',*,*,#130,.T.);
#83=ORIENTED_EDGE('',*,*,#131,.T.);
#84=ORIENTED_EDGE('',*,*,#132,.T.);
#85=ORIENTED_EDGE('',*,*,#111,.F.);
#86=ORIENTED_EDGE('',*,*,#131,.F.);
#87=ORIENTED_EDGE('',*,*,#132,.F.);
#88=ORIENTED_EDGE('',*,*,#128,.F.);
#89=ORIENTED_EDGE('',*,*,#130,.F.);
#90=ORIENTED_EDGE('',*,*,#113,.F.);
#91=ORIENTED_EDGE('',*,*,#133,.F.);
#92=ORIENTED_EDGE('',*,*,#133,.T.);
#93=ORIENTED_EDGE('',*,*,#112,.F.);
#94=ORIENTED_EDGE('',*,*,#134,.T.);
#95=ORIENTED_EDGE('',*,*,#135,.T.);
#96=ORIENTED_EDGE('',*,*,#136,.T.);
#97=ORIENTED_EDGE('',*,*,#137,.T.);
#98=ORIENTED_EDGE('',*,*,#138,.T.);
#99=ORIENTED_EDGE('',*,*,#136,.F.);
#100=ORIENTED_EDGE('',*,*,#138,.F.);
#101=ORIENTED_EDGE('',*,*,#137,.F.);
#102=ORIENTED_EDGE('',*,*,#134,.F.);
#103=ORIENTED_EDGE('',*,*,#139,.T.);
#104=ORIENTED_EDGE('',*,*,#135,.F.);
#105=ORIENTED_EDGE('',*,*,#140,.F.);
#106=ORIENTED_EDGE('',*,*,#124,.T.);
#107=ORIENTED_EDGE('',*,*,#140,.T.);
#108=ORIENTED_EDGE('',*,*,#139,.F.);
#109=ORIENTED_EDGE('',*,*,#110,.F.);
#110=EDGE_CURVE('',#141,#141,#171,.T.);
#111=EDGE_CURVE('',#142,#142,#172,.T.);
#112=EDGE_CURVE('',#143,#143,#173,.T.);
#113=EDGE_CURVE('',#144,#144,#174,.T.);
#114=EDGE_CURVE('',#145,#145,#36,.T.);
#115=EDGE_CURVE('',#146,#146,#37,.F.);
#116=EDGE_CURVE('',#147,#147,#38,.F.);
#117=EDGE_CURVE('',#148,#148,#39,.F.);
#118=EDGE_CURVE('',#149,#149,#40,.T.);
#119=EDGE_CURVE('',#150,#150,#41,.T.);
#120=EDGE_CURVE('',#151,#151,#42,.F.);
#121=EDGE_CURVE('',#152,#152,#43,.T.);
#122=EDGE_CURVE('',#153,#153,#44,.T.);
#123=EDGE_CURVE('',#154,#154,#45,.T.);
#124=EDGE_CURVE('',#155,#155,#46,.T.);
#125=EDGE_CURVE('',#156,#156,#24,.T.);
#126=EDGE_CURVE('',#157,#157,#25,.T.);
#127=EDGE_CURVE('',#158,#159,#26,.T.);
#128=EDGE_CURVE('',#159,#158,#175,.T.);
#129=EDGE_CURVE('',#160,#160,#27,.T.);
#130=EDGE_CURVE('',#158,#159,#176,.T.);
#131=EDGE_CURVE('',#161,#161,#177,.T.);
#132=EDGE_CURVE('',#162,#162,#178,.T.);
#133=EDGE_CURVE('',#163,#163,#179,.T.);
#134=EDGE_CURVE('',#164,#164,#180,.T.);
#135=EDGE_CURVE('',#165,#165,#181,.T.);
#136=EDGE_CURVE('',#166,#166,#182,.T.);
#137=EDGE_CURVE('',#167,#167,#183,.T.);
#138=EDGE_CURVE('',#168,#168,#184,.T.);
#139=EDGE_CURVE('',#169,#169,#185,.T.);
#140=EDGE_CURVE('',#170,#170,#47,.T.);
#141=VERTEX_POINT('',#508);
#142=VERTEX_POINT('',#556);
#143=VERTEX_POINT('',#613);
#144=VERTEX_POINT('',#669);
#145=VERTEX_POINT('',#671);
#146=VERTEX_POINT('',#674);
#147=VERTEX_POINT('',#676);
#148=VERTEX_POINT('',#679);
#149=VERTEX_POINT('',#681);
#150=VERTEX_POINT('',#685);
#151=VERTEX_POINT('',#689);
#152=VERTEX_POINT('',#691);
#153=VERTEX_POINT('',#695);
#154=VERTEX_POINT('',#697);
#155=VERTEX_POINT('',#702);
#156=VERTEX_POINT('',#704);
#157=VERTEX_POINT('',#707);
#158=VERTEX_POINT('',#747);
#159=VERTEX_POINT('',#748);
#160=VERTEX_POINT('',#792);
#161=VERTEX_POINT('',#903);
#162=VERTEX_POINT('',#955);
#163=VERTEX_POINT('',#1490);
#164=VERTEX_POINT('',#1719);
#165=VERTEX_POINT('',#1760);
#166=VERTEX_POINT('',#1809);
#167=VERTEX_POINT('',#1867);
#168=VERTEX_POINT('',#1909);
#169=VERTEX_POINT('',#2400);
#170=VERTEX_POINT('',#2403);
#171=B_SPLINE_CURVE_WITH_KNOTS('',3,(#468,#469,#470,#471,#472,#473,#474,
#475,#476,#477,#478,#479,#480,#481,#482,#483,#484,#485,#486,#487,#488,#489,
#490,#491,#492,#493,#494,#495,#496,#497,#498,#499,#500,#501,#502,#503,#504,
#505,#506,#507),.UNSPECIFIED.,.T.,.F.,(1,1,1,1,1,1,1,1,1,1,1,1,1,1,1,1,
1,1,1,1,1,1,1,1,1,1,1,1,1,1,1,1,1,1,1,1,1,1,1,1,1,1,1,1),(-0.0114185927508466,
-0.00761239516723104,-0.00380619758361551,1.76907777093865E-17,0.00380619758361554,
0.00761239516723107,0.0114185927508466,0.0133216915426544,0.0152247903344621,
0.0171278891262699,0.0190309879180776,0.0209340867098854,0.0228371855016932,
0.0266433830853087,0.0304495806689242,0.0342557782525398,0.0361588770443475,
0.0380619758361553,0.0418681734197708,0.0456743710033863,0.0494805685870019,
0.0532867661706174,0.0608991613378484,0.064705358921464,0.0685115565050795,
0.072317754088695,0.0761239516723105,0.0799301492559261,0.0837363468395416,
0.0875425444231571,0.0913487420067726,0.0951549395903881,0.0970580383821959,
0.0989611371740037,0.100864235965811,0.102767334757619,0.106573532341235,
0.11037972992485,0.114185927508466,0.117992125092081,0.121798322675697,
0.125604520259312,0.129410717842928,0.133216915426543),.UNSPECIFIED.);
#172=B_SPLINE_CURVE_WITH_KNOTS('',3,(#509,#510,#511,#512,#513,#514,#515,
#516,#517,#518,#519,#520,#521,#522,#523,#524,#525,#526,#527,#528,#529,#530,
#531,#532,#533,#534,#535,#536,#537,#538,#539,#540,#541,#542,#543,#544,#545,
#546,#547,#548,#549,#550,#551,#552,#553,#554,#555),.UNSPECIFIED.,.T.,.F.,
(1,1,1,1,1,1,1,1,1,1,1,1,1,1,1,1,1,1,1,1,1,1,1,1,1,1,1,1,1,1,1,1,1,1,1,
1,1,1,1,1,1,1,1,1,1,1,1,1,1,1,1),(-0.0160851726304517,-0.0107234484203012,
-0.00536172421015058,0.,0.00536172421015057,0.00804258631522586,0.0107234484203011,
0.0160851726304517,0.018766034735527,0.0214468968406023,0.0241277589456776,
0.0268086210507529,0.0294894831558282,0.0321703452609034,0.037532069471054,
0.0428937936812046,0.0482555178913552,0.0536172421015057,0.0589789663116563,
0.0643406905218069,0.0670215526268822,0.0697024147319575,0.0723832768370328,
0.075064138942108,0.0777450010471833,0.0804258631522586,0.0857875873624092,
0.0911493115725598,0.093830173677635,0.0965110357827103,0.0991918978877856,
0.101872759992861,0.104553622097936,0.107234484203011,0.112596208413162,
0.117957932623313,0.123319656833463,0.128681381043614,0.134043105253764,
0.139404829463915,0.144766553674066,0.147447415779141,0.150128277884216,
0.152809139989291,0.155490002094367,0.160851726304517,0.166213450514668,
0.171575174724818,0.176936898934969,0.179617761040044,0.18229862314512),
 .UNSPECIFIED.);
#173=B_SPLINE_CURVE_WITH_KNOTS('',3,(#557,#558,#559,#560,#561,#562,#563,
#564,#565,#566,#567,#568,#569,#570,#571,#572,#573,#574,#575,#576,#577,#578,
#579,#580,#581,#582,#583,#584,#585,#586,#587,#588,#589,#590,#591,#592,#593,
#594,#595,#596,#597,#598,#599,#600,#601,#602,#603,#604,#605,#606,#607,#608,
#609,#610,#611,#612),.UNSPECIFIED.,.T.,.F.,(1,1,1,1,1,1,1,1,1,1,1,1,1,1,
1,1,1,1,1,1,1,1,1,1,1,1,1,1,1,1,1,1,1,1,1,1,1,1,1,1,1,1,1,1,1,1,1,1,1,1,
1,1,1,1,1,1,1,1,1,1),(-0.0122051918199637,-0.00813679454664246,-0.00406839727332126,
0.,0.00406839727332123,0.00813679454664245,0.0122051918199637,0.0162735890932849,
0.0203419863666061,0.0244103836399274,0.0284787809132486,0.0325471781865698,
0.036615575459891,0.0406839727332123,0.0447523700065335,0.0488207672798547,
0.0569575618264972,0.0650943563731396,0.0732311509197821,0.0813679454664245,
0.089504740013067,0.0976415345597094,0.105778329106352,0.109846726379673,
0.113915123652994,0.115949322289655,0.117983520926316,0.122051918199637,
0.126120315472958,0.130188712746279,0.1342571100196,0.138325507292922,0.142393904566243,
0.144428103202904,0.146462301839564,0.150530699112885,0.154599096386207,
0.158667493659528,0.162735890932849,0.170872685479491,0.179009480026134,
0.187146274572776,0.195283069119419,0.203419863666061,0.211556658212704,
0.215625055486025,0.219693452759346,0.223761850032667,0.227830247305989,
0.23189864457931,0.235967041852631,0.240035439125952,0.244103836399274,
0.248172233672595,0.252240630945916,0.256309028219237,0.260377425492558,
0.26444582276588,0.268514220039201,0.272582617312522),.UNSPECIFIED.);
#174=B_SPLINE_CURVE_WITH_KNOTS('',3,(#615,#616,#617,#618,#619,#620,#621,
#622,#623,#624,#625,#626,#627,#628,#629,#630,#631,#632,#633,#634,#635,#636,
#637,#638,#639,#640,#641,#642,#643,#644,#645,#646,#647,#648,#649,#650,#651,
#652,#653,#654,#655,#656,#657,#658,#659,#660,#661,#662,#663,#664,#665,#666,
#667,#668),.UNSPECIFIED.,.T.,.F.,(1,1,1,1,1,1,1,1,1,1,1,1,1,1,1,1,1,1,1,
1,1,1,1,1,1,1,1,1,1,1,1,1,1,1,1,1,1,1,1,1,1,1,1,1,1,1,1,1,1,1,1,1,1,1,1,
1,1,1),(-0.0215194723005444,-0.0172155778404355,-0.00860778892021774,0.,
0.00860778892021775,0.0129116833803266,0.0172155778404355,0.0215194723005444,
0.0258233667606532,0.0301272612207621,0.034431155680871,0.0387350501409799,
0.0430389446010887,0.0516467335213065,0.0602545224415242,0.068862311361742,
0.0774701002819597,0.0860778892021775,0.0946856781223952,0.103293467042613,
0.107597361502722,0.111901255962831,0.11620515042294,0.118357097652994,
0.120509044883048,0.124812939343157,0.126964886573212,0.129116833803266,
0.133420728263375,0.137724622723484,0.142028517183593,0.146332411643702,
0.148484358873756,0.150636306103811,0.152788253333865,0.154940200563919,
0.159244095024028,0.163547989484137,0.172155778404355,0.180763567324573,
0.18937135624479,0.197979145165008,0.206586934085226,0.215194723005444,
0.223802511925661,0.22810640638577,0.232410300845879,0.236714195305988,
0.241018089766097,0.245321984226206,0.249625878686315,0.253929773146424,
0.258233667606532,0.26684145652675,0.275449245446968,0.284057034367186,
0.288360928827295,0.292664823287403),.UNSPECIFIED.);
#175=B_SPLINE_CURVE_WITH_KNOTS('',3,(#749,#750,#751,#752),.UNSPECIFIED.,
 .F.,.F.,(4,4),(7.22178529824907E-16,0.00462599756009438),.UNSPECIFIED.);
#176=B_SPLINE_CURVE_WITH_KNOTS('',3,(#794,#795,#796,#797,#798,#799,#800,
#801,#802,#803,#804,#805,#806,#807,#808,#809,#810,#811,#812,#813,#814,#815,
#816,#817,#818,#819,#820,#821,#822,#823,#824,#825,#826,#827,#828,#829,#830,
#831,#832,#833,#834,#835,#836,#837,#838,#839),.UNSPECIFIED.,.F.,.F.,(4,
1,1,1,1,1,1,1,1,1,1,1,1,1,1,1,1,1,1,1,1,1,1,1,1,1,1,1,1,1,1,1,1,1,1,1,1,
1,1,1,1,1,1,4),(0.00259374402484743,0.00696584533557375,0.0113379466463001,
0.0157100479570264,0.0178960986123895,0.0200821492677527,0.0222681999231159,
0.024454250578479,0.0288263518892053,0.0331984531999317,0.037570554510658,
0.0419426558213843,0.0463147571321106,0.0506868584428369,0.0550589597535633,
0.0572450104089264,0.0594310610642896,0.0616171117196527,0.0638031623750159,
0.0659892130303791,0.0681752636857422,0.0703613143411054,0.0725473649964685,
0.0769194663071949,0.079105516962558,0.0812915676179212,0.0834776182732844,
0.0856636689286475,0.0878497195840107,0.0900357702393738,0.0944078715501001,
0.0987799728608265,0.103152074171553,0.107524175482279,0.111896276793005,
0.116268378103732,0.120640479414458,0.122826530069821,0.125012580725184,
0.127198631380548,0.129384682035911,0.133756783346637,0.138128884657363,
0.14250098596809),.UNSPECIFIED.);
#177=B_SPLINE_CURVE_WITH_KNOTS('',3,(#860,#861,#862,#863,#864,#865,#866,
#867,#868,#869,#870,#871,#872,#873,#874,#875,#876,#877,#878,#879,#880,#881,
#882,#883,#884,#885,#886,#887,#888,#889,#890,#891,#892,#893,#894,#895,#896,
#897,#898,#899,#900,#901,#902),.UNSPECIFIED.,.T.,.F.,(1,1,1,1,1,1,1,1,1,
1,1,1,1,1,1,1,1,1,1,1,1,1,1,1,1,1,1,1,1,1,1,1,1,1,1,1,1,1,1,1,1,1,1,1,1,
1,1),(-0.0145961553565619,-0.00973077023770794,-0.00486538511885398,0.,
0.00486538511885396,0.00973077023770793,0.0145961553565619,0.0170288479159889,
0.0194615404754159,0.0218942330348428,0.0243269255942698,0.0291923107131238,
0.0340576958319777,0.0389230809508317,0.0437884660696857,0.0486538511885396,
0.0535192363073936,0.0583846214262476,0.0608173139856746,0.0632500065451015,
0.0656826991045285,0.0681153916639555,0.0705480842233825,0.0729807767828095,
0.0778461619016634,0.0827115470205174,0.0851442395799444,0.0875769321393714,
0.0900096246987983,0.0924423172582253,0.0948750098176523,0.0973077023770793,
0.102173087495933,0.107038472614787,0.111903857733641,0.116769242852495,
0.121634627971349,0.126500013090203,0.131365398209057,0.136230783327911,
0.141096168446765,0.145961553565619,0.150826938684473,0.155692323803327,
0.160557708922181,0.165423094041035,0.170288479159889),.UNSPECIFIED.);
#178=B_SPLINE_CURVE_WITH_KNOTS('',3,(#904,#905,#906,#907,#908,#909,#910,
#911,#912,#913,#914,#915,#916,#917,#918,#919,#920,#921,#922,#923,#924,#925,
#926,#927,#928,#929,#930,#931,#932,#933,#934,#935,#936,#937,#938,#939,#940,
#941,#942,#943,#944,#945,#946,#947,#948,#949,#950,#951,#952,#953,#954),
 .UNSPECIFIED.,.T.,.F.,(1,1,1,1,1,1,1,1,1,1,1,1,1,1,1,1,1,1,1,1,1,1,1,1,
1,1,1,1,1,1,1,1,1,1,1,1,1,1,1,1,1,1,1,1,1,1,1,1,1,1,1,1,1,1,1),(-0.00963169459959703,
-0.00481584729979853,-0.00240792364989925,0.,0.00240792364989926,0.00481584729979851,
0.00722377094969777,0.00963169459959703,0.0120396182494963,0.0144475418993955,
0.0168554655492948,0.0192633891991941,0.0216713128490933,0.0240792364989926,
0.0288950837987911,0.0337109310985896,0.0385267783983881,0.0433426256981866,
0.0481584729979851,0.0529743202977836,0.0577901675975822,0.0601980912474814,
0.0626060148973807,0.0650139385472799,0.0674218621971792,0.0698297858470784,
0.0722377094969777,0.0770535567967762,0.0794614804466755,0.0818694040965747,
0.084277327746474,0.0866852513963732,0.0890931750462725,0.0915010986961717,
0.093909022346071,0.0963169459959703,0.101132793295769,0.105948640595567,
0.110764487895366,0.115580335195164,0.120396182494963,0.125212029794761,
0.13002787709456,0.132435800744459,0.134843724394358,0.137251648044258,
0.139659571694157,0.142067495344056,0.144475418993955,0.149291266293754,
0.151699189943653,0.154107113593552,0.156515037243452,0.158922960893351,
0.16133088454325),.UNSPECIFIED.);
#179=B_SPLINE_CURVE_WITH_KNOTS('',3,(#1436,#1437,#1438,#1439,#1440,#1441,
#1442,#1443,#1444,#1445,#1446,#1447,#1448,#1449,#1450,#1451,#1452,#1453,
#1454,#1455,#1456,#1457,#1458,#1459,#1460,#1461,#1462,#1463,#1464,#1465,
#1466,#1467,#1468,#1469,#1470,#1471,#1472,#1473,#1474,#1475,#1476,#1477,
#1478,#1479,#1480,#1481,#1482,#1483,#1484,#1485,#1486,#1487,#1488,#1489),
 .UNSPECIFIED.,.T.,.F.,(1,1,1,1,1,1,1,1,1,1,1,1,1,1,1,1,1,1,1,1,1,1,1,1,
1,1,1,1,1,1,1,1,1,1,1,1,1,1,1,1,1,1,1,1,1,1,1,1,1,1,1,1,1,1,1,1,1,1),(-0.0167505012450798,
-0.0125628759338099,-0.00837525062253991,0.,0.0083752506225399,0.0167505012450798,
0.0209381265563497,0.0251257518676197,0.0293133771788896,0.0335010024901596,
0.0355948151457946,0.0376886278014295,0.0418762531126995,0.0460638784239694,
0.0502515037352394,0.0586267543577793,0.0670020049803192,0.0753772556028591,
0.083752506225399,0.0921277568479389,0.100503007470479,0.108878258093019,
0.113065883404289,0.117253508715559,0.121441134026829,0.123534946682464,
0.125628759338098,0.129816384649368,0.134004009960638,0.138191635271908,
0.142379260583178,0.146566885894448,0.150754511205718,0.152848323861353,
0.154942136516988,0.159129761828258,0.163317387139528,0.167505012450798,
0.175880263073338,0.184255513695878,0.192630764318418,0.201006014940958,
0.209381265563497,0.217756516186037,0.221944141497307,0.226131766808577,
0.230319392119847,0.234507017431117,0.238694642742387,0.242882268053657,
0.247069893364927,0.251257518676197,0.255445143987467,0.259632769298737,
0.268008019921277,0.276383270543817,0.284758521166357,0.288946146477627),
 .UNSPECIFIED.);
#180=B_SPLINE_CURVE_WITH_KNOTS('',3,(#1678,#1679,#1680,#1681,#1682,#1683,
#1684,#1685,#1686,#1687,#1688,#1689,#1690,#1691,#1692,#1693,#1694,#1695,
#1696,#1697,#1698,#1699,#1700,#1701,#1702,#1703,#1704,#1705,#1706,#1707,
#1708,#1709,#1710,#1711,#1712,#1713,#1714,#1715,#1716,#1717,#1718),
 .UNSPECIFIED.,.T.,.F.,(1,1,1,1,1,1,1,1,1,1,1,1,1,1,1,1,1,1,1,1,1,1,1,1,
1,1,1,1,1,1,1,1,1,1,1,1,1,1,1,1,1,1,1,1,1),(-0.00877272187399933,-0.00584848124933289,
-0.00292424062466645,0.,0.00292424062466645,0.00584848124933289,0.00731060156166612,
0.00877272187399934,0.0102348421863326,0.0116969624986658,0.013159082810999,
0.0146212031233322,0.0175454437479987,0.0204696843726651,0.0233939249973316,
0.026318165621998,0.0292424062466645,0.0321666468713309,0.0350908874959974,
0.0380151281206638,0.0409393687453302,0.0467878499946631,0.0497120906193296,
0.052636331243996,0.0555605718686625,0.0570226921809957,0.0584848124933289,
0.0614090531179954,0.0643332937426618,0.0672575343673283,0.0701817749919947,
0.0716438953043279,0.0731060156166612,0.0745681359289944,0.0760302562413276,
0.0774923765536608,0.078954496865994,0.0818787374906605,0.0848029781153269,
0.0877272187399934,0.0906514593646598,0.0935756999893263,0.0964999406139927,
0.0994241812386592,0.100886301550992),.UNSPECIFIED.);
#181=B_SPLINE_CURVE_WITH_KNOTS('',3,(#1720,#1721,#1722,#1723,#1724,#1725,
#1726,#1727,#1728,#1729,#1730,#1731,#1732,#1733,#1734,#1735,#1736,#1737,
#1738,#1739,#1740,#1741,#1742,#1743,#1744,#1745,#1746,#1747,#1748,#1749,
#1750,#1751,#1752,#1753,#1754,#1755,#1756,#1757,#1758,#1759),
 .UNSPECIFIED.,.T.,.F.,(1,1,1,1,1,1,1,1,1,1,1,1,1,1,1,1,1,1,1,1,1,1,1,1,
1,1,1,1,1,1,1,1,1,1,1,1,1,1,1,1,1,1,1,1),(-0.00790113911936471,-0.00632091129549177,
-0.00316045564774588,0.,0.00316045564774589,0.00632091129549177,0.00948136694323766,
0.0126418225909835,0.0158022782387294,0.0173825060626024,0.0189627338864753,
0.0205429617103483,0.0221231895342212,0.0237034173580941,0.0252836451819671,
0.028444100829713,0.0316045564774589,0.0347650121252047,0.0379254677729506,
0.0410859234206965,0.0442463790684424,0.0474068347161883,0.0505672903639342,
0.0537277460116801,0.056888201659426,0.0632091129549177,0.0663695686026636,
0.0695300242504095,0.0726904798981554,0.0758509355459013,0.0790113911936472,
0.082171846841393,0.0853323024891389,0.0869125303130119,0.0884927581368848,
0.0900729859607578,0.0916532137846307,0.0932334416085037,0.0948136694323766,
0.0979741250801225,0.101134580727868,0.104295036375614,0.10745549202336,
0.110615947671106),.UNSPECIFIED.);
#182=B_SPLINE_CURVE_WITH_KNOTS('',3,(#1762,#1763,#1764,#1765,#1766,#1767,
#1768,#1769,#1770,#1771,#1772,#1773,#1774,#1775,#1776,#1777,#1778,#1779,
#1780,#1781,#1782,#1783,#1784,#1785,#1786,#1787,#1788,#1789,#1790,#1791,
#1792,#1793,#1794,#1795,#1796,#1797,#1798,#1799,#1800,#1801,#1802,#1803,
#1804,#1805,#1806,#1807,#1808),.UNSPECIFIED.,.T.,.F.,(1,1,1,1,1,1,1,1,1,
1,1,1,1,1,1,1,1,1,1,1,1,1,1,1,1,1,1,1,1,1,1,1,1,1,1,1,1,1,1,1,1,1,1,1,1,
1,1,1,1,1,1),(-0.00484909451297505,-0.00363682088473129,-0.00242454725648752,
0.,0.00242454725648753,0.00484909451297505,0.00727364176946258,0.0096981890259501,
0.0121227362824376,0.0145472835389252,0.0157595571671689,0.0169718307954127,
0.0181841044236564,0.0187902412377783,0.0193963780519002,0.0200025148660221,
0.020608651680144,0.0212147884942658,0.0218209253083877,0.0230331989366315,
0.0242454725648753,0.0266700198213628,0.0290945670778503,0.0315191143343378,
0.0339436615908254,0.0363682088473129,0.0387927561038004,0.0436418506167755,
0.0484909451297505,0.050915492386238,0.0533400396427256,0.0557645868992131,
0.0581891341557006,0.0606136814121881,0.0630382286686757,0.0654627759251632,
0.066675049553407,0.0678873231816507,0.0684934599957726,0.0690995968098945,
0.0697057336240164,0.0703118704381382,0.0709180072522601,0.071524144066382,
0.0727364176946258,0.0739486913228695,0.0751609649511133,0.0775855122076008,
0.0800100594640883,0.0824346067205759,0.0848591539770634),.UNSPECIFIED.);
#183=B_SPLINE_CURVE_WITH_KNOTS('',3,(#1828,#1829,#1830,#1831,#1832,#1833,
#1834,#1835,#1836,#1837,#1838,#1839,#1840,#1841,#1842,#1843,#1844,#1845,
#1846,#1847,#1848,#1849,#1850,#1851,#1852,#1853,#1854,#1855,#1856,#1857,
#1858,#1859,#1860,#1861,#1862,#1863,#1864,#1865,#1866),.UNSPECIFIED.,.T.,
 .F.,(1,1,1,1,1,1,1,1,1,1,1,1,1,1,1,1,1,1,1,1,1,1,1,1,1,1,1,1,1,1,1,1,1,
1,1,1,1,1,1,1,1,1,1),(-0.00704769241092167,-0.00563815392873733,-0.00281907696436866,
0.,0.00281907696436867,0.00563815392873733,0.008457230893106,0.0112763078574747,
0.0140953848218433,0.016914461786212,0.0183240002683963,0.0197335387505807,
0.021143077232765,0.0225526157149493,0.0239621541971337,0.025371692679318,
0.0281907696436867,0.0310098466080553,0.033828923572424,0.0366480005367927,
0.0394670775011613,0.04228615446553,0.0451052314298986,0.050743385358636,
0.0563815392873733,0.059200616251742,0.0620196932161106,0.0648387701804793,
0.067657847144848,0.0704769241092166,0.0732960010735853,0.076115078037954,
0.0775246165201383,0.0789341550023226,0.080343693484507,0.0817532319666913,
0.0831627704488756,0.08457230893106,0.0873913858954286,0.0902104628597973,
0.093029539824166,0.0958486167885346,0.0986676937529033),.UNSPECIFIED.);
#184=B_SPLINE_CURVE_WITH_KNOTS('',3,(#1868,#1869,#1870,#1871,#1872,#1873,
#1874,#1875,#1876,#1877,#1878,#1879,#1880,#1881,#1882,#1883,#1884,#1885,
#1886,#1887,#1888,#1889,#1890,#1891,#1892,#1893,#1894,#1895,#1896,#1897,
#1898,#1899,#1900,#1901,#1902,#1903,#1904,#1905,#1906,#1907,#1908),
 .UNSPECIFIED.,.T.,.F.,(1,1,1,1,1,1,1,1,1,1,1,1,1,1,1,1,1,1,1,1,1,1,1,1,
1,1,1,1,1,1,1,1,1,1,1,1,1,1,1,1,1,1,1,1,1),(-0.00845362038252734,-0.00563574692168489,
-0.00281787346084245,0.,0.00281787346084245,0.0056357469216849,0.00704468365210612,
0.00845362038252735,0.00986255711294857,0.0112714938433698,0.012680430573791,
0.0140893673042122,0.0169072407650547,0.0197251142258971,0.0225429876867396,
0.025360861147582,0.0281787346084245,0.0309966080692669,0.0338144815301094,
0.0394502284517943,0.0422681019126367,0.0450859753734792,0.0479038488343216,
0.0507217222951641,0.0535395957560065,0.056357469216849,0.0591753426776914,
0.0619932161385339,0.0648110895993763,0.0662200263297976,0.0676289630602188,
0.06903789979064,0.0704468365210612,0.0718557732514825,0.0732647099819037,
0.0746736467123249,0.0760825834427461,0.0789004569035886,0.081718330364431,
0.0845362038252735,0.0873540772861159,0.0901719507469584,0.0929898242078008,
0.0958076976686433,0.0972166343990645),.UNSPECIFIED.);
#185=B_SPLINE_CURVE_WITH_KNOTS('',3,(#2360,#2361,#2362,#2363,#2364,#2365,
#2366,#2367,#2368,#2369,#2370,#2371,#2372,#2373,#2374,#2375,#2376,#2377,
#2378,#2379,#2380,#2381,#2382,#2383,#2384,#2385,#2386,#2387,#2388,#2389,
#2390,#2391,#2392,#2393,#2394,#2395,#2396,#2397,#2398,#2399),
 .UNSPECIFIED.,.T.,.F.,(1,1,1,1,1,1,1,1,1,1,1,1,1,1,1,1,1,1,1,1,1,1,1,1,
1,1,1,1,1,1,1,1,1,1,1,1,1,1,1,1,1,1,1,1),(-0.00822767578781951,-0.0065821406302556,
-0.00329107031512781,0.,0.0032910703151278,0.0065821406302556,0.0098732109453834,
0.0131642812605112,0.016455351575639,0.0181008867332029,0.0197464218907668,
0.0213919570483307,0.0230374922058946,0.0246830273634585,0.0263285625210224,
0.0296196328361502,0.032910703151278,0.0362017734664058,0.0394928437815336,
0.0427839140966614,0.0460749844117892,0.049366054726917,0.0526571250420448,
0.0592392656723004,0.0625303359874282,0.065821406302556,0.0691124766176838,
0.0724035469328116,0.0756946172479394,0.0789856875630672,0.082276757878195,
0.0855678281933228,0.0888588985084506,0.0905044336660145,0.0921499688235784,
0.0937955039811423,0.0954410391387062,0.0970865742962701,0.098732109453834,
0.102023179768962,0.10531425008409,0.108605320399217,0.111896390714345,
0.115187461029473),.UNSPECIFIED.);
#186=EDGE_LOOP('',(#48));
#187=EDGE_LOOP('',(#49));
#188=EDGE_LOOP('',(#50));
#189=EDGE_LOOP('',(#51));
#190=EDGE_LOOP('',(#52));
#191=EDGE_LOOP('',(#53));
#192=EDGE_LOOP('',(#54));
#193=EDGE_LOOP('',(#55));
#194=EDGE_LOOP('',(#56));
#195=EDGE_LOOP('',(#57));
#196=EDGE_LOOP('',(#58));
#197=EDGE_LOOP('',(#59));
#198=EDGE_LOOP('',(#60));
#199=EDGE_LOOP('',(#61));
#200=EDGE_LOOP('',(#62));
#201=EDGE_LOOP('',(#63));
#202=EDGE_LOOP('',(#64));
#203=EDGE_LOOP('',(#65));
#204=EDGE_LOOP('',(#66));
#205=EDGE_LOOP('',(#67));
#206=EDGE_LOOP('',(#68));
#207=EDGE_LOOP('',(#69));
#208=EDGE_LOOP('',(#70));
#209=EDGE_LOOP('',(#71));
#210=EDGE_LOOP('',(#72));
#211=EDGE_LOOP('',(#73));
#212=EDGE_LOOP('',(#74));
#213=EDGE_LOOP('',(#75,#76));
#214=EDGE_LOOP('',(#77));
#215=EDGE_LOOP('',(#78));
#216=EDGE_LOOP('',(#79));
#217=EDGE_LOOP('',(#80));
#218=EDGE_LOOP('',(#81,#82));
#219=EDGE_LOOP('',(#83));
#220=EDGE_LOOP('',(#84));
#221=EDGE_LOOP('',(#85));
#222=EDGE_LOOP('',(#86));
#223=EDGE_LOOP('',(#87));
#224=EDGE_LOOP('',(#88,#89));
#225=EDGE_LOOP('',(#90));
#226=EDGE_LOOP('',(#91));
#227=EDGE_LOOP('',(#92));
#228=EDGE_LOOP('',(#93));
#229=EDGE_LOOP('',(#94));
#230=EDGE_LOOP('',(#95));
#231=EDGE_LOOP('',(#96));
#232=EDGE_LOOP('',(#97));
#233=EDGE_LOOP('',(#98));
#234=EDGE_LOOP('',(#99));
#235=EDGE_LOOP('',(#100));
#236=EDGE_LOOP('',(#101));
#237=EDGE_LOOP('',(#102));
#238=EDGE_LOOP('',(#103));
#239=EDGE_LOOP('',(#104));
#240=EDGE_LOOP('',(#105));
#241=EDGE_LOOP('',(#106));
#242=EDGE_LOOP('',(#107));
#243=EDGE_LOOP('',(#108));
#244=EDGE_LOOP('',(#109));
#245=FACE_BOUND('',#186,.T.);
#246=FACE_BOUND('',#187,.T.);
#247=FACE_BOUND('',#188,.T.);
#248=FACE_BOUND('',#189,.T.);
#249=FACE_BOUND('',#190,.T.);
#250=FACE_BOUND('',#191,.T.);
#251=FACE_BOUND('',#192,.T.);
#252=FACE_BOUND('',#193,.T.);
#253=FACE_BOUND('',#194,.T.);
#254=FACE_BOUND('',#195,.T.);
#255=FACE_BOUND('',#196,.T.);
#256=FACE_BOUND('',#197,.T.);
#257=FACE_BOUND('',#198,.T.);
#258=FACE_BOUND('',#199,.T.);
#259=FACE_BOUND('',#200,.T.);
#260=FACE_BOUND('',#201,.T.);
#261=FACE_BOUND('',#202,.T.);
#262=FACE_BOUND('',#203,.T.);
#263=FACE_BOUND('',#204,.T.);
#264=FACE_BOUND('',#205,.T.);
#265=FACE_BOUND('',#206,.T.);
#266=FACE_BOUND('',#207,.T.);
#267=FACE_BOUND('',#208,.T.);
#268=FACE_BOUND('',#209,.T.);
#269=FACE_BOUND('',#210,.T.);
#270=FACE_BOUND('',#211,.T.);
#271=FACE_BOUND('',#212,.T.);
#272=FACE_BOUND('',#213,.T.);
#273=FACE_BOUND('',#214,.T.);
#274=FACE_BOUND('',#215,.T.);
#275=FACE_BOUND('',#216,.T.);
#276=FACE_BOUND('',#217,.T.);
#277=FACE_BOUND('',#218,.T.);
#278=FACE_BOUND('',#219,.T.);
#279=FACE_BOUND('',#220,.T.);
#280=FACE_BOUND('',#221,.T.);
#281=FACE_BOUND('',#222,.T.);
#282=FACE_BOUND('',#223,.T.);
#283=FACE_BOUND('',#224,.T.);
#284=FACE_BOUND('',#225,.T.);
#285=FACE_BOUND('',#226,.T.);
#286=FACE_BOUND('',#227,.T.);
#287=FACE_BOUND('',#228,.T.);
#288=FACE_BOUND('',#229,.T.);
#289=FACE_BOUND('',#230,.T.);
#290=FACE_BOUND('',#231,.T.);
#291=FACE_BOUND('',#232,.T.);
#292=FACE_BOUND('',#233,.T.);
#293=FACE_BOUND('',#234,.T.);
#294=FACE_BOUND('',#235,.T.);
#295=FACE_BOUND('',#236,.T.);
#296=FACE_BOUND('',#237,.T.);
#297=FACE_BOUND('',#238,.T.);
#298=FACE_BOUND('',#239,.T.);
#299=FACE_BOUND('',#240,.T.);
#300=FACE_BOUND('',#241,.T.);
#301=FACE_BOUND('',#242,.T.);
#302=FACE_BOUND('',#243,.T.);
#303=FACE_BOUND('',#244,.T.);
#304=PLANE('',#359);
#305=PLANE('',#360);
#306=PLANE('',#365);
#307=PLANE('',#372);
#308=PLANE('',#379);
#309=PLANE('',#381);
#310=PLANE('',#384);
#311=PLANE('',#388);
#312=PLANE('',#389);
#313=PLANE('',#390);
#314=PLANE('',#393);
#315=ADVANCED_FACE('',(#245,#246,#247),#304,.T.);
#316=ADVANCED_FACE('',(#248,#249),#305,.T.);
#317=ADVANCED_FACE('',(#250,#251),#32,.T.);
#318=ADVANCED_FACE('',(#252,#253),#306,.T.);
#319=ADVANCED_FACE('',(#254,#255),#30,.T.);
#320=ADVANCED_FACE('',(#256,#257),#33,.F.);
#321=ADVANCED_FACE('',(#258,#259),#28,.T.);
#322=ADVANCED_FACE('',(#260,#261),#307,.T.);
#323=ADVANCED_FACE('',(#262,#263),#31,.T.);
#324=ADVANCED_FACE('',(#264,#265),#34,.F.);
#325=ADVANCED_FACE('',(#266),#308,.T.);
#326=ADVANCED_FACE('',(#267,#268),#29,.T.);
#327=ADVANCED_FACE('',(#269,#270),#309,.T.);
#328=ADVANCED_FACE('',(#271),#310,.T.);
#329=ADVANCED_FACE('',(#272,#273),#20,.T.);
#330=ADVANCED_FACE('',(#274,#275),#21,.T.);
#331=ADVANCED_FACE('',(#276,#277),#311,.T.);
#332=ADVANCED_FACE('',(#278,#279),#22,.F.);
#333=ADVANCED_FACE('',(#280,#281),#12,.F.);
#334=ADVANCED_FACE('',(#282,#283),#13,.T.);
#335=ADVANCED_FACE('',(#284,#285),#14,.T.);
#336=ADVANCED_FACE('',(#286,#287),#15,.F.);
#337=ADVANCED_FACE('',(#288,#289),#312,.T.);
#338=ADVANCED_FACE('',(#290),#313,.T.);
#339=ADVANCED_FACE('',(#291,#292),#23,.T.);
#340=ADVANCED_FACE('',(#293,#294),#16,.F.);
#341=ADVANCED_FACE('',(#295,#296),#17,.T.);
#342=ADVANCED_FACE('',(#297,#298),#18,.T.);
#343=ADVANCED_FACE('',(#299,#300),#35,.T.);
#344=ADVANCED_FACE('',(#301),#314,.T.);
#345=ADVANCED_FACE('',(#302,#303),#19,.F.);
#346=CLOSED_SHELL('',(#315,#316,#317,#318,#319,#320,#321,#322,#323,#324,
#325,#326,#327,#328,#329,#330,#331,#332,#333,#334,#335,#336,#337,#338,#339,
#340,#341,#342,#343,#344,#345));
#347=STYLED_ITEM('',(#348),#355);
#348=PRESENTATION_STYLE_ASSIGNMENT((#349));
#349=SURFACE_STYLE_USAGE(.BOTH.,#350);
#350=SURFACE_SIDE_STYLE('',(#351));
#351=SURFACE_STYLE_FILL_AREA(#352);
#352=FILL_AREA_STYLE('',(#353));
#353=FILL_AREA_STYLE_COLOUR('',#354);
#354=COLOUR_RGB('',0.615686274509804,0.811764705882353,0.929411764705882);
#355=MANIFOLD_SOLID_BREP('Part 1',#346);
#356=SHAPE_DEFINITION_REPRESENTATION(#2531,#357);
#357=SHAPE_REPRESENTATION('Part 1',(#358),#2526);
#358=AXIS2_PLACEMENT_3D('',#466,#394,#395);
#359=AXIS2_PLACEMENT_3D('',#467,#396,#397);
#360=AXIS2_PLACEMENT_3D('',#614,#398,#399);
#361=AXIS2_PLACEMENT_3D('',#670,#400,#401);
#362=AXIS2_PLACEMENT_3D('',#672,#402,#403);
#363=AXIS2_PLACEMENT_3D('',#673,#404,#405);
#364=AXIS2_PLACEMENT_3D('',#675,#406,#407);
#365=AXIS2_PLACEMENT_3D('',#677,#408,#409);
#366=AXIS2_PLACEMENT_3D('',#678,#410,#411);
#367=AXIS2_PLACEMENT_3D('',#680,#412,#413);
#368=AXIS2_PLACEMENT_3D('',#682,#414,#415);
#369=AXIS2_PLACEMENT_3D('',#683,#416,#417);
#370=AXIS2_PLACEMENT_3D('',#684,#418,#419);
#371=AXIS2_PLACEMENT_3D('',#686,#420,#421);
#372=AXIS2_PLACEMENT_3D('',#687,#422,#423);
#373=AXIS2_PLACEMENT_3D('',#688,#424,#425);
#374=AXIS2_PLACEMENT_3D('',#690,#426,#427);
#375=AXIS2_PLACEMENT_3D('',#692,#428,#429);
#376=AXIS2_PLACEMENT_3D('',#693,#430,#431);
#377=AXIS2_PLACEMENT_3D('',#694,#432,#433);
#378=AXIS2_PLACEMENT_3D('',#696,#434,#435);
#379=AXIS2_PLACEMENT_3D('',#698,#436,#437);
#380=AXIS2_PLACEMENT_3D('',#699,#438,#439);
#381=AXIS2_PLACEMENT_3D('',#700,#440,#441);
#382=AXIS2_PLACEMENT_3D('',#701,#442,#443);
#383=AXIS2_PLACEMENT_3D('',#703,#444,#445);
#384=AXIS2_PLACEMENT_3D('',#705,#446,#447);
#385=AXIS2_PLACEMENT_3D('',#706,#448,#449);
#386=AXIS2_PLACEMENT_3D('',#746,#450,#451);
#387=AXIS2_PLACEMENT_3D('',#791,#452,#453);
#388=AXIS2_PLACEMENT_3D('',#793,#454,#455);
#389=AXIS2_PLACEMENT_3D('',#1677,#456,#457);
#390=AXIS2_PLACEMENT_3D('',#1761,#458,#459);
#391=AXIS2_PLACEMENT_3D('',#2401,#460,#461);
#392=AXIS2_PLACEMENT_3D('',#2402,#462,#463);
#393=AXIS2_PLACEMENT_3D('',#2404,#464,#465);
#394=DIRECTION('',(0.,0.,1.));
#395=DIRECTION('',(1.,0.,0.));
#396=DIRECTION('',(0.,0.,1.));
#397=DIRECTION('',(1.,0.,0.));
#398=DIRECTION('',(0.,0.,1.));
#399=DIRECTION('',(1.,0.,0.));
#400=DIRECTION('',(0.,0.,1.));
#401=DIRECTION('',(1.,0.,0.));
#402=DIRECTION('',(0.,0.,-1.));
#403=DIRECTION('',(-1.,0.,0.));
#404=DIRECTION('',(0.,0.,1.));
#405=DIRECTION('',(1.,0.,0.));
#406=DIRECTION('',(0.,0.,1.));
#407=DIRECTION('',(1.,0.,0.));
#408=DIRECTION('',(0.,0.,1.));
#409=DIRECTION('',(1.,0.,0.));
#410=DIRECTION('',(0.,0.,1.));
#411=DIRECTION('',(1.,0.,0.));
#412=DIRECTION('',(0.,0.,1.));
#413=DIRECTION('',(1.,0.,0.));
#414=DIRECTION('',(0.,0.,-1.));
#415=DIRECTION('',(-1.,0.,0.));
#416=DIRECTION('',(0.,0.,1.));
#417=DIRECTION('',(1.,0.,0.));
#418=DIRECTION('',(0.,0.,1.));
#419=DIRECTION('',(1.,0.,0.));
#420=DIRECTION('',(0.,0.,1.));
#421=DIRECTION('',(1.,0.,0.));
#422=DIRECTION('',(0.,0.,-1.));
#423=DIRECTION('',(1.,0.,0.));
#424=DIRECTION('',(0.,0.,1.));
#425=DIRECTION('',(1.,0.,0.));
#426=DIRECTION('',(0.,0.,1.));
#427=DIRECTION('',(1.,0.,0.));
#428=DIRECTION('',(0.,0.,1.));
#429=DIRECTION('',(-1.,0.,0.));
#430=DIRECTION('',(0.,0.,-1.));
#431=DIRECTION('',(1.,0.,0.));
#432=DIRECTION('',(0.,0.,1.));
#433=DIRECTION('',(1.,0.,0.));
#434=DIRECTION('',(0.,0.,1.));
#435=DIRECTION('',(1.,0.,0.));
#436=DIRECTION('',(0.,0.,-1.));
#437=DIRECTION('',(1.,0.,0.));
#438=DIRECTION('',(0.,0.,-1.));
#439=DIRECTION('',(1.,0.,0.));
#440=DIRECTION('',(0.,0.,1.));
#441=DIRECTION('',(1.,0.,0.));
#442=DIRECTION('',(0.,0.,1.));
#443=DIRECTION('',(1.,0.,0.));
#444=DIRECTION('',(0.,0.,1.));
#445=DIRECTION('',(1.,0.,0.));
#446=DIRECTION('',(0.,0.,1.));
#447=DIRECTION('',(1.,0.,0.));
#448=DIRECTION('',(0.,0.,1.));
#449=DIRECTION('',(1.22464679914735E-16,-1.,0.));
#450=DIRECTION('',(0.,0.,1.));
#451=DIRECTION('',(1.,0.,0.));
#452=DIRECTION('',(0.,0.,1.));
#453=DIRECTION('',(1.22464679914735E-16,-1.,0.));
#454=DIRECTION('',(0.,0.,1.));
#455=DIRECTION('',(1.,0.,0.));
#456=DIRECTION('',(0.,0.,1.));
#457=DIRECTION('',(1.,0.,0.));
#458=DIRECTION('',(0.,0.,1.));
#459=DIRECTION('',(1.,0.,0.));
#460=DIRECTION('',(0.,0.,-1.));
#461=DIRECTION('',(-1.,0.,0.));
#462=DIRECTION('',(0.,0.,1.));
#463=DIRECTION('',(1.,0.,0.));
#464=DIRECTION('',(0.,0.,1.));
#465=DIRECTION('',(1.,0.,0.));
#466=CARTESIAN_POINT('',(0.,0.,0.));
#467=CARTESIAN_POINT('',(0.0106568329596747,-0.0172145625531799,0.0346));
#468=CARTESIAN_POINT('',(0.0272624366951899,-0.0175292861387508,0.0346));
#469=CARTESIAN_POINT('',(0.0266318286157592,-0.0137981546216657,0.0346));
#470=CARTESIAN_POINT('',(0.0256682789536723,-0.0101023282960982,0.0346));
#471=CARTESIAN_POINT('',(0.025009005819867,-0.00636650619042786,0.0346));
#472=CARTESIAN_POINT('',(0.0252588830305362,-0.00314512975070812,0.0346));
#473=CARTESIAN_POINT('',(0.0263434149891475,-0.00082975639892709,0.0346));
#474=CARTESIAN_POINT('',(0.0275986169812409,0.000629731093196457,0.0346));
#475=CARTESIAN_POINT('',(0.0291588992459454,0.00173766214149781,0.0346));
#476=CARTESIAN_POINT('',(0.0308889757702275,0.00252845341601017,0.0346));
#477=CARTESIAN_POINT('',(0.0326880013776533,0.00304082610951354,0.0346));
#478=CARTESIAN_POINT('',(0.0352046545020804,0.00341510574774482,0.0346));
#479=CARTESIAN_POINT('',(0.0383826679253901,0.00331985749320056,0.0346));
#480=CARTESIAN_POINT('',(0.042060881764349,0.00239249393326892,0.0346));
#481=CARTESIAN_POINT('',(0.0448874066409664,0.00091887576856254,0.0346));
#482=CARTESIAN_POINT('',(0.0468478573940789,-0.000623354955163796,0.0346));
#483=CARTESIAN_POINT('',(0.048632452914901,-0.00244740178897038,0.0346));
#484=CARTESIAN_POINT('',(0.0503904274630522,-0.00505017717874148,0.0346));
#485=CARTESIAN_POINT('',(0.0519295389769052,-0.00854046508721945,0.0346));
#486=CARTESIAN_POINT('',(0.052942791333305,-0.0121410400217679,0.0346));
#487=CARTESIAN_POINT('',(0.0537254015899745,-0.0171509116282539,0.0346));
#488=CARTESIAN_POINT('',(0.0536980981070838,-0.0221335077454068,0.0346));
#489=CARTESIAN_POINT('',(0.052796087296016,-0.0271275948557192,0.0346));
#490=CARTESIAN_POINT('',(0.0516220942861556,-0.0306940301431981,0.0346));
#491=CARTESIAN_POINT('',(0.0498164392373971,-0.0340602954258023,0.0346));
#492=CARTESIAN_POINT('',(0.0472742088069294,-0.0369048596387506,0.0346));
#493=CARTESIAN_POINT('',(0.0439797551041961,-0.0389064004568093,0.0346));
#494=CARTESIAN_POINT('',(0.0403510968895317,-0.039991946634221,0.0346));
#495=CARTESIAN_POINT('',(0.0365491444502262,-0.040275368845532,0.0346));
#496=CARTESIAN_POINT('',(0.0327699246887862,-0.0397941780894492,0.0346));
#497=CARTESIAN_POINT('',(0.0297713493014614,-0.0387242291001008,0.0346));
#498=CARTESIAN_POINT('',(0.027640877470941,-0.0373560412806707,0.0346));
#499=CARTESIAN_POINT('',(0.0262646760333202,-0.036012788938009,0.0346));
#500=CARTESIAN_POINT('',(0.0252967635377346,-0.0343497732317522,0.0346));
#501=CARTESIAN_POINT('',(0.0246653401837014,-0.0318696068545689,0.0346));
#502=CARTESIAN_POINT('',(0.0249824805713939,-0.0286661684055108,0.0346));
#503=CARTESIAN_POINT('',(0.0261356612142861,-0.0250344422848334,0.0346));
#504=CARTESIAN_POINT('',(0.0271583272580676,-0.0213677845796316,0.0346));
#505=CARTESIAN_POINT('',(0.0272624366951899,-0.0175292861387508,0.0346));
#506=CARTESIAN_POINT('',(0.0266318286157592,-0.0137981546216657,0.0346));
#507=CARTESIAN_POINT('',(0.0256682789536723,-0.0101023282960982,0.0346));
#508=CARTESIAN_POINT('',(0.0265763383519832,-0.0138040388202519,0.0346));
#509=CARTESIAN_POINT('',(0.0261771348323291,-0.0118115600648122,0.0346));
#510=CARTESIAN_POINT('',(0.0268420897874257,-0.0171878488107773,0.0346));
#511=CARTESIAN_POINT('',(0.0263892193234837,-0.0216632869087566,0.0346));
#512=CARTESIAN_POINT('',(0.0254766951365104,-0.0250831570280068,0.0346));
#513=CARTESIAN_POINT('',(0.0241690670048653,-0.0284249051612755,0.0346));
#514=CARTESIAN_POINT('',(0.0223174094982443,-0.0314521297490203,0.0346));
#515=CARTESIAN_POINT('',(0.0198360202233743,-0.0340531352014603,0.0346));
#516=CARTESIAN_POINT('',(0.0177217753513431,-0.0356632275429299,0.0346));
#517=CARTESIAN_POINT('',(0.0153156986373662,-0.0368990696989713,0.0346));
#518=CARTESIAN_POINT('',(0.0127794186624875,-0.0376789195917348,0.0346));
#519=CARTESIAN_POINT('',(0.0101156446726521,-0.0381006478341387,0.0346));
#520=CARTESIAN_POINT('',(0.00658541693172514,-0.0382632771060388,0.0346));
#521=CARTESIAN_POINT('',(0.00214209101949711,-0.0379341307386625,0.0346));
#522=CARTESIAN_POINT('',(-0.00313453244174883,-0.037124804244266,0.0346));
#523=CARTESIAN_POINT('',(-0.00838828344348076,-0.0361805245191354,0.0346));
#524=CARTESIAN_POINT('',(-0.0136748594330847,-0.0354405947162382,0.0346));
#525=CARTESIAN_POINT('',(-0.018960431126398,-0.0347628966741997,0.0346));
#526=CARTESIAN_POINT('',(-0.023330370615091,-0.033811177892685,0.0346));
#527=CARTESIAN_POINT('',(-0.0266088210778669,-0.0325182784246265,0.0346));
#528=CARTESIAN_POINT('',(-0.0289378771835486,-0.0311505620588929,0.0346));
#529=CARTESIAN_POINT('',(-0.0309182943201714,-0.0294070124410531,0.0346));
#530=CARTESIAN_POINT('',(-0.0325286265365379,-0.0272206863370393,0.0346));
#531=CARTESIAN_POINT('',(-0.0336743514410746,-0.0248095973324844,0.0346));
#532=CARTESIAN_POINT('',(-0.0347190867944948,-0.0214062303963714,0.0346));
#533=CARTESIAN_POINT('',(-0.0352293516146613,-0.0169755421087212,0.0346));
#534=CARTESIAN_POINT('',(-0.0348154573455594,-0.0125142428058998,0.0346));
#535=CARTESIAN_POINT('',(-0.0338669364313628,-0.00910467360078817,0.0346));
#536=CARTESIAN_POINT('',(-0.0327818200004617,-0.00663964295108969,0.0346));
#537=CARTESIAN_POINT('',(-0.0312677783058773,-0.00442276316099454,0.0346));
#538=CARTESIAN_POINT('',(-0.0293132552727779,-0.00258957446558674,0.0346));
#539=CARTESIAN_POINT('',(-0.027014129231441,-0.00117852772942698,0.0346));
#540=CARTESIAN_POINT('',(-0.0237317078767324,0.000155227676958797,0.0346));
#541=CARTESIAN_POINT('',(-0.0193550985744801,0.00109703544096268,0.0346));
#542=CARTESIAN_POINT('',(-0.0140541465326188,0.00172661493217586,0.0346));
#543=CARTESIAN_POINT('',(-0.00875267504539577,0.00241113532038669,0.0346));
#544=CARTESIAN_POINT('',(-0.00347068575286453,0.00325673560494749,0.0346));
#545=CARTESIAN_POINT('',(0.00182541921393651,0.00393103526523162,0.0346));
#546=CARTESIAN_POINT('',(0.00720054259837168,0.00416186039672652,0.0346));
#547=CARTESIAN_POINT('',(0.0116193214539284,0.00363477458570447,0.0346));
#548=CARTESIAN_POINT('',(0.0150368796290455,0.00248365495589259,0.0346));
#549=CARTESIAN_POINT('',(0.0173699350995457,0.00123783307715172,0.0346));
#550=CARTESIAN_POINT('',(0.0195259758855938,-0.000411212155127527,0.0346));
#551=CARTESIAN_POINT('',(0.0219939152345877,-0.00296469525257094,0.0346));
#552=CARTESIAN_POINT('',(0.0244181370147048,-0.00677795820774601,0.0346));
#553=CARTESIAN_POINT('',(0.0261771348323291,-0.0118115600648122,0.0346));
#554=CARTESIAN_POINT('',(0.0268420897874257,-0.0171878488107773,0.0346));
#555=CARTESIAN_POINT('',(0.0263892193234837,-0.0216632869087566,0.0346));
#556=CARTESIAN_POINT('',(0.0266406898687878,-0.0171868883060457,0.0346));
#557=CARTESIAN_POINT('',(0.0548039606434801,-0.0208545985529146,0.0346));
#558=CARTESIAN_POINT('',(0.0549873316405236,-0.016918387836228,0.0346));
#559=CARTESIAN_POINT('',(0.0547812207471778,-0.0128072284847311,0.0346));
#560=CARTESIAN_POINT('',(0.0541967456801155,-0.00882901836146228,0.0346));
#561=CARTESIAN_POINT('',(0.0532483627548074,-0.00492902188676642,0.0346));
#562=CARTESIAN_POINT('',(0.0519220347325853,-0.0011191845806136,0.0346));
#563=CARTESIAN_POINT('',(0.0501828072379373,0.0025749681474064,0.0346));
#564=CARTESIAN_POINT('',(0.0480673996395911,0.00599132588186297,0.0346));
#565=CARTESIAN_POINT('',(0.0454737660327003,0.00916021828554563,0.0346));
#566=CARTESIAN_POINT('',(0.0424671853788168,0.0118562448555801,0.0346));
#567=CARTESIAN_POINT('',(0.0389561237989193,0.0140039218166429,0.0346));
#568=CARTESIAN_POINT('',(0.0351581764565772,0.0153258598476434,0.0346));
#569=CARTESIAN_POINT('',(0.0310993687872571,0.0159282833275629,0.0346));
#570=CARTESIAN_POINT('',(0.025735575343598,0.0159764773135622,0.0346));
#571=CARTESIAN_POINT('',(0.0190071376376694,0.015050468438295,0.0346));
#572=CARTESIAN_POINT('',(0.011173836692977,0.0131614901678885,0.0346));
#573=CARTESIAN_POINT('',(0.00342158150434003,0.0109222454651266,0.0346));
#574=CARTESIAN_POINT('',(-0.00430947173211794,0.00861467030918736,0.0346));
#575=CARTESIAN_POINT('',(-0.0121245664910431,0.00661706662912733,0.0346));
#576=CARTESIAN_POINT('',(-0.0199563257729264,0.0047191666702626,0.0346));
#577=CARTESIAN_POINT('',(-0.0264022224417278,0.0027194824198463,0.0346));
#578=CARTESIAN_POINT('',(-0.0312332715943567,0.000328958849507166,0.0346));
#579=CARTESIAN_POINT('',(-0.0339440166484955,-0.00168517911817299,0.0346));
#580=CARTESIAN_POINT('',(-0.035762837711948,-0.00367887206086209,0.0346));
#581=CARTESIAN_POINT('',(-0.0372934981136855,-0.00594409292326901,0.0346));
#582=CARTESIAN_POINT('',(-0.0385728435459607,-0.00899970470638291,0.0346));
#583=CARTESIAN_POINT('',(-0.0394155713150222,-0.0129733707748966,0.0346));
#584=CARTESIAN_POINT('',(-0.0396140109734957,-0.016974678255948,0.0346));
#585=CARTESIAN_POINT('',(-0.0392104332133963,-0.0210159877114628,0.0346));
#586=CARTESIAN_POINT('',(-0.0382064021453325,-0.0248474589658762,0.0346));
#587=CARTESIAN_POINT('',(-0.0367334606871582,-0.0279233147189331,0.0346));
#588=CARTESIAN_POINT('',(-0.0351184151061313,-0.0300543463283885,0.0346));
#589=CARTESIAN_POINT('',(-0.0331542515484774,-0.031942146361308,0.0346));
#590=CARTESIAN_POINT('',(-0.0302694921061637,-0.0337085066916988,0.0346));
#591=CARTESIAN_POINT('',(-0.0264919783420812,-0.0351425374086937,0.0346));
#592=CARTESIAN_POINT('',(-0.0226463740562904,-0.0361616746862739,0.0346));
#593=CARTESIAN_POINT('',(-0.0174366920491585,-0.0372485081471213,0.0346));
#594=CARTESIAN_POINT('',(-0.0108765173028656,-0.0384035244100974,0.0346));
#595=CARTESIAN_POINT('',(-0.00309856838964009,-0.0401522859721336,0.0346));
#596=CARTESIAN_POINT('',(0.00452888054177253,-0.0424584411257928,0.0346));
#597=CARTESIAN_POINT('',(0.0121293446844632,-0.0448642696019751,0.0346));
#598=CARTESIAN_POINT('',(0.0197892558247891,-0.0470546791951566,0.0346));
#599=CARTESIAN_POINT('',(0.0263127374031076,-0.0483392431489506,0.0346));
#600=CARTESIAN_POINT('',(0.0316335175620752,-0.0486192597458533,0.0346));
#601=CARTESIAN_POINT('',(0.0355952825172886,-0.0482807315609373,0.0346));
#602=CARTESIAN_POINT('',(0.0394629869493663,-0.0471337423756941,0.0346));
#603=CARTESIAN_POINT('',(0.0428803055514899,-0.0451431858975127,0.0346));
#604=CARTESIAN_POINT('',(0.0458909665807427,-0.0424741836085401,0.0346));
#605=CARTESIAN_POINT('',(0.0483721068108958,-0.0394119848597847,0.0346));
#606=CARTESIAN_POINT('',(0.0504529781134499,-0.0359857138955647,0.0346));
#607=CARTESIAN_POINT('',(0.0520887881225004,-0.0324031007058492,0.0346));
#608=CARTESIAN_POINT('',(0.0533531530639063,-0.028668549369782,0.0346));
#609=CARTESIAN_POINT('',(0.0542631969288807,-0.0247841624595482,0.0346));
#610=CARTESIAN_POINT('',(0.0548039606434801,-0.0208545985529146,0.0346));
#611=CARTESIAN_POINT('',(0.0549873316405236,-0.016918387836228,0.0346));
#612=CARTESIAN_POINT('',(0.0547812207471778,-0.0128072284847311,0.0346));
#613=CARTESIAN_POINT('',(0.0549224179921254,-0.0168892297304262,0.0346));
#614=CARTESIAN_POINT('',(0.0106568329596747,-0.0172145625531799,0.0376));
#615=CARTESIAN_POINT('',(0.0573392618775873,-0.00819747787436197,0.0376));
#616=CARTESIAN_POINT('',(0.0582005315184414,-0.0169028946896436,0.0376));
#617=CARTESIAN_POINT('',(0.0575276555140655,-0.0240575846344437,0.0376));
#618=CARTESIAN_POINT('',(0.0561902150299345,-0.0296818957033933,0.0376));
#619=CARTESIAN_POINT('',(0.0548004580535663,-0.0337179566325444,0.0376));
#620=CARTESIAN_POINT('',(0.0530109353800798,-0.0375760167858707,0.0376));
#621=CARTESIAN_POINT('',(0.0507489124738229,-0.0412603764411615,0.0376));
#622=CARTESIAN_POINT('',(0.0480051738386748,-0.0446135881268017,0.0376));
#623=CARTESIAN_POINT('',(0.044748958816123,-0.047497614735526,0.0376));
#624=CARTESIAN_POINT('',(0.0410333566520197,-0.0497179294256396,0.0376));
#625=CARTESIAN_POINT('',(0.0354919627986147,-0.0515472858711091,0.0376));
#626=CARTESIAN_POINT('',(0.0281847270300681,-0.0517003063882617,0.0376));
#627=CARTESIAN_POINT('',(0.0197764149845771,-0.0501580255653783,0.0376));
#628=CARTESIAN_POINT('',(0.0114782193698253,-0.0478101702289199,0.0376));
#629=CARTESIAN_POINT('',(0.00326984864002614,-0.0452023377594135,0.0376));
#630=CARTESIAN_POINT('',(-0.00499338796675774,-0.0427298231122888,0.0376));
#631=CARTESIAN_POINT('',(-0.0134261676684967,-0.0409823764526931,0.0376));
#632=CARTESIAN_POINT('',(-0.0205016544275596,-0.0397388428290763,0.0376));
#633=CARTESIAN_POINT('',(-0.0260680972546862,-0.0383976252590206,0.0376));
#634=CARTESIAN_POINT('',(-0.0301408772133075,-0.0370389005759187,0.0376));
#635=CARTESIAN_POINT('',(-0.0333678625624624,-0.0353922943638225,0.0376));
#636=CARTESIAN_POINT('',(-0.0356647085977519,-0.0336879455045143,0.0376));
#637=CARTESIAN_POINT('',(-0.0377633842734828,-0.0316734409307788,0.0376));
#638=CARTESIAN_POINT('',(-0.0393738962326252,-0.0293247205242164,0.0376));
#639=CARTESIAN_POINT('',(-0.04060509421336,-0.0266992438559355,0.0376));
#640=CARTESIAN_POINT('',(-0.0415626256077535,-0.024015210880508,0.0376));
#641=CARTESIAN_POINT('',(-0.0423329143689954,-0.0205084060697641,0.0376));
#642=CARTESIAN_POINT('',(-0.0426242069929112,-0.0162058616529575,0.0376));
#643=CARTESIAN_POINT('',(-0.0422990351637905,-0.0119123660144335,0.0376));
#644=CARTESIAN_POINT('',(-0.0414783301451444,-0.00840972685174867,0.0376));
#645=CARTESIAN_POINT('',(-0.0404532692368814,-0.00574532358480851,0.0376));
#646=CARTESIAN_POINT('',(-0.0394676567798204,-0.00380706956901104,0.0376));
#647=CARTESIAN_POINT('',(-0.0382548588976278,-0.0020040663011459,0.0376));
#648=CARTESIAN_POINT('',(-0.0363871396298297,0.000140652348050674,0.0376));
#649=CARTESIAN_POINT('',(-0.0335641282626634,0.0024134716997253,0.0376));
#650=CARTESIAN_POINT('',(-0.0285479654419969,0.00511768760255846,0.0376));
#651=CARTESIAN_POINT('',(-0.0217147585064662,0.00737131525708559,0.0376));
#652=CARTESIAN_POINT('',(-0.0133713841320848,0.00940151107376294,0.0376));
#653=CARTESIAN_POINT('',(-0.0050378318368171,0.0115178622117954,0.0376));
#654=CARTESIAN_POINT('',(0.00320360456397007,0.0139911856380099,0.0376));
#655=CARTESIAN_POINT('',(0.011476133527253,0.0163575179280496,0.0376));
#656=CARTESIAN_POINT('',(0.0198436018694625,0.018279370331277,0.0376));
#657=CARTESIAN_POINT('',(0.0270583564938354,0.019083952989189,0.0376));
#658=CARTESIAN_POINT('',(0.0328146509781952,0.0187807105529688,0.0376));
#659=CARTESIAN_POINT('',(0.0370877989543966,0.0179172452695463,0.0376));
#660=CARTESIAN_POINT('',(0.0410925698699302,0.016282719513531,0.0376));
#661=CARTESIAN_POINT('',(0.044738111639274,0.0138942246584857,0.0376));
#662=CARTESIAN_POINT('',(0.0479222374652991,0.0109386987025,0.0376));
#663=CARTESIAN_POINT('',(0.0506335388572337,0.00756098990714736,0.0376));
#664=CARTESIAN_POINT('',(0.0528796706807462,0.00390458248396291,0.0376));
#665=CARTESIAN_POINT('',(0.0553412643859623,-0.00136116420746498,0.0376));
#666=CARTESIAN_POINT('',(0.0573392618775873,-0.00819747787436197,0.0376));
#667=CARTESIAN_POINT('',(0.0582005315184414,-0.0169028946896436,0.0376));
#668=CARTESIAN_POINT('',(0.0575276555140655,-0.0240575846344437,0.0376));
#669=CARTESIAN_POINT('',(0.0579224113774239,-0.0168829298760567,0.0376));
#670=CARTESIAN_POINT('',(0.0106568329596747,-0.0172145625531799,0.0376));
#671=CARTESIAN_POINT('',(0.0761568329596747,-0.0172145625531799,0.0376));
#672=CARTESIAN_POINT('',(0.0106568329596747,-0.0172145625531799,0.0451));
#673=CARTESIAN_POINT('',(0.0106568329596747,-0.0172145625531799,0.0326));
#674=CARTESIAN_POINT('',(0.0931568329596747,-0.0172145625531799,0.0326));
#675=CARTESIAN_POINT('',(0.0106568329596747,-0.0172145625531799,-0.1454));
#676=CARTESIAN_POINT('',(0.0931568329596747,-0.0172145625531799,-0.1454));
#677=CARTESIAN_POINT('',(0.0106568329596747,-0.0172145625531799,0.0451));
#678=CARTESIAN_POINT('',(0.0106568329596747,-0.0172145625531799,0.0451));
#679=CARTESIAN_POINT('',(0.0786568329596747,-0.0172145625531799,0.0451));
#680=CARTESIAN_POINT('',(0.0106568329596747,-0.0172145625531799,0.0451));
#681=CARTESIAN_POINT('',(0.0806568329596747,-0.0172145625531799,0.0451));
#682=CARTESIAN_POINT('',(0.0106568329596747,-0.0172145625531799,0.0451));
#683=CARTESIAN_POINT('',(0.0106568329596747,-0.0172145625531799,0.0376));
#684=CARTESIAN_POINT('',(0.0106568329596747,-0.0172145625531799,0.0426));
#685=CARTESIAN_POINT('',(0.0761568329596747,-0.0172145625531799,0.0426));
#686=CARTESIAN_POINT('',(0.0106568329596747,-0.0172145625531799,0.0426));
#687=CARTESIAN_POINT('',(0.0106568329596747,-0.0172145625531799,-0.1579));
#688=CARTESIAN_POINT('',(0.0106568329596747,-0.0172145625531799,-0.1579));
#689=CARTESIAN_POINT('',(0.0786568329596747,-0.0172145625531799,-0.1579));
#690=CARTESIAN_POINT('',(0.0106568329596747,-0.0172145625531799,-0.1579));
#691=CARTESIAN_POINT('',(0.0806568329596747,-0.0172145625531799,-0.1579));
#692=CARTESIAN_POINT('',(0.0106568329596747,-0.0172145625531799,-0.1579));
#693=CARTESIAN_POINT('',(0.0106568329596747,-0.0172145625531799,-0.1504));
#694=CARTESIAN_POINT('',(0.0106568329596747,-0.0172145625531799,-0.1554));
#695=CARTESIAN_POINT('',(0.0761568329596747,-0.0172145625531799,-0.1554));
#696=CARTESIAN_POINT('',(0.0106568329596747,-0.0172145625531799,-0.1504));
#697=CARTESIAN_POINT('',(0.0761568329596747,-0.0172145625531799,-0.1504));
#698=CARTESIAN_POINT('',(0.0106568329596747,-0.0172145625531799,-0.1504));
#699=CARTESIAN_POINT('',(0.0106568329596747,-0.0172145625531799,-0.1554));
#700=CARTESIAN_POINT('',(0.0106568329596747,-0.0172145625531799,0.0376));
#701=CARTESIAN_POINT('',(0.0105421761585722,-0.017383795405669,0.0376));
#702=CARTESIAN_POINT('',(0.014899577398997,-0.017383795405669,0.0376));
#703=CARTESIAN_POINT('',(0.0106568329596747,-0.0172145625531799,0.0376));
#704=CARTESIAN_POINT('',(0.0217724870191269,-0.0172145625531799,0.0376));
#705=CARTESIAN_POINT('',(0.0106568329596747,-0.0172145625531799,0.0376));
#706=CARTESIAN_POINT('',(-0.0205482358483743,-0.0165833919911842,0.0376));
#707=CARTESIAN_POINT('',(-0.0205482358483743,-0.0277247199606253,0.0376));
#708=CARTESIAN_POINT('',(0.0211937157161098,-0.0213376460190294,0.0406000000000002));
#709=CARTESIAN_POINT('',(0.0211937157161098,-0.0213376460190294,0.0376));
#710=CARTESIAN_POINT('',(0.0220618726706354,-0.0172145625531799,0.0406000000000002));
#711=CARTESIAN_POINT('',(0.0220618726706354,-0.0172145625531799,0.0376));
#712=CARTESIAN_POINT('',(0.0211937157161098,-0.0130914790873305,0.0406000000000002));
#713=CARTESIAN_POINT('',(0.0211937157161098,-0.0130914790873305,0.0376));
#714=CARTESIAN_POINT('',(0.0187214138789969,-0.00959609770331195,0.0406000000000002));
#715=CARTESIAN_POINT('',(0.0187214138789969,-0.00959609770331195,0.0376));
#716=CARTESIAN_POINT('',(0.0150213527025253,-0.00726055853112995,0.0406000000000002));
#717=CARTESIAN_POINT('',(0.0150213527025253,-0.00726055853112995,0.0376));
#718=CARTESIAN_POINT('',(0.0106568329596747,-0.00644042623803392,0.0406000000000002));
#719=CARTESIAN_POINT('',(0.0106568329596747,-0.00644042623803392,0.0376));
#720=CARTESIAN_POINT('',(0.0062923132168241,-0.00726055853112995,0.0406000000000002));
#721=CARTESIAN_POINT('',(0.0062923132168241,-0.00726055853112995,0.0376));
#722=CARTESIAN_POINT('',(0.0025922520403525,-0.00959609770331196,0.0406000000000002));
#723=CARTESIAN_POINT('',(0.0025922520403525,-0.00959609770331196,0.0376));
#724=CARTESIAN_POINT('',(0.000119950203239667,-0.0130914790873305,0.0406000000000002));
#725=CARTESIAN_POINT('',(0.000119950203239667,-0.0130914790873305,0.0376));
#726=CARTESIAN_POINT('',(-0.000748206751286015,-0.01721456255318,0.0406000000000002));
#727=CARTESIAN_POINT('',(-0.000748206751286015,-0.01721456255318,0.0376));
#728=CARTESIAN_POINT('',(0.000119950203239641,-0.0213376460190294,0.0406000000000002));
#729=CARTESIAN_POINT('',(0.000119950203239641,-0.0213376460190294,0.0376));
#730=CARTESIAN_POINT('',(0.00259225204035253,-0.024833027403048,0.0406000000000002));
#731=CARTESIAN_POINT('',(0.00259225204035253,-0.024833027403048,0.0376));
#732=CARTESIAN_POINT('',(0.00629231321682407,-0.0271685665752299,0.0406000000000002));
#733=CARTESIAN_POINT('',(0.00629231321682407,-0.0271685665752299,0.0376));
#734=CARTESIAN_POINT('',(0.0106568329596747,-0.027988698868326,0.0406000000000002));
#735=CARTESIAN_POINT('',(0.0106568329596747,-0.027988698868326,0.0376));
#736=CARTESIAN_POINT('',(0.0150213527025253,-0.0271685665752299,0.0406000000000002));
#737=CARTESIAN_POINT('',(0.0150213527025253,-0.0271685665752299,0.0376));
#738=CARTESIAN_POINT('',(0.0187214138789969,-0.024833027403048,0.0406000000000002));
#739=CARTESIAN_POINT('',(0.0187214138789969,-0.024833027403048,0.0376));
#740=CARTESIAN_POINT('',(0.0211937157161098,-0.0213376460190294,0.0406000000000002));
#741=CARTESIAN_POINT('',(0.0211937157161098,-0.0213376460190294,0.0376));
#742=CARTESIAN_POINT('',(0.0220618726706354,-0.0172145625531799,0.0406000000000002));
#743=CARTESIAN_POINT('',(0.0220618726706354,-0.0172145625531799,0.0376));
#744=CARTESIAN_POINT('',(0.0211937157161098,-0.0130914790873305,0.0406000000000002));
#745=CARTESIAN_POINT('',(0.0211937157161098,-0.0130914790873305,0.0376));
#746=CARTESIAN_POINT('',(0.0106568329596747,-0.0172145625531799,0.0406));
#747=CARTESIAN_POINT('',(0.0214392257944252,-0.0146625620956306,0.0406));
#748=CARTESIAN_POINT('',(0.0215559424990146,-0.0192771685509036,0.0406));
#749=CARTESIAN_POINT('',(0.0215559424990102,-0.0192771685509027,0.0406));
#750=CARTESIAN_POINT('',(0.0218804216720222,-0.0177470224640986,0.0405999999999997));
#751=CARTESIAN_POINT('',(0.0218402160470995,-0.0161745194672201,0.0406000000000007));
#752=CARTESIAN_POINT('',(0.0214392257944251,-0.0146625620956301,0.0406));
#753=CARTESIAN_POINT('',(-0.0237187846947359,-0.0271446118651659,0.0406));
#754=CARTESIAN_POINT('',(-0.0237187846947359,-0.0271446118651659,0.0376));
#755=CARTESIAN_POINT('',(-0.0205482358483743,-0.028014774008355,0.0406));
#756=CARTESIAN_POINT('',(-0.0205482358483743,-0.028014774008355,0.0376));
#757=CARTESIAN_POINT('',(-0.0173776870020127,-0.0271446118651659,0.0406));
#758=CARTESIAN_POINT('',(-0.0173776870020127,-0.0271446118651659,0.0376));
#759=CARTESIAN_POINT('',(-0.0146898254764127,-0.0246665997338596,0.0406));
#760=CARTESIAN_POINT('',(-0.0146898254764127,-0.0246665997338596,0.0376));
#761=CARTESIAN_POINT('',(-0.0128938538233217,-0.0209579924981916,0.0406));
#762=CARTESIAN_POINT('',(-0.0128938538233217,-0.0209579924981916,0.0376));
#763=CARTESIAN_POINT('',(-0.0122631924463991,-0.0165833919911842,0.0406));
#764=CARTESIAN_POINT('',(-0.0122631924463991,-0.0165833919911842,0.0376));
#765=CARTESIAN_POINT('',(-0.0128938538233217,-0.0122087914841767,0.0406));
#766=CARTESIAN_POINT('',(-0.0128938538233217,-0.0122087914841767,0.0376));
#767=CARTESIAN_POINT('',(-0.0146898254764128,-0.00850018424850869,0.0406));
#768=CARTESIAN_POINT('',(-0.0146898254764128,-0.00850018424850869,0.0376));
#769=CARTESIAN_POINT('',(-0.0173776870020127,-0.00602217211720245,0.0406));
#770=CARTESIAN_POINT('',(-0.0173776870020127,-0.00602217211720245,0.0376));
#771=CARTESIAN_POINT('',(-0.0205482358483743,-0.00515200997401333,0.0406));
#772=CARTESIAN_POINT('',(-0.0205482358483743,-0.00515200997401333,0.0376));
#773=CARTESIAN_POINT('',(-0.0237187846947359,-0.00602217211720243,0.0406));
#774=CARTESIAN_POINT('',(-0.0237187846947359,-0.00602217211720243,0.0376));
#775=CARTESIAN_POINT('',(-0.0264066462203359,-0.00850018424850873,0.0406));
#776=CARTESIAN_POINT('',(-0.0264066462203359,-0.00850018424850873,0.0376));
#777=CARTESIAN_POINT('',(-0.0282026178734269,-0.0122087914841766,0.0406));
#778=CARTESIAN_POINT('',(-0.0282026178734269,-0.0122087914841766,0.0376));
#779=CARTESIAN_POINT('',(-0.0288332792503495,-0.0165833919911842,0.0406));
#780=CARTESIAN_POINT('',(-0.0288332792503495,-0.0165833919911842,0.0376));
#781=CARTESIAN_POINT('',(-0.0282026178734269,-0.0209579924981916,0.0406));
#782=CARTESIAN_POINT('',(-0.0282026178734269,-0.0209579924981916,0.0376));
#783=CARTESIAN_POINT('',(-0.0264066462203359,-0.0246665997338596,0.0406));
#784=CARTESIAN_POINT('',(-0.0264066462203359,-0.0246665997338596,0.0376));
#785=CARTESIAN_POINT('',(-0.0237187846947359,-0.0271446118651659,0.0406));
#786=CARTESIAN_POINT('',(-0.0237187846947359,-0.0271446118651659,0.0376));
#787=CARTESIAN_POINT('',(-0.0205482358483743,-0.028014774008355,0.0406));
#788=CARTESIAN_POINT('',(-0.0205482358483743,-0.028014774008355,0.0376));
#789=CARTESIAN_POINT('',(-0.0173776870020127,-0.0271446118651659,0.0406));
#790=CARTESIAN_POINT('',(-0.0173776870020127,-0.0271446118651659,0.0376));
#791=CARTESIAN_POINT('',(-0.0205482358483743,-0.0165833919911842,0.0406));
#792=CARTESIAN_POINT('',(-0.0205482358483743,-0.0277247199606253,0.0406));
#793=CARTESIAN_POINT('',(0.0106568329596747,-0.0172145625531799,0.0406));
#794=CARTESIAN_POINT('',(0.0214392257944341,-0.0146625620956286,0.0406));
#795=CARTESIAN_POINT('',(0.0212311344142867,-0.0132301320653632,0.0406));
#796=CARTESIAN_POINT('',(0.0205013729527656,-0.0104116710256477,0.0406));
#797=CARTESIAN_POINT('',(0.0184893348314408,-0.00654054036148011,0.0406));
#798=CARTESIAN_POINT('',(0.015997020753992,-0.00385342282027316,0.0406));
#799=CARTESIAN_POINT('',(0.0134985641891505,-0.00231058368759255,0.0406));
#800=CARTESIAN_POINT('',(0.011465069262055,-0.00156485816502282,0.0406));
#801=CARTESIAN_POINT('',(0.00931307335617831,-0.00113763118421285,0.0406));
#802=CARTESIAN_POINT('',(0.00650383072949823,-0.000901110801818478,0.0406));
#803=CARTESIAN_POINT('',(0.00301561626370041,-0.00101004548041121,0.0406));
#804=CARTESIAN_POINT('',(-0.00113737464143377,-0.00147355884301484,0.0406));
#805=CARTESIAN_POINT('',(-0.00527863459719242,-0.00208987269465856,0.0406));
#806=CARTESIAN_POINT('',(-0.00941756432976858,-0.0027316443022779,0.0406));
#807=CARTESIAN_POINT('',(-0.0135670085964495,-0.00324317978910894,0.0406));
#808=CARTESIAN_POINT('',(-0.0177193540756943,-0.00374695517567913,0.0406));
#809=CARTESIAN_POINT('',(-0.0211548649052702,-0.00437606045247676,0.0406));
#810=CARTESIAN_POINT('',(-0.0237967902769142,-0.00522999744953175,0.0406));
#811=CARTESIAN_POINT('',(-0.0256983171738235,-0.00616768154877505,0.0406));
#812=CARTESIAN_POINT('',(-0.0273412334102358,-0.0075199638696052,0.0406));
#813=CARTESIAN_POINT('',(-0.0285120556296694,-0.00927489068611656,0.0406));
#814=CARTESIAN_POINT('',(-0.0292958515374565,-0.0112387476291849,0.0406));
#815=CARTESIAN_POINT('',(-0.029781451053847,-0.0132424744468054,0.0406));
#816=CARTESIAN_POINT('',(-0.0300359817670703,-0.0153103000719234,0.0406));
#817=CARTESIAN_POINT('',(-0.0300788964342284,-0.0181099225201674,0.0406));
#818=CARTESIAN_POINT('',(-0.0297025289699908,-0.0208621018462713,0.0406));
#819=CARTESIAN_POINT('',(-0.0287936452233877,-0.023513981860917,0.0406));
#820=CARTESIAN_POINT('',(-0.0277888947981567,-0.0253523593284387,0.0406));
#821=CARTESIAN_POINT('',(-0.0262944158407426,-0.02688924020054,0.0406));
#822=CARTESIAN_POINT('',(-0.0244924593501246,-0.0279758235912717,0.0406));
#823=CARTESIAN_POINT('',(-0.0225339088574773,-0.0287462579418359,0.0406));
#824=CARTESIAN_POINT('',(-0.0198255406128532,-0.02948230728323,0.0406));
#825=CARTESIAN_POINT('',(-0.0163775164432809,-0.0300625853754076,0.0406));
#826=CARTESIAN_POINT('',(-0.0122200206601949,-0.030589183429698,0.0406));
#827=CARTESIAN_POINT('',(-0.00807049551640913,-0.0311795973981799,0.0406));
#828=CARTESIAN_POINT('',(-0.00394096683193965,-0.031900657280017,0.0406));
#829=CARTESIAN_POINT('',(0.00019407871483776,-0.032592020148694,0.0406));
#830=CARTESIAN_POINT('',(0.00434935022391021,-0.0331209571273885,0.0406));
#831=CARTESIAN_POINT('',(0.00786956373977037,-0.0332533801811648,0.0406));
#832=CARTESIAN_POINT('',(0.0106412135422459,-0.03298769069726,0.0406));
#833=CARTESIAN_POINT('',(0.012717148556471,-0.0325133442386953,0.0406));
#834=CARTESIAN_POINT('',(0.0146340557908518,-0.031682535629745,0.0406));
#835=CARTESIAN_POINT('',(0.0169426177729105,-0.0300237299141501,0.0406));
#836=CARTESIAN_POINT('',(0.0191672258669264,-0.0272523872196598,0.0406));
#837=CARTESIAN_POINT('',(0.0208586881444247,-0.0234454702926264,0.0406));
#838=CARTESIAN_POINT('',(0.0214247335709617,-0.0206676788110831,0.0406));
#839=CARTESIAN_POINT('',(0.0215559424990058,-0.0192771685509024,0.0406));
#840=CARTESIAN_POINT('',(0.0241408430462714,-0.0172145625531799,0.0381));
#841=CARTESIAN_POINT('',(0.0241408430462714,-0.0172145625531799,0.0371));
#842=CARTESIAN_POINT('',(0.0240616176318213,-0.0100580390309754,0.0381));
#843=CARTESIAN_POINT('',(0.0240616176318213,-0.0100580390309754,0.0371));
#844=CARTESIAN_POINT('',(0.0162889476229326,0.00510601471302412,0.0381));
#845=CARTESIAN_POINT('',(0.0162889476229326,0.00510601471302412,0.0371));
#846=CARTESIAN_POINT('',(-0.0102989244041359,-0.00118430247579332,0.0381));
#847=CARTESIAN_POINT('',(-0.0102989244041359,-0.00118430247579332,0.0371));
#848=CARTESIAN_POINT('',(-0.033492591709386,-0.00185880440962386,0.0381));
#849=CARTESIAN_POINT('',(-0.033492591709386,-0.00185880440962386,0.0371));
#850=CARTESIAN_POINT('',(-0.0334682638585673,-0.0317976559845335,0.0381));
#851=CARTESIAN_POINT('',(-0.0334682638585673,-0.0317976559845335,0.0371));
#852=CARTESIAN_POINT('',(-0.00962496526474505,-0.0324613893804622,0.0381));
#853=CARTESIAN_POINT('',(-0.00962496526474505,-0.0324613893804622,0.0371));
#854=CARTESIAN_POINT('',(0.016908733836404,-0.0395522053657286,0.0381));
#855=CARTESIAN_POINT('',(0.016908733836404,-0.0395522053657286,0.0371));
#856=CARTESIAN_POINT('',(0.0242192590325068,-0.0242979694864849,0.0381));
#857=CARTESIAN_POINT('',(0.0242192590325068,-0.0242979694864849,0.0371));
#858=CARTESIAN_POINT('',(0.0241408430462714,-0.0172145625531799,0.0381));
#859=CARTESIAN_POINT('',(0.0241408430462714,-0.0172145625531799,0.0371));
#860=CARTESIAN_POINT('',(0.0238299742377081,-0.0220793097561367,0.0371));
#861=CARTESIAN_POINT('',(0.0243248671910385,-0.0172190647877563,0.0371));
#862=CARTESIAN_POINT('',(0.0237156152757663,-0.0123318064119178,0.0371));
#863=CARTESIAN_POINT('',(0.0221015940451541,-0.00776690339763062,0.0371));
#864=CARTESIAN_POINT('',(0.0198736183479926,-0.00432079594284904,0.0371));
#865=CARTESIAN_POINT('',(0.0175834673885952,-0.00203699727689129,0.0371));
#866=CARTESIAN_POINT('',(0.0155872137612221,-0.000599265945705068,0.0371));
#867=CARTESIAN_POINT('',(0.0134164048875314,0.000437653448464926,0.0371));
#868=CARTESIAN_POINT('',(0.0102558004549679,0.00133085255025954,0.0371));
#869=CARTESIAN_POINT('',(0.0062399644922993,0.00165396480264999,0.0371));
#870=CARTESIAN_POINT('',(0.00136340906871501,0.00136187888209962,0.0371));
#871=CARTESIAN_POINT('',(-0.00344037719416073,0.000727755657775172,0.0371));
#872=CARTESIAN_POINT('',(-0.00823682326696999,-3.23206867271842E-5,0.0371));
#873=CARTESIAN_POINT('',(-0.013047578673624,-0.000675004603887867,0.0371));
#874=CARTESIAN_POINT('',(-0.0178605609736999,-0.00122894476351977,0.0371));
#875=CARTESIAN_POINT('',(-0.0218608417517059,-0.00195693392093273,0.0371));
#876=CARTESIAN_POINT('',(-0.0249090753687694,-0.00297401427887964,0.0371));
#877=CARTESIAN_POINT('',(-0.0270898709351055,-0.004086759782205,0.0371));
#878=CARTESIAN_POINT('',(-0.0289800344752565,-0.00561517302470416,0.0371));
#879=CARTESIAN_POINT('',(-0.0304464179612071,-0.00758246002018375,0.0371));
#880=CARTESIAN_POINT('',(-0.0314593070715753,-0.00980668376378869,0.0371));
#881=CARTESIAN_POINT('',(-0.0323374786635456,-0.0129029803252723,0.0371));
#882=CARTESIAN_POINT('',(-0.0327131557210711,-0.0169519293500899,0.0371));
#883=CARTESIAN_POINT('',(-0.0322460805178307,-0.020979653216753,0.0371));
#884=CARTESIAN_POINT('',(-0.0312807108849838,-0.0240599927908467,0.0371));
#885=CARTESIAN_POINT('',(-0.0301970953584082,-0.0262467255796568,0.0371));
#886=CARTESIAN_POINT('',(-0.0286560408733411,-0.0281504806620472,0.0371));
#887=CARTESIAN_POINT('',(-0.0267271119396474,-0.0296159636884457,0.0371));
#888=CARTESIAN_POINT('',(-0.0245456649664096,-0.0306872342050346,0.0371));
#889=CARTESIAN_POINT('',(-0.0214982723895691,-0.0316907206990244,0.0371));
#890=CARTESIAN_POINT('',(-0.0175141902234799,-0.0324389289413501,0.0371));
#891=CARTESIAN_POINT('',(-0.0127151095277812,-0.0330414330976335,0.0371));
#892=CARTESIAN_POINT('',(-0.00792059469129169,-0.0337317049802768,0.0371));
#893=CARTESIAN_POINT('',(-0.00315159857732362,-0.0345799795055504,0.0371));
#894=CARTESIAN_POINT('',(0.00163297446018113,-0.0353377644725589,0.0371));
#895=CARTESIAN_POINT('',(0.00645924215031735,-0.0357845080276048,0.0371));
#896=CARTESIAN_POINT('',(0.0113007865250411,-0.0355896269172933,0.0371));
#897=CARTESIAN_POINT('',(0.0159948380879733,-0.034076838770235,0.0371));
#898=CARTESIAN_POINT('',(0.0197296835509898,-0.0308377058525571,0.0371));
#899=CARTESIAN_POINT('',(0.0223029137055547,-0.0267125907291254,0.0371));
#900=CARTESIAN_POINT('',(0.0238299742377081,-0.0220793097561367,0.0371));
#901=CARTESIAN_POINT('',(0.0243248671910385,-0.0172190647877563,0.0371));
#902=CARTESIAN_POINT('',(0.0237156152757663,-0.0123318064119178,0.0371));
#903=CARTESIAN_POINT('',(0.0241408430462714,-0.0172145625531799,0.0371));
#904=CARTESIAN_POINT('',(0.0240146734028665,-0.014692984562326,0.0381));
#905=CARTESIAN_POINT('',(0.0241885994490052,-0.0172416345149915,0.0381));
#906=CARTESIAN_POINT('',(0.0240759870787409,-0.0196278526967877,0.0381));
#907=CARTESIAN_POINT('',(0.0237093024571468,-0.0220145542554892,0.0381));
#908=CARTESIAN_POINT('',(0.0230764478094145,-0.0243647454910769,0.0381));
#909=CARTESIAN_POINT('',(0.0221971739487468,-0.0265917125100125,0.0381));
#910=CARTESIAN_POINT('',(0.0210655236202829,-0.0286942907589233,0.0381));
#911=CARTESIAN_POINT('',(0.0196297463367893,-0.0306738483312395,0.0381));
#912=CARTESIAN_POINT('',(0.0179401834524451,-0.0323886645577778,0.0381));
#913=CARTESIAN_POINT('',(0.0159441763730593,-0.0338175968989276,0.0381));
#914=CARTESIAN_POINT('',(0.0137608918920011,-0.0348071186388933,0.0381));
#915=CARTESIAN_POINT('',(0.010598626379479,-0.0356035303023332,0.0381));
#916=CARTESIAN_POINT('',(0.00658664445593397,-0.0357905978583061,0.0381));
#917=CARTESIAN_POINT('',(0.00175588296053719,-0.0353537512322632,0.0381));
#918=CARTESIAN_POINT('',(-0.00300053614025514,-0.0346060439347627,0.0381));
#919=CARTESIAN_POINT('',(-0.00774971271084512,-0.0337614016777082,0.0381));
#920=CARTESIAN_POINT('',(-0.0125207694768703,-0.0330652161234626,0.0381));
#921=CARTESIAN_POINT('',(-0.0172998617425548,-0.0324687723796405,0.0381));
#922=CARTESIAN_POINT('',(-0.0212710828118126,-0.031742968994741,0.0381));
#923=CARTESIAN_POINT('',(-0.0243367434369472,-0.0307694708390581,0.0381));
#924=CARTESIAN_POINT('',(-0.0265386051013788,-0.0297266680369731,0.0381));
#925=CARTESIAN_POINT('',(-0.0284837637090828,-0.0283128522077468,0.0381));
#926=CARTESIAN_POINT('',(-0.030081165597466,-0.0264272772459553,0.0381));
#927=CARTESIAN_POINT('',(-0.0311797366380426,-0.0243049858459188,0.0381));
#928=CARTESIAN_POINT('',(-0.0321951036804617,-0.0212352800269105,0.0381));
#929=CARTESIAN_POINT('',(-0.0326016413958789,-0.0180724325729697,0.0381));
#930=CARTESIAN_POINT('',(-0.0325148156537362,-0.0148467585781794,0.0381));
#931=CARTESIAN_POINT('',(-0.0321878863318287,-0.0124783556580053,0.0381));
#932=CARTESIAN_POINT('',(-0.0315890721048727,-0.010182136357332,0.0381));
#933=CARTESIAN_POINT('',(-0.0306390341790283,-0.0079373558378632,0.0381));
#934=CARTESIAN_POINT('',(-0.0292807533593388,-0.00594243323646615,0.0381));
#935=CARTESIAN_POINT('',(-0.0274485382213585,-0.0043240422129455,0.0381));
#936=CARTESIAN_POINT('',(-0.0253192730605261,-0.00314884020883996,0.0381));
#937=CARTESIAN_POINT('',(-0.0223018000089952,-0.00206324310429387,0.0381));
#938=CARTESIAN_POINT('',(-0.0183639460460412,-0.0013000396311507,0.0381));
#939=CARTESIAN_POINT('',(-0.0135822059388872,-0.000732900520188858,0.0381));
#940=CARTESIAN_POINT('',(-0.00881157534255585,-0.000121369858834963,0.0381));
#941=CARTESIAN_POINT('',(-0.00405065657644718,0.0006345920284892,0.0381));
#942=CARTESIAN_POINT('',(0.000717968697784231,0.0012895260754247,0.0381));
#943=CARTESIAN_POINT('',(0.00551114158242916,0.00164097650780498,0.0381));
#944=CARTESIAN_POINT('',(0.00954659968820793,0.00143378030454768,0.0381));
#945=CARTESIAN_POINT('',(0.0128239306026205,0.0006466983436177,0.0381));
#946=CARTESIAN_POINT('',(0.0151103699622814,-0.000322314815526626,0.0381));
#947=CARTESIAN_POINT('',(0.0172169763978902,-0.00172887672928368,0.0381));
#948=CARTESIAN_POINT('',(0.0190273620693744,-0.00343604353355737,0.0381));
#949=CARTESIAN_POINT('',(0.0205860729585813,-0.00542257256334802,0.0381));
#950=CARTESIAN_POINT('',(0.0222599456420671,-0.00826938876339431,0.0381));
#951=CARTESIAN_POINT('',(0.0234153579715293,-0.0114450307440899,0.0381));
#952=CARTESIAN_POINT('',(0.0240146734028665,-0.014692984562326,0.0381));
#953=CARTESIAN_POINT('',(0.0241885994490052,-0.0172416345149915,0.0381));
#954=CARTESIAN_POINT('',(0.0240759870787409,-0.0196278526967877,0.0381));
#955=CARTESIAN_POINT('',(0.0241408430462714,-0.0172145625531799,0.0381));
#956=CARTESIAN_POINT('',(0.0235829884477847,-0.0125352749619792,0.0371));
#957=CARTESIAN_POINT('',(0.0235829884477847,-0.0125352749619792,0.0346));
#958=CARTESIAN_POINT('',(0.0260199144116032,-0.0119772500101471,0.0346));
#959=CARTESIAN_POINT('',(0.023403639011233,-0.0117552131090325,0.0371));
#960=CARTESIAN_POINT('',(0.023403639011233,-0.0117552131090325,0.0346));
#961=CARTESIAN_POINT('',(0.0258203572429412,-0.0111090289203788,0.0346));
#962=CARTESIAN_POINT('',(0.0229593733535092,-0.0102051877017467,0.0371));
#963=CARTESIAN_POINT('',(0.0229593733535092,-0.0102051877017467,0.0346));
#964=CARTESIAN_POINT('',(0.0253260486229295,-0.00938432683434824,0.0346));
#965=CARTESIAN_POINT('',(0.0217616691108239,-0.00728289800445211,0.0371));
#966=CARTESIAN_POINT('',(0.0217616691108239,-0.00728289800445212,0.0346));
#967=CARTESIAN_POINT('',(0.0239881081469049,-0.00611869923235817,0.0346));
#968=CARTESIAN_POINT('',(0.0200492142021914,-0.00456682916654657,0.0371));
#969=CARTESIAN_POINT('',(0.0200492142021914,-0.00456682916654657,0.0346));
#970=CARTESIAN_POINT('',(0.0220578439070303,-0.00304842728681074,0.0346));
#971=CARTESIAN_POINT('',(0.0179200169319398,-0.00234158312669691,0.0371));
#972=CARTESIAN_POINT('',(0.0179200169319398,-0.00234158312669691,0.0346));
#973=CARTESIAN_POINT('',(0.019604920044333,-0.000482405879649145,0.0346));
#974=CARTESIAN_POINT('',(0.0160801848148207,-0.000918961989442978,0.0371));
#975=CARTESIAN_POINT('',(0.0160801848148207,-0.000918961989442978,0.0346));
#976=CARTESIAN_POINT('',(0.0174574715656664,0.00118102350984671,0.0346));
#977=CARTESIAN_POINT('',(0.0141267629034294,0.000140690218920304,0.0371));
#978=CARTESIAN_POINT('',(0.0141267629034294,0.000140690218920304,0.0346));
#979=CARTESIAN_POINT('',(0.0151309454854892,0.00244297936040577,0.0346));
#980=CARTESIAN_POINT('',(0.0112104901229108,0.00114633473080463,0.0371));
#981=CARTESIAN_POINT('',(0.0112104901229108,0.00114633473080464,0.0346));
#982=CARTESIAN_POINT('',(0.0117213530754789,0.00361388995832452,0.0346));
#983=CARTESIAN_POINT('',(0.00723648329517363,0.00165066322069813,0.0371));
#984=CARTESIAN_POINT('',(0.00723648329517363,0.00165066322069813,0.0346));
#985=CARTESIAN_POINT('',(0.00729985182270401,0.00415977200044904,0.0346));
#986=CARTESIAN_POINT('',(0.00215864239165875,0.00144874573142607,0.0371));
#987=CARTESIAN_POINT('',(0.00215864239165875,0.00144874573142607,0.0346));
#988=CARTESIAN_POINT('',(0.00192293664573288,0.0039403245188783,0.0346));
#989=CARTESIAN_POINT('',(-0.00300579934079818,0.000798545941216655,0.0371));
#990=CARTESIAN_POINT('',(-0.00300579934079818,0.000798545941216655,0.0346));
#991=CARTESIAN_POINT('',(-0.00337642065637583,0.00327094160398806,0.0346));
#992=CARTESIAN_POINT('',(-0.00826927288666174,-4.40964391520962E-5,0.0371));
#993=CARTESIAN_POINT('',(-0.00826927288666174,-4.40964391520962E-5,0.0346));
#994=CARTESIAN_POINT('',(-0.00866048479747041,0.00242568213717525,0.0346));
#995=CARTESIAN_POINT('',(-0.0137001028878341,-0.000750265476082869,0.0371));
#996=CARTESIAN_POINT('',(-0.0137001028878341,-0.000750265476082869,0.0346));
#997=CARTESIAN_POINT('',(-0.0139636708139532,0.00173615691781693,0.0346));
#998=CARTESIAN_POINT('',(-0.0189026664295744,-0.00136473562059004,0.0371));
#999=CARTESIAN_POINT('',(-0.0189026664295744,-0.00136473562059004,0.0346));
#1000=CARTESIAN_POINT('',(-0.0192668819254056,0.00111022903271863,0.0346));
#1001=CARTESIAN_POINT('',(-0.0229768897008573,-0.00224378961805854,0.0371));
#1002=CARTESIAN_POINT('',(-0.0229768897008573,-0.00224378961805854,0.0346));
#1003=CARTESIAN_POINT('',(-0.0236483447474481,0.0001784802814847,0.0346));
#1004=CARTESIAN_POINT('',(-0.0258327878481878,-0.00339574107538763,0.0371));
#1005=CARTESIAN_POINT('',(-0.0258327878481878,-0.00339574107538763,0.0346));
#1006=CARTESIAN_POINT('',(-0.026936753115127,-0.00114028286372174,0.0346));
#1007=CARTESIAN_POINT('',(-0.0277411158517694,-0.00455702956717096,0.0371));
#1008=CARTESIAN_POINT('',(-0.0277411158517694,-0.00455702956717096,0.0346));
#1009=CARTESIAN_POINT('',(-0.0292459581778277,-0.00253906547761665,0.0346));
#1010=CARTESIAN_POINT('',(-0.02930916043817,-0.00601093609685242,0.0371));
#1011=CARTESIAN_POINT('',(-0.02930916043817,-0.00601093609685242,0.0346));
#1012=CARTESIAN_POINT('',(-0.0312118605811439,-0.00435782090236446,0.0346));
#1013=CARTESIAN_POINT('',(-0.0305393360949601,-0.00778007151625337,0.0371));
#1014=CARTESIAN_POINT('',(-0.0305393360949601,-0.00778007151625337,0.0346));
#1015=CARTESIAN_POINT('',(-0.0327426407989737,-0.00656766014698769,0.0346));
#1016=CARTESIAN_POINT('',(-0.0314774302073095,-0.00987073688387251,0.0371));
#1017=CARTESIAN_POINT('',(-0.0314774302073095,-0.00987073688387251,0.0346));
#1018=CARTESIAN_POINT('',(-0.0338395639508203,-0.00902744164019858,0.0346));
#1019=CARTESIAN_POINT('',(-0.0323236466361028,-0.0128587840138045,0.0371));
#1020=CARTESIAN_POINT('',(-0.0323236466361028,-0.0128587840138045,0.0346));
#1021=CARTESIAN_POINT('',(-0.0348025298795922,-0.0124361603118503,0.0346));
#1022=CARTESIAN_POINT('',(-0.0327138333415036,-0.0168772085356489,0.0371));
#1023=CARTESIAN_POINT('',(-0.0327138333415036,-0.0168772085356489,0.0346));
#1024=CARTESIAN_POINT('',(-0.0352300082503595,-0.0168975848252112,0.0346));
#1025=CARTESIAN_POINT('',(-0.0322616301570386,-0.0208666370903291,0.0371));
#1026=CARTESIAN_POINT('',(-0.0322616301570386,-0.0208666370903291,0.0346));
#1027=CARTESIAN_POINT('',(-0.0347338078005935,-0.0213299134935557,0.0346));
#1028=CARTESIAN_POINT('',(-0.0313556198283383,-0.0238505956852458,0.0371));
#1029=CARTESIAN_POINT('',(-0.0313556198283383,-0.0238505956852458,0.0346));
#1030=CARTESIAN_POINT('',(-0.0337006882217188,-0.0247406099075267,0.0346));
#1031=CARTESIAN_POINT('',(-0.0303884149700583,-0.0258974097034156,0.0371));
#1032=CARTESIAN_POINT('',(-0.0303884149700583,-0.0258974097034156,0.0346));
#1033=CARTESIAN_POINT('',(-0.0325666463679036,-0.0271554018240581,0.0346));
#1034=CARTESIAN_POINT('',(-0.0291038481767923,-0.0276575078875988,0.0371));
#1035=CARTESIAN_POINT('',(-0.0291038481767923,-0.0276575078875988,0.0346));
#1036=CARTESIAN_POINT('',(-0.0309671514537866,-0.0293539290230113,0.0346));
#1037=CARTESIAN_POINT('',(-0.0275194946766234,-0.029072033473895,0.0371));
#1038=CARTESIAN_POINT('',(-0.0275194946766234,-0.029072033473895,0.0346));
#1039=CARTESIAN_POINT('',(-0.0289961258381187,-0.0311085678693706,0.0346));
#1040=CARTESIAN_POINT('',(-0.0255819615156975,-0.0302268531854145,0.0371));
#1041=CARTESIAN_POINT('',(-0.0255819615156975,-0.0302268531854145,0.0346));
#1042=CARTESIAN_POINT('',(-0.0266722072661708,-0.032487975499136,0.0346));
#1043=CARTESIAN_POINT('',(-0.0227165359416746,-0.0313744009011632,0.0371));
#1044=CARTESIAN_POINT('',(-0.0227165359416746,-0.0313744009011632,0.0346));
#1045=CARTESIAN_POINT('',(-0.023396562922056,-0.0337927316216847,0.0346));
#1046=CARTESIAN_POINT('',(-0.0186393015474521,-0.0322811807249652,0.0371));
#1047=CARTESIAN_POINT('',(-0.0186393015474521,-0.0322811807249652,0.0346));
#1048=CARTESIAN_POINT('',(-0.0190268294038959,-0.0347525725346326,0.0346));
#1049=CARTESIAN_POINT('',(-0.0134511047624186,-0.0329493799439086,0.0371));
#1050=CARTESIAN_POINT('',(-0.0134511047624186,-0.0329493799439086,0.0346));
#1051=CARTESIAN_POINT('',(-0.0137393194496835,-0.0354330975874658,0.0346));
#1052=CARTESIAN_POINT('',(-0.00802722621977563,-0.0337051625130757,0.0371));
#1053=CARTESIAN_POINT('',(-0.00802722621977562,-0.0337051625130757,0.0346));
#1054=CARTESIAN_POINT('',(-0.00845016913655163,-0.0361698562916777,0.0346));
#1055=CARTESIAN_POINT('',(-0.00276476853923642,-0.0346516915299295,0.0371));
#1056=CARTESIAN_POINT('',(-0.00276476853923642,-0.0346516915299295,0.0346));
#1057=CARTESIAN_POINT('',(-0.00319416809644975,-0.0371144295884382,0.0346));
#1058=CARTESIAN_POINT('',(0.00239606037054629,-0.0354444345554821,0.0371));
#1059=CARTESIAN_POINT('',(0.00239606037054629,-0.0354444345554821,0.0346));
#1060=CARTESIAN_POINT('',(0.00208385838349726,-0.0379268982574371,0.0346));
#1061=CARTESIAN_POINT('',(0.00660651860723627,-0.0357564369404677,0.0371));
#1062=CARTESIAN_POINT('',(0.00660651860723627,-0.0357564369404677,0.0346));
#1063=CARTESIAN_POINT('',(0.00652910853874245,-0.0382616577018049,0.0346));
#1064=CARTESIAN_POINT('',(0.00982645688172658,-0.0356118417057402,0.0371));
#1065=CARTESIAN_POINT('',(0.00982645688172657,-0.0356118417057401,0.0346));
#1066=CARTESIAN_POINT('',(0.0100607518630882,-0.0381058811065966,0.0346));
#1067=CARTESIAN_POINT('',(0.0121791765850838,-0.0352432132943938,0.0371));
#1068=CARTESIAN_POINT('',(0.0121791765850838,-0.0352432132943938,0.0346));
#1069=CARTESIAN_POINT('',(0.0127262215444693,-0.0376909675273946,0.0346));
#1070=CARTESIAN_POINT('',(0.014341000518452,-0.0345821463011529,0.0371));
#1071=CARTESIAN_POINT('',(0.014341000518452,-0.0345821463011529,0.0346));
#1072=CARTESIAN_POINT('',(0.0152666427349132,-0.036918653233468,0.0346));
#1073=CARTESIAN_POINT('',(0.0163343312421951,-0.0335668586095809,0.0371));
#1074=CARTESIAN_POINT('',(0.0163343312421951,-0.033566858609581,0.0346));
#1075=CARTESIAN_POINT('',(0.0176773138464864,-0.0356915128086311,0.0346));
#1076=CARTESIAN_POINT('',(0.0181270156748174,-0.0322139385069107,0.0371));
#1077=CARTESIAN_POINT('',(0.0181270156748174,-0.0322139385069107,0.0346));
#1078=CARTESIAN_POINT('',(0.0197983696797169,-0.0340869306194547,0.0346));
#1079=CARTESIAN_POINT('',(0.0202654663209213,-0.0299876349240561,0.0371));
#1080=CARTESIAN_POINT('',(0.0202654663209213,-0.029987634924056,0.0346));
#1081=CARTESIAN_POINT('',(0.0222873947116456,-0.0314926141406154,0.0346));
#1082=CARTESIAN_POINT('',(0.0219081112522767,-0.027327205687599,0.0371));
#1083=CARTESIAN_POINT('',(0.0219081112522767,-0.027327205687599,0.0346));
#1084=CARTESIAN_POINT('',(0.0241474116604526,-0.0284679591175335,0.0346));
#1085=CARTESIAN_POINT('',(0.023082133250649,-0.0243452520901546,0.0371));
#1086=CARTESIAN_POINT('',(0.023082133250649,-0.0243452520901546,0.0346));
#1087=CARTESIAN_POINT('',(0.0254621034524343,-0.0251274441048186,0.0346));
#1088=CARTESIAN_POINT('',(0.0239085536877974,-0.0212748742914683,0.0371));
#1089=CARTESIAN_POINT('',(0.0239085536877974,-0.0212748742914683,0.0346));
#1090=CARTESIAN_POINT('',(0.0263823523542483,-0.021707465325434,0.0346));
#1091=CARTESIAN_POINT('',(0.0243168179286127,-0.017256039274089,0.0371));
#1092=CARTESIAN_POINT('',(0.0243168179286128,-0.017256039274089,0.0346000000000001));
#1093=CARTESIAN_POINT('',(0.0268364802928243,-0.0172335369227822,0.0346000000000001));
#1094=CARTESIAN_POINT('',(0.023941687320888,-0.0140953986678725,0.0371));
#1095=CARTESIAN_POINT('',(0.023941687320888,-0.0140953986678725,0.0346));
#1096=CARTESIAN_POINT('',(0.0264190287489272,-0.0137136921896838,0.0346));
#1097=CARTESIAN_POINT('',(0.0235829884477847,-0.0125352749619792,0.0371));
#1098=CARTESIAN_POINT('',(0.0235829884477847,-0.0125352749619792,0.0346));
#1099=CARTESIAN_POINT('',(0.0260199144116032,-0.0119772500101471,0.0346));
#1100=CARTESIAN_POINT('',(0.0175424382571129,-0.00562895381522031,0.0406));
#1101=CARTESIAN_POINT('',(0.0194577752631439,-0.00402225404447029,0.0406));
#1102=CARTESIAN_POINT('',(0.0194577752631439,-0.00402225404447029,0.0381));
#1103=CARTESIAN_POINT('',(0.0180227170519175,-0.00620015312410503,0.0406));
#1104=CARTESIAN_POINT('',(0.0200195644634378,-0.00469036561373349,0.0406));
#1105=CARTESIAN_POINT('',(0.0200195644634378,-0.00469036561373349,0.0381));
#1106=CARTESIAN_POINT('',(0.0188556695940494,-0.00736355188152189,0.0406));
#1107=CARTESIAN_POINT('',(0.0209831020978414,-0.0060379458087921,0.0406));
#1108=CARTESIAN_POINT('',(0.0209831020978414,-0.0060379458087921,0.0381));
#1109=CARTESIAN_POINT('',(0.0198892756566569,-0.00927404298039316,0.0406));
#1110=CARTESIAN_POINT('',(0.0221632034821282,-0.00822074750609878,0.0406));
#1111=CARTESIAN_POINT('',(0.0221632034821282,-0.00822074750609877,0.0381));
#1112=CARTESIAN_POINT('',(0.0206935189980874,-0.0113178245595853,0.0406));
#1113=CARTESIAN_POINT('',(0.0230731546966677,-0.0105348730727806,0.0406));
#1114=CARTESIAN_POINT('',(0.0230731546966677,-0.0105348730727806,0.0381));
#1115=CARTESIAN_POINT('',(0.0214451337090073,-0.0141090636309776,0.0406));
#1116=CARTESIAN_POINT('',(0.0239198996961828,-0.0136786927493032,0.0406));
#1117=CARTESIAN_POINT('',(0.0239198996961828,-0.0136786927493032,0.0381));
#1118=CARTESIAN_POINT('',(0.0218027986526483,-0.0177630647072065,0.0406));
#1119=CARTESIAN_POINT('',(0.0243230947905957,-0.0178056144877014,0.0406));
#1120=CARTESIAN_POINT('',(0.0243230947905957,-0.0178056144877014,0.0381));
#1121=CARTESIAN_POINT('',(0.0213459688232998,-0.0213424204358252,0.0406));
#1122=CARTESIAN_POINT('',(0.0238088398547851,-0.0218371368016614,0.0406));
#1123=CARTESIAN_POINT('',(0.0238088398547851,-0.0218371368016614,0.0381));
#1124=CARTESIAN_POINT('',(0.0205035044759001,-0.0241430360266056,0.0406));
#1125=CARTESIAN_POINT('',(0.0228572758532117,-0.0250022577111,0.0406));
#1126=CARTESIAN_POINT('',(0.0228572758532117,-0.0250022577111,0.0381));
#1127=CARTESIAN_POINT('',(0.0196461451935453,-0.0261162855487213,0.0406));
#1128=CARTESIAN_POINT('',(0.0218805853085007,-0.0272519808272065,0.0406));
#1129=CARTESIAN_POINT('',(0.0218805853085007,-0.0272519808272065,0.0381));
#1130=CARTESIAN_POINT('',(0.0185397193037293,-0.0279820189902198,0.0406));
#1131=CARTESIAN_POINT('',(0.0206036332160352,-0.0294087839308273,0.0406));
#1132=CARTESIAN_POINT('',(0.0206036332160352,-0.0294087839308273,0.0381));
#1133=CARTESIAN_POINT('',(0.0171522476754634,-0.0296908264228135,0.0406));
#1134=CARTESIAN_POINT('',(0.0189660187622593,-0.0314279816677623,0.0406));
#1135=CARTESIAN_POINT('',(0.0189660187622593,-0.0314279816677623,0.0381));
#1136=CARTESIAN_POINT('',(0.0155001007280434,-0.0311310366744849,0.0406));
#1137=CARTESIAN_POINT('',(0.0169697255464288,-0.0331770523912684,0.0406));
#1138=CARTESIAN_POINT('',(0.0169697255464288,-0.0331770523912684,0.0381));
#1139=CARTESIAN_POINT('',(0.0135907380481442,-0.03220294772995,0.0406));
#1140=CARTESIAN_POINT('',(0.0145567542159113,-0.0345305693342341,0.0406));
#1141=CARTESIAN_POINT('',(0.0145567542159113,-0.0345305693342341,0.0381));
#1142=CARTESIAN_POINT('',(0.0114887148477943,-0.032837255866315,0.0406));
#1143=CARTESIAN_POINT('',(0.0120042080149605,-0.0352933227276797,0.0406));
#1144=CARTESIAN_POINT('',(0.0120042080149605,-0.0352933227276797,0.0381));
#1145=CARTESIAN_POINT('',(0.0093298214032063,-0.0331417625901718,0.0406));
#1146=CARTESIAN_POINT('',(0.00953156401660402,-0.0356380418478308,0.0406));
#1147=CARTESIAN_POINT('',(0.00953156401660402,-0.0356380418478308,0.0381));
#1148=CARTESIAN_POINT('',(0.00716075145135736,-0.0332147867222857,0.0406));
#1149=CARTESIAN_POINT('',(0.00714014748824401,-0.0357170014206924,0.0406));
#1150=CARTESIAN_POINT('',(0.00714014748824401,-0.0357170014206924,0.0381));
#1151=CARTESIAN_POINT('',(0.00424572989230591,-0.0330939781945281,0.0406));
#1152=CARTESIAN_POINT('',(0.00401703008074241,-0.0355862430520128,0.0406));
#1153=CARTESIAN_POINT('',(0.00401703008074242,-0.0355862430520128,0.0381));
#1154=CARTESIAN_POINT('',(0.000650179943577055,-0.0326630712639409,0.0406));
#1155=CARTESIAN_POINT('',(0.000279967222321501,-0.0351360678338216,0.0406));
#1156=CARTESIAN_POINT('',(0.000279967222321499,-0.0351360678338216,0.0381));
#1157=CARTESIAN_POINT('',(-0.00363905581669898,-0.0319542609783111,0.0406));
#1158=CARTESIAN_POINT('',(-0.00407144851248365,-0.0344164936386854,0.0406));
#1159=CARTESIAN_POINT('',(-0.00407144851248365,-0.0344164936386854,0.0381));
#1160=CARTESIAN_POINT('',(-0.00792092705026495,-0.0312026264307921,0.0406));
#1161=CARTESIAN_POINT('',(-0.00833297135728501,-0.0336688945469654,0.0406));
#1162=CARTESIAN_POINT('',(-0.00833297135728501,-0.0336688945469654,0.0381));
#1163=CARTESIAN_POINT('',(-0.012224133873739,-0.0305874750159958,0.0406));
#1164=CARTESIAN_POINT('',(-0.0125303250734337,-0.0330690648982902,0.0406));
#1165=CARTESIAN_POINT('',(-0.0125303250734337,-0.0330690648982902,0.0381));
#1166=CARTESIAN_POINT('',(-0.0165343659535879,-0.030043228655452,0.0406));
#1167=CARTESIAN_POINT('',(-0.0168779840168005,-0.0325192898638046,0.0406));
#1168=CARTESIAN_POINT('',(-0.0168779840168005,-0.0325192898638046,0.0381));
#1169=CARTESIAN_POINT('',(-0.0201128735568744,-0.0294276351583761,0.0406));
#1170=CARTESIAN_POINT('',(-0.0206232952321386,-0.031880570112955,0.0406));
#1171=CARTESIAN_POINT('',(-0.0206232952321386,-0.031880570112955,0.0381));
#1172=CARTESIAN_POINT('',(-0.0229060480264214,-0.0286257464382959,0.0406));
#1173=CARTESIAN_POINT('',(-0.0237219938949246,-0.0309951994689666,0.0406));
#1174=CARTESIAN_POINT('',(-0.0237219938949246,-0.0309951994689666,0.0381));
#1175=CARTESIAN_POINT('',(-0.0249214151837234,-0.0277649215537779,0.0406));
#1176=CARTESIAN_POINT('',(-0.0260946841532526,-0.0299887238579014,0.0406));
#1177=CARTESIAN_POINT('',(-0.0260946841532526,-0.0299887238579014,0.0381));
#1178=CARTESIAN_POINT('',(-0.026725370458567,-0.0265444341829932,0.0406));
#1179=CARTESIAN_POINT('',(-0.0284065424693562,-0.028444160023807,0.0406));
#1180=CARTESIAN_POINT('',(-0.0284065424693563,-0.0284441600238071,0.0381));
#1181=CARTESIAN_POINT('',(-0.0281440374605635,-0.0248197438790197,0.0406));
#1182=CARTESIAN_POINT('',(-0.0303159933798177,-0.0261144503899826,0.0406));
#1183=CARTESIAN_POINT('',(-0.0303159933798177,-0.0261144503899826,0.0381));
#1184=CARTESIAN_POINT('',(-0.0290545167301476,-0.022868333928545,0.0406));
#1185=CARTESIAN_POINT('',(-0.0314070022478907,-0.0237373550027682,0.0406));
#1186=CARTESIAN_POINT('',(-0.0314070022478908,-0.0237373550027682,0.0381));
#1187=CARTESIAN_POINT('',(-0.029663406128976,-0.0207633824719113,0.0406));
#1188=CARTESIAN_POINT('',(-0.0321144654762295,-0.0212912809703331,0.0406));
#1189=CARTESIAN_POINT('',(-0.0321144654762295,-0.0212912809703331,0.0381));
#1190=CARTESIAN_POINT('',(-0.0299899560986439,-0.0186353752995561,0.0406));
#1191=CARTESIAN_POINT('',(-0.0324829656203364,-0.0188773895579605,0.0406));
#1192=CARTESIAN_POINT('',(-0.0324829656203365,-0.0188773895579605,0.0381));
#1193=CARTESIAN_POINT('',(-0.0300841958700894,-0.0164785382461219,0.0406));
#1194=CARTESIAN_POINT('',(-0.0325888661479103,-0.0164528721893907,0.0406));
#1195=CARTESIAN_POINT('',(-0.0325888661479103,-0.0164528721893907,0.0381));
#1196=CARTESIAN_POINT('',(-0.0299431073806458,-0.0143005885514858,0.0406));
#1197=CARTESIAN_POINT('',(-0.0324305722562699,-0.0140020718500685,0.0406));
#1198=CARTESIAN_POINT('',(-0.0324305722562699,-0.0140020718500685,0.0381));
#1199=CARTESIAN_POINT('',(-0.0295633906786374,-0.0121917980764968,0.0406));
#1200=CARTESIAN_POINT('',(-0.0319986273272851,-0.0115963572031741,0.0406));
#1201=CARTESIAN_POINT('',(-0.0319986273272852,-0.0115963572031741,0.0381));
#1202=CARTESIAN_POINT('',(-0.028905100057848,-0.0101365427194428,0.0406));
#1203=CARTESIAN_POINT('',(-0.0312322633369524,-0.00919256523609208,0.0406));
#1204=CARTESIAN_POINT('',(-0.0312322633369524,-0.00919256523609208,0.0381));
#1205=CARTESIAN_POINT('',(-0.0278831395532374,-0.00818787189424614,0.0406));
#1206=CARTESIAN_POINT('',(-0.029964951806031,-0.0067411505362963,0.0406));
#1207=CARTESIAN_POINT('',(-0.029964951806031,-0.0067411505362963,0.0381));
#1208=CARTESIAN_POINT('',(-0.026345094090761,-0.00660241102029961,0.0406));
#1209=CARTESIAN_POINT('',(-0.0278697718846098,-0.0045771466680614,0.0406));
#1210=CARTESIAN_POINT('',(-0.0278697718846098,-0.00457714666806141,0.0381));
#1211=CARTESIAN_POINT('',(-0.0244451957849704,-0.00549894739414346,0.0406));
#1212=CARTESIAN_POINT('',(-0.0254799754735414,-0.00321126299029364,0.0406));
#1213=CARTESIAN_POINT('',(-0.0254799754735414,-0.00321126299029364,0.0381));
#1214=CARTESIAN_POINT('',(-0.0224039113991554,-0.00475161471284114,0.0406));
#1215=CARTESIAN_POINT('',(-0.0231163274617413,-0.00235028584032763,0.0406));
#1216=CARTESIAN_POINT('',(-0.0231163274617413,-0.00235028584032764,0.0381));
#1217=CARTESIAN_POINT('',(-0.0196106301878421,-0.0040588531558366,0.0406));
#1218=CARTESIAN_POINT('',(-0.0200535276843701,-0.00159426651974342,0.0406));
#1219=CARTESIAN_POINT('',(-0.0200535276843701,-0.00159426651974342,0.0381));
#1220=CARTESIAN_POINT('',(-0.0160215558841509,-0.00352405867806143,0.0406));
#1221=CARTESIAN_POINT('',(-0.0163218513057982,-0.00104248887319866,0.0406));
#1222=CARTESIAN_POINT('',(-0.0163218513057982,-0.00104248887319866,0.0381));
#1223=CARTESIAN_POINT('',(-0.011717898762986,-0.00303407673823259,0.0406));
#1224=CARTESIAN_POINT('',(-0.0120122316374162,-0.00055106591906485,0.0406));
#1225=CARTESIAN_POINT('',(-0.0120122316374162,-0.000551065919064849,0.0381));
#1226=CARTESIAN_POINT('',(-0.00741963039669847,-0.00242957595390166,0.0406));
#1227=CARTESIAN_POINT('',(-0.00780902930103467,4.01645709808084E-5,0.0406));
#1228=CARTESIAN_POINT('',(-0.00780902930103467,4.01645709808085E-5,0.0381));
#1229=CARTESIAN_POINT('',(-0.00312823134471016,-0.00175766815868188,0.0406));
#1230=CARTESIAN_POINT('',(-0.00349875912346974,0.000714801552040807,0.0406));
#1231=CARTESIAN_POINT('',(-0.00349875912346974,0.000714801552040809,0.0381));
#1232=CARTESIAN_POINT('',(0.00117182712425812,-0.00118414271951839,0.0406));
#1233=CARTESIAN_POINT('',(0.000896380227086125,0.00130179536261554,0.0406));
#1234=CARTESIAN_POINT('',(0.000896380227086125,0.00130179536261554,0.0381));
#1235=CARTESIAN_POINT('',(0.00477339007937446,-0.000922242541805638,0.0406));
#1236=CARTESIAN_POINT('',(0.00467645200399302,0.00157972992547229,0.0406));
#1237=CARTESIAN_POINT('',(0.00467645200399302,0.00157972992547229,0.0381));
#1238=CARTESIAN_POINT('',(0.00767750530340867,-0.000981190452867455,0.0406));
#1239=CARTESIAN_POINT('',(0.00782591887679407,0.00151763230005503,0.0406));
#1240=CARTESIAN_POINT('',(0.00782591887679407,0.00151763230005503,0.0381));
#1241=CARTESIAN_POINT('',(0.00987159251938969,-0.00121782074373018,0.0406));
#1242=CARTESIAN_POINT('',(0.0102795103241516,0.00125456749883478,0.0406));
#1243=CARTESIAN_POINT('',(0.0102795103241516,0.00125456749883478,0.0381));
#1244=CARTESIAN_POINT('',(0.0120914621369043,-0.00174544208069949,0.0406));
#1245=CARTESIAN_POINT('',(0.0128635978104455,0.000647459904525594,0.0406));
#1246=CARTESIAN_POINT('',(0.0128635978104455,0.000647459904525596,0.0381));
#1247=CARTESIAN_POINT('',(0.014149360183235,-0.00264794247182697,0.0406));
#1248=CARTESIAN_POINT('',(0.015404291882267,-0.000464350237672977,0.0406));
#1249=CARTESIAN_POINT('',(0.015404291882267,-0.000464350237672976,0.0381));
#1250=CARTESIAN_POINT('',(0.0157001286946629,-0.00375778726159372,0.0406));
#1251=CARTESIAN_POINT('',(0.0172800678582266,-0.00181102815979793,0.0406));
#1252=CARTESIAN_POINT('',(0.0172800678582266,-0.00181102815979794,0.0381));
#1253=CARTESIAN_POINT('',(0.0167901188030367,-0.00477740488680509,0.0406));
#1254=CARTESIAN_POINT('',(0.0185750812711571,-0.00302292595470854,0.0406));
#1255=CARTESIAN_POINT('',(0.0185750812711571,-0.00302292595470854,0.0381));
#1256=CARTESIAN_POINT('',(0.0173022988597106,-0.00534335416077795,0.0406));
#1257=CARTESIAN_POINT('',(0.019176880662997,-0.00368819825983868,0.0406));
#1258=CARTESIAN_POINT('',(0.019176880662997,-0.00368819825983869,0.0381));
#1259=CARTESIAN_POINT('',(0.0175424382571129,-0.00562895381522031,0.0406));
#1260=CARTESIAN_POINT('',(0.0194577752631439,-0.00402225404447029,0.0406));
#1261=CARTESIAN_POINT('',(0.0194577752631439,-0.00402225404447029,0.0381));
#1262=CARTESIAN_POINT('',(0.055314508126123,-0.0268012227476789,0.0361));
#1263=CARTESIAN_POINT('',(0.0553145081261229,-0.0268012227476789,0.0376));
#1264=CARTESIAN_POINT('',(0.0567769640967067,-0.0271347231736216,0.0376));
#1265=CARTESIAN_POINT('',(0.0550053486115047,-0.0281574766520517,0.0361));
#1266=CARTESIAN_POINT('',(0.0550053486115047,-0.0281574766520517,0.0376));
#1267=CARTESIAN_POINT('',(0.0564572015826507,-0.0285375022731123,0.0376));
#1268=CARTESIAN_POINT('',(0.0542590910774289,-0.0308315836910537,0.0361));
#1269=CARTESIAN_POINT('',(0.0542590910774289,-0.0308315836910537,0.0376));
#1270=CARTESIAN_POINT('',(0.0556850052688256,-0.0313050283138679,0.0376));
#1271=CARTESIAN_POINT('',(0.0527680706157548,-0.0346570488044999,0.0361));
#1272=CARTESIAN_POINT('',(0.0527680706157548,-0.0346570488044999,0.0376));
#1273=CARTESIAN_POINT('',(0.054138319666866,-0.0352742680131279,0.0376));
#1274=CARTESIAN_POINT('',(0.0508852450199503,-0.0382887975149026,0.0361));
#1275=CARTESIAN_POINT('',(0.0508852450199503,-0.0382887975149026,0.0376));
#1276=CARTESIAN_POINT('',(0.0521773667705092,-0.0390580622228563,0.0376));
#1277=CARTESIAN_POINT('',(0.0485257836775492,-0.0417193824801882,0.0361));
#1278=CARTESIAN_POINT('',(0.0485257836775492,-0.0417193824801882,0.0376));
#1279=CARTESIAN_POINT('',(0.0497048771293997,-0.0426549108858846,0.0376));
#1280=CARTESIAN_POINT('',(0.0457635469192243,-0.044706659363724,0.0361));
#1281=CARTESIAN_POINT('',(0.0457635469192243,-0.044706659363724,0.0376));
#1282=CARTESIAN_POINT('',(0.0467850881026553,-0.0458147635193603,0.0376));
#1283=CARTESIAN_POINT('',(0.0425069837606959,-0.0471994764957234,0.0361));
#1284=CARTESIAN_POINT('',(0.0425069837606958,-0.0471994764957234,0.0376));
#1285=CARTESIAN_POINT('',(0.0433079976634464,-0.0484798653151769,0.0376));
#1286=CARTESIAN_POINT('',(0.0395249801550076,-0.0486550493180621,0.0361));
#1287=CARTESIAN_POINT('',(0.0395249801550076,-0.0486550493180621,0.0376));
#1288=CARTESIAN_POINT('',(0.0400833558727119,-0.0500549540167622,0.0376));
#1289=CARTESIAN_POINT('',(0.0369328153080686,-0.0494240347000073,0.0361));
#1290=CARTESIAN_POINT('',(0.0369328153080686,-0.0494240347000073,0.0376));
#1291=CARTESIAN_POINT('',(0.0372831954262402,-0.050885200252451,0.0376));
#1292=CARTESIAN_POINT('',(0.0342932585480894,-0.0499259245180538,0.0361));
#1293=CARTESIAN_POINT('',(0.0342932585480894,-0.0499259245180538,0.0376));
#1294=CARTESIAN_POINT('',(0.0344596564233567,-0.0514212631672506,0.0376));
#1295=CARTESIAN_POINT('',(0.0308489560444202,-0.0501206177445858,0.0361));
#1296=CARTESIAN_POINT('',(0.0308489560444202,-0.0501206177445858,0.0376));
#1297=CARTESIAN_POINT('',(0.0308235479692113,-0.0516245518827252,0.0376));
#1298=CARTESIAN_POINT('',(0.0253374631591402,-0.0497125440116103,0.0361));
#1299=CARTESIAN_POINT('',(0.0253374631591401,-0.0497125440116103,0.0376));
#1300=CARTESIAN_POINT('',(0.0250987776436886,-0.0511982568300093,0.0376));
#1301=CARTESIAN_POINT('',(0.0184934431828531,-0.0482826747464242,0.0361));
#1302=CARTESIAN_POINT('',(0.0184934431828531,-0.0482826747464242,0.0376));
#1303=CARTESIAN_POINT('',(0.018109956661069,-0.0497339550089643,0.0376));
#1304=CARTESIAN_POINT('',(0.0102835622180871,-0.0458652932897293,0.0361));
#1305=CARTESIAN_POINT('',(0.0102835622180871,-0.0458652932897293,0.0376));
#1306=CARTESIAN_POINT('',(0.00983330826624246,-0.0472960717239259,0.0376));
#1307=CARTESIAN_POINT('',(0.00207914633878967,-0.0432492720381281,0.0361));
#1308=CARTESIAN_POINT('',(0.00207914633878966,-0.0432492720381281,0.0376));
#1309=CARTESIAN_POINT('',(0.0016265617249788,-0.0446798633644836,0.0376));
#1310=CARTESIAN_POINT('',(-0.00632938216431291,-0.0408526654956638,0.0361));
#1311=CARTESIAN_POINT('',(-0.0063293821643129,-0.0408526654956638,0.0376));
#1312=CARTESIAN_POINT('',(-0.00667173813775782,-0.0423148952086751,0.0376));
#1313=CARTESIAN_POINT('',(-0.0148753302894569,-0.0392130178013842,0.0361));
#1314=CARTESIAN_POINT('',(-0.0148753302894569,-0.0392130178013842,0.0376));
#1315=CARTESIAN_POINT('',(-0.0151272467463459,-0.0406912947431245,0.0376));
#1316=CARTESIAN_POINT('',(-0.0218994152309416,-0.0379293790909259,0.0361));
#1317=CARTESIAN_POINT('',(-0.0218994152309416,-0.0379293790909259,0.0376));
#1318=CARTESIAN_POINT('',(-0.0222018834675546,-0.0394005590758932,0.0376));
#1319=CARTESIAN_POINT('',(-0.0272573294896497,-0.036477993174299,0.0361));
#1320=CARTESIAN_POINT('',(-0.0272573294896497,-0.036477993174299,0.0376));
#1321=CARTESIAN_POINT('',(-0.0277140313001869,-0.037909632537774,0.0376));
#1322=CARTESIAN_POINT('',(-0.0310953480652228,-0.034967376505845,0.0361));
#1323=CARTESIAN_POINT('',(-0.0310953480652228,-0.0349673765058451,0.0376));
#1324=CARTESIAN_POINT('',(-0.0317516857144617,-0.0363249355768291,0.0376));
#1325=CARTESIAN_POINT('',(-0.0339111513184795,-0.0332265481325237,0.0361));
#1326=CARTESIAN_POINT('',(-0.0339111513184795,-0.0332265481325237,0.0376));
#1327=CARTESIAN_POINT('',(-0.0348018986247279,-0.0344449640585511,0.0376));
#1328=CARTESIAN_POINT('',(-0.0358649423979285,-0.0314437910028655,0.0361));
#1329=CARTESIAN_POINT('',(-0.0358649423979285,-0.0314437910028655,0.0376));
#1330=CARTESIAN_POINT('',(-0.0369502902374991,-0.0324859556759847,0.0376));
#1331=CARTESIAN_POINT('',(-0.0371094128057247,-0.0299551315980459,0.0361));
#1332=CARTESIAN_POINT('',(-0.0371094128057247,-0.0299551315980459,0.0376));
#1333=CARTESIAN_POINT('',(-0.0383253639294085,-0.0308404719337285,0.0376));
#1334=CARTESIAN_POINT('',(-0.0381691808309014,-0.0283018679182143,0.0361));
#1335=CARTESIAN_POINT('',(-0.0381691808309014,-0.0283018679182143,0.0376));
#1336=CARTESIAN_POINT('',(-0.0394796867519129,-0.0290378683865551,0.0376));
#1337=CARTESIAN_POINT('',(-0.0393600170767094,-0.0258880204328868,0.0361));
#1338=CARTESIAN_POINT('',(-0.0393600170767094,-0.0258880204328868,0.0376));
#1339=CARTESIAN_POINT('',(-0.0407624669127131,-0.0264359827855584,0.0376));
#1340=CARTESIAN_POINT('',(-0.0403905280718447,-0.02270737362876,0.0361));
#1341=CARTESIAN_POINT('',(-0.0403905280718447,-0.02270737362876,0.0376));
#1342=CARTESIAN_POINT('',(-0.0418567061227904,-0.0230516681475418,0.0376));
#1343=CARTESIAN_POINT('',(-0.0410255363903269,-0.0186414204999875,0.0361));
#1344=CARTESIAN_POINT('',(-0.0410255363903269,-0.0186414204999875,0.0376));
#1345=CARTESIAN_POINT('',(-0.0425257319648872,-0.0187628340349446,0.0376));
#1346=CARTESIAN_POINT('',(-0.0410670274023255,-0.0145755381002991,0.0361));
#1347=CARTESIAN_POINT('',(-0.0410670274023255,-0.0145755381002991,0.0376));
#1348=CARTESIAN_POINT('',(-0.0425696826696422,-0.0144845046548024,0.0376));
#1349=CARTESIAN_POINT('',(-0.0405084073070116,-0.0105014937537617,0.0361));
#1350=CARTESIAN_POINT('',(-0.0405084073070116,-0.0105014937537617,0.0376));
#1351=CARTESIAN_POINT('',(-0.0419799587054053,-0.0101811293232441,0.0376));
#1352=CARTESIAN_POINT('',(-0.0393268844887005,-0.00666816477644249,0.0361));
#1353=CARTESIAN_POINT('',(-0.0393268844887005,-0.00666816477644249,0.0376));
#1354=CARTESIAN_POINT('',(-0.0407255636884244,-0.00609665499671511,0.0376));
#1355=CARTESIAN_POINT('',(-0.0373838627380972,-0.00313684601445369,0.0361));
#1356=CARTESIAN_POINT('',(-0.0373838627380972,-0.00313684601445369,0.0376));
#1357=CARTESIAN_POINT('',(-0.0386091279607019,-0.00224318191499469,0.0376));
#1358=CARTESIAN_POINT('',(-0.0346947931798999,-0.000293668836643891,0.0361));
#1359=CARTESIAN_POINT('',(-0.0346947931798999,-0.000293668836643892,0.0376));
#1360=CARTESIAN_POINT('',(-0.035663580515778,0.000867566332702747,0.0376));
#1361=CARTESIAN_POINT('',(-0.0313392726883252,0.00199189287597765,0.0361));
#1362=CARTESIAN_POINT('',(-0.0313392726883252,0.00199189287597765,0.0376));
#1363=CARTESIAN_POINT('',(-0.0320706260752386,0.00330824853242468,0.0376));
#1364=CARTESIAN_POINT('',(-0.0264183219260971,0.0043081597170589,0.0361));
#1365=CARTESIAN_POINT('',(-0.0264183219260971,0.00430815971705891,0.0376));
#1366=CARTESIAN_POINT('',(-0.0269218832094844,0.00572743324858461,0.0376));
#1367=CARTESIAN_POINT('',(-0.0196581527554651,0.0063543323517819,0.0361));
#1368=CARTESIAN_POINT('',(-0.0196581527554651,0.0063543323517819,0.0376));
#1369=CARTESIAN_POINT('',(-0.0200271349060009,0.00780808188842496,0.0376));
#1370=CARTESIAN_POINT('',(-0.0127194788062221,0.00801816281488705,0.0361));
#1371=CARTESIAN_POINT('',(-0.0127194788062221,0.00801816281488705,0.0376));
#1372=CARTESIAN_POINT('',(-0.0130698485218939,0.00947676766661769,0.0376));
#1373=CARTESIAN_POINT('',(-0.00712830156100452,0.00943751598211696,0.0361));
#1374=CARTESIAN_POINT('',(-0.00712830156100452,0.00943751598211695,0.0376));
#1375=CARTESIAN_POINT('',(-0.00751320405127686,0.0108874295590495,0.0376));
#1376=CARTESIAN_POINT('',(-0.00156380610772549,0.0109917541468861,0.0361));
#1377=CARTESIAN_POINT('',(-0.00156380610772549,0.0109917541468861,0.0376));
#1378=CARTESIAN_POINT('',(-0.00199063335822905,0.0124299097649174,0.0376));
#1379=CARTESIAN_POINT('',(0.00530582264625133,0.0130497728877018,0.0361));
#1380=CARTESIAN_POINT('',(0.00530582264625133,0.0130497728877018,0.0376));
#1381=CARTESIAN_POINT('',(0.00488020480206068,0.0144881333922476,0.0376));
#1382=CARTESIAN_POINT('',(0.0135376359773865,0.0153434079745446,0.0361));
#1383=CARTESIAN_POINT('',(0.0135376359773865,0.0153434079745446,0.0376));
#1384=CARTESIAN_POINT('',(0.0131682980473635,0.0167979837775689,0.0376));
#1385=CARTESIAN_POINT('',(0.0204299467357002,0.01680040465186,0.0361));
#1386=CARTESIAN_POINT('',(0.0204299467357002,0.01680040465186,0.0376));
#1387=CARTESIAN_POINT('',(0.0201724442708514,0.0182808974554195,0.0376));
#1388=CARTESIAN_POINT('',(0.0260400918146274,0.0174120706936163,0.0361));
#1389=CARTESIAN_POINT('',(0.0260400918146274,0.0174120706936163,0.0376));
#1390=CARTESIAN_POINT('',(0.0259392322027057,0.0189107786033878,0.0376));
#1391=CARTESIAN_POINT('',(0.0301909257609711,0.0174800271347781,0.0361));
#1392=CARTESIAN_POINT('',(0.0301909257609711,0.0174800271347781,0.0376));
#1393=CARTESIAN_POINT('',(0.0302505179671209,0.0189825731240186,0.0376));
#1394=CARTESIAN_POINT('',(0.0343166156494192,0.0170282870047369,0.0361));
#1395=CARTESIAN_POINT('',(0.0343166156494192,0.0170282870047369,0.0376));
#1396=CARTESIAN_POINT('',(0.034590449157878,0.0185099900663587,0.0376));
#1397=CARTESIAN_POINT('',(0.0382029521841654,0.0159474590636944,0.0361));
#1398=CARTESIAN_POINT('',(0.0382029521841654,0.0159474590636944,0.0376));
#1399=CARTESIAN_POINT('',(0.0387454550392912,0.0173565811536264,0.0376));
#1400=CARTESIAN_POINT('',(0.0418424863212048,0.0141016808966312,0.0361));
#1401=CARTESIAN_POINT('',(0.0418424863212048,0.0141016808966312,0.0376));
#1402=CARTESIAN_POINT('',(0.0426514768400379,0.015375096088414,0.0376));
#1403=CARTESIAN_POINT('',(0.0450728278730685,0.0116407506423087,0.0361));
#1404=CARTESIAN_POINT('',(0.0450728278730685,0.0116407506423087,0.0376));
#1405=CARTESIAN_POINT('',(0.0460814633407149,0.0127592321015165,0.0376));
#1406=CARTESIAN_POINT('',(0.0479348007669478,0.00863478706653562,0.0361));
#1407=CARTESIAN_POINT('',(0.0479348007669477,0.00863478706653562,0.0376));
#1408=CARTESIAN_POINT('',(0.0490974071669146,0.0095901542101932,0.0376));
#1409=CARTESIAN_POINT('',(0.0503270873093226,0.00530276610279447,0.0361));
#1410=CARTESIAN_POINT('',(0.0503270873093226,0.00530276610279447,0.0376));
#1411=CARTESIAN_POINT('',(0.0516002311073916,0.00610254913780119,0.0376));
#1412=CARTESIAN_POINT('',(0.0523319760487516,0.00166525918234632,0.0361));
#1413=CARTESIAN_POINT('',(0.0523319760487516,0.00166525918234632,0.0376));
#1414=CARTESIAN_POINT('',(0.053687198351902,0.0023151071539069,0.0376));
#1415=CARTESIAN_POINT('',(0.0544736922874727,-0.00348714646717455,0.0361));
#1416=CARTESIAN_POINT('',(0.0544736922874727,-0.00348714646717455,0.0376));
#1417=CARTESIAN_POINT('',(0.0559083198809367,-0.00302963854023704,0.0376));
#1418=CARTESIAN_POINT('',(0.0558158932572386,-0.00883243186651173,0.0361));
#1419=CARTESIAN_POINT('',(0.0558158932572386,-0.00883243186651174,0.0376));
#1420=CARTESIAN_POINT('',(0.0572952803729058,-0.00855606115106997,0.0376));
#1421=CARTESIAN_POINT('',(0.0564140561486088,-0.0144146289110491,0.0361));
#1422=CARTESIAN_POINT('',(0.0564140561486088,-0.0144146289110491,0.0376));
#1423=CARTESIAN_POINT('',(0.0579137428028767,-0.0143257917708437,0.0376));
#1424=CARTESIAN_POINT('',(0.0564583984528201,-0.0185662042941952,0.0361));
#1425=CARTESIAN_POINT('',(0.0564583984528201,-0.0185662042941952,0.0376));
#1426=CARTESIAN_POINT('',(0.0579596062302484,-0.0186216423635252,0.0376));
#1427=CARTESIAN_POINT('',(0.0561140481651387,-0.022694060264817,0.0361));
#1428=CARTESIAN_POINT('',(0.0561140481651387,-0.022694060264817,0.0376));
#1429=CARTESIAN_POINT('',(0.0576035803531616,-0.0228883537169237,0.0376));
#1430=CARTESIAN_POINT('',(0.0556236676407413,-0.0254449688433061,0.0361));
#1431=CARTESIAN_POINT('',(0.0556236676407412,-0.0254449688433061,0.0376));
#1432=CARTESIAN_POINT('',(0.0570967266107627,-0.0257319440741309,0.0376));
#1433=CARTESIAN_POINT('',(0.055314508126123,-0.0268012227476789,0.0361));
#1434=CARTESIAN_POINT('',(0.0553145081261229,-0.0268012227476789,0.0376));
#1435=CARTESIAN_POINT('',(0.0567769640967067,-0.0271347231736216,0.0376));
#1436=CARTESIAN_POINT('',(0.0560415697773202,-0.0238155683480686,0.0361));
#1437=CARTESIAN_POINT('',(0.0566907069097811,-0.0169048859227214,0.0361));
#1438=CARTESIAN_POINT('',(0.0558599181186956,-0.00849923029542489,0.0361));
#1439=CARTESIAN_POINT('',(0.0539338135888522,-0.00189679705533823,0.0361));
#1440=CARTESIAN_POINT('',(0.0515587202349221,0.00318892070300642,0.0361));
#1441=CARTESIAN_POINT('',(0.0493883991847474,0.00671979625714633,0.0361));
#1442=CARTESIAN_POINT('',(0.0467664334934641,0.00997737354933489,0.0361));
#1443=CARTESIAN_POINT('',(0.0441843789438227,0.0123497991724435,0.0361));
#1444=CARTESIAN_POINT('',(0.0419170451703927,0.0139472331248959,0.0361));
#1445=CARTESIAN_POINT('',(0.0394716160437115,0.0153502736719845,0.0361));
#1446=CARTESIAN_POINT('',(0.0362410033608789,0.0165969392810541,0.0361));
#1447=CARTESIAN_POINT('',(0.0320868275202733,0.0173504617191257,0.0361));
#1448=CARTESIAN_POINT('',(0.0265325691807427,0.017545006140524,0.0361));
#1449=CARTESIAN_POINT('',(0.0195738894813118,0.0166951474505183,0.0361));
#1450=CARTESIAN_POINT('',(0.011505308889921,0.0148081087077271,0.0361));
#1451=CARTESIAN_POINT('',(0.00351800031186281,0.0125181186367996,0.0361));
#1452=CARTESIAN_POINT('',(-0.0044401795320983,0.0101337511122931,0.0361));
#1453=CARTESIAN_POINT('',(-0.0124827937170144,0.00807123337785581,0.0361));
#1454=CARTESIAN_POINT('',(-0.0205400462286389,0.00612351318725494,0.0361));
#1455=CARTESIAN_POINT('',(-0.0271704180768856,0.00403452473386,0.0361));
#1456=CARTESIAN_POINT('',(-0.032081064829257,0.00156834475090213,0.0361));
#1457=CARTESIAN_POINT('',(-0.0354487533419485,-0.000937817111635818,0.0361));
#1458=CARTESIAN_POINT('',(-0.0376460926245716,-0.003613798825511,0.0361));
#1459=CARTESIAN_POINT('',(-0.0389665510559839,-0.00609623844659358,0.0361));
#1460=CARTESIAN_POINT('',(-0.0399872030777784,-0.00866033350491112,0.0361));
#1461=CARTESIAN_POINT('',(-0.0407988944273315,-0.0120370008142249,0.0361));
#1462=CARTESIAN_POINT('',(-0.0411227103962904,-0.0161847974330871,0.0361));
#1463=CARTESIAN_POINT('',(-0.040838401365035,-0.0203447735952366,0.0361));
#1464=CARTESIAN_POINT('',(-0.0399395340382058,-0.02439115128029,0.0361));
#1465=CARTESIAN_POINT('',(-0.0383303726991746,-0.0282663460636163,0.0361));
#1466=CARTESIAN_POINT('',(-0.0363081260769041,-0.0310721924466107,0.0361));
#1467=CARTESIAN_POINT('',(-0.0342067141459616,-0.0329381807577361,0.0361));
#1468=CARTESIAN_POINT('',(-0.0319277865865421,-0.0344900960585746,0.0361));
#1469=CARTESIAN_POINT('',(-0.0287474067137654,-0.0359672279276991,0.0361));
#1470=CARTESIAN_POINT('',(-0.0247943611009977,-0.0371838042202085,0.0361));
#1471=CARTESIAN_POINT('',(-0.0193964224432113,-0.0384174057403796,0.0361));
#1472=CARTESIAN_POINT('',(-0.0125655541193753,-0.039615244745463,0.0361));
#1473=CARTESIAN_POINT('',(-0.00442723966600211,-0.0413376579048604,0.0361));
#1474=CARTESIAN_POINT('',(0.00355402159383082,-0.0437207243891737,0.0361));
#1475=CARTESIAN_POINT('',(0.0114817265080217,-0.0462377109727851,0.0361));
#1476=CARTESIAN_POINT('',(0.0194904224872856,-0.0485333348728658,0.0361));
#1477=CARTESIAN_POINT('',(0.0262438832376435,-0.049852127402596,0.0361));
#1478=CARTESIAN_POINT('',(0.031818065344236,-0.050122469856424,0.0361));
#1479=CARTESIAN_POINT('',(0.0359924155436451,-0.0497368283922355,0.0361));
#1480=CARTESIAN_POINT('',(0.0400457432563724,-0.0485193223649985,0.0361));
#1481=CARTESIAN_POINT('',(0.0436665931301644,-0.0464305407224544,0.0361));
#1482=CARTESIAN_POINT('',(0.0468365727825253,-0.0436633324467247,0.0361));
#1483=CARTESIAN_POINT('',(0.0494943744462671,-0.0404327436802974,0.0361));
#1484=CARTESIAN_POINT('',(0.0516829575267044,-0.0368737621670516,0.0361));
#1485=CARTESIAN_POINT('',(0.0534106939206784,-0.0331472340242731,0.0361));
#1486=CARTESIAN_POINT('',(0.0547516921996954,-0.0292481328829692,0.0361));
#1487=CARTESIAN_POINT('',(0.0560415697773202,-0.0238155683480686,0.0361));
#1488=CARTESIAN_POINT('',(0.0566907069097811,-0.0169048859227214,0.0361));
#1489=CARTESIAN_POINT('',(0.0558599181186956,-0.00849923029542489,0.0361));
#1490=CARTESIAN_POINT('',(0.0564224146847747,-0.0168860798032414,0.0361));
#1491=CARTESIAN_POINT('',(0.0493460214045379,-0.0377693937607817,0.0346));
#1492=CARTESIAN_POINT('',(0.0506240909728442,-0.0385545932122394,0.0346));
#1493=CARTESIAN_POINT('',(0.0506240909728441,-0.0385545932122394,0.0361));
#1494=CARTESIAN_POINT('',(0.0496972200872232,-0.0371970139989724,0.0346));
#1495=CARTESIAN_POINT('',(0.0509920537171476,-0.0379548815621886,0.0346));
#1496=CARTESIAN_POINT('',(0.0509920537171476,-0.0379548815621886,0.0361));
#1497=CARTESIAN_POINT('',(0.0503729460568457,-0.0360143628304216,0.0346));
#1498=CARTESIAN_POINT('',(0.0516987489727635,-0.0367179041411939,0.0346));
#1499=CARTESIAN_POINT('',(0.0516987489727635,-0.0367179041411939,0.0361));
#1500=CARTESIAN_POINT('',(0.0515591895155707,-0.0336109847252732,0.0346));
#1501=CARTESIAN_POINT('',(0.0529356416599233,-0.0342116477534075,0.0346));
#1502=CARTESIAN_POINT('',(0.0529356416599233,-0.0342116477534075,0.0361));
#1503=CARTESIAN_POINT('',(0.053279290241167,-0.029254644970434,0.0346));
#1504=CARTESIAN_POINT('',(0.0547225631011798,-0.0296845633081324,0.0346));
#1505=CARTESIAN_POINT('',(0.0547225631011798,-0.0296845633081324,0.0361));
#1506=CARTESIAN_POINT('',(0.0544947130928782,-0.0239475314291123,0.0346));
#1507=CARTESIAN_POINT('',(0.0559796200465743,-0.0241921756041703,0.0346));
#1508=CARTESIAN_POINT('',(0.0559796200465743,-0.0241921756041703,0.0361));
#1509=CARTESIAN_POINT('',(0.0549543060322556,-0.0186143684922027,0.0346));
#1510=CARTESIAN_POINT('',(0.056455426780544,-0.0186734939979106,0.0346));
#1511=CARTESIAN_POINT('',(0.056455426780544,-0.0186734939979106,0.0361));
#1512=CARTESIAN_POINT('',(0.0549184544691533,-0.014569959777439,0.0346));
#1513=CARTESIAN_POINT('',(0.0564182701773462,-0.0144834613819262,0.0346));
#1514=CARTESIAN_POINT('',(0.0564182701773462,-0.0144834613819262,0.0361));
#1515=CARTESIAN_POINT('',(0.0544934439735805,-0.0105345709992979,0.0346));
#1516=CARTESIAN_POINT('',(0.0559783912099907,-0.0103077951322133,0.0346));
#1517=CARTESIAN_POINT('',(0.0559783912099907,-0.0103077951322133,0.0361));
#1518=CARTESIAN_POINT('',(0.0537037763961233,-0.00660752484763034,0.0346));
#1519=CARTESIAN_POINT('',(0.0551611561083841,-0.00624330890725673,0.0346));
#1520=CARTESIAN_POINT('',(0.0551611561083841,-0.00624330890725673,0.0361));
#1521=CARTESIAN_POINT('',(0.0525491360506466,-0.0027691338676423,0.0346));
#1522=CARTESIAN_POINT('',(0.0539649622518875,-0.00226599582373552,0.0346));
#1523=CARTESIAN_POINT('',(0.0539649622518875,-0.00226599582373553,0.0361));
#1524=CARTESIAN_POINT('',(0.0504675115397411,0.00224518956398411,0.0346));
#1525=CARTESIAN_POINT('',(0.051802918941499,0.00294254981901682,0.0346));
#1526=CARTESIAN_POINT('',(0.051802918941499,0.00294254981901683,0.0361));
#1527=CARTESIAN_POINT('',(0.0476237090681666,0.00682258916273311,0.0346));
#1528=CARTESIAN_POINT('',(0.0488352284633021,0.00772753969193702,0.0346));
#1529=CARTESIAN_POINT('',(0.0488352284633021,0.00772753969193701,0.0361));
#1530=CARTESIAN_POINT('',(0.0438418475121778,0.010734805114797,0.0346));
#1531=CARTESIAN_POINT('',(0.0448378537808357,0.011865985295396,0.0346));
#1532=CARTESIAN_POINT('',(0.0448378537808357,0.011865985295396,0.0361));
#1533=CARTESIAN_POINT('',(0.0411228847293215,0.0127292445098557,0.0346));
#1534=CARTESIAN_POINT('',(0.0419346086769099,0.0139975290190187,0.0346));
#1535=CARTESIAN_POINT('',(0.0419346086769099,0.0139975290190187,0.0361));
#1536=CARTESIAN_POINT('',(0.0387119543554502,0.0139975504351374,0.0346));
#1537=CARTESIAN_POINT('',(0.0393416710976356,0.0153621347661034,0.0346));
#1538=CARTESIAN_POINT('',(0.0393416710976356,0.0153621347661034,0.0361));
#1539=CARTESIAN_POINT('',(0.0362279460750446,0.0149846556760222,0.0346));
#1540=CARTESIAN_POINT('',(0.0366576292686477,0.0164285227751204,0.0346));
#1541=CARTESIAN_POINT('',(0.0366576292686477,0.0164285227751204,0.0361));
#1542=CARTESIAN_POINT('',(0.0329169184121178,0.0157409702668996,0.0346));
#1543=CARTESIAN_POINT('',(0.0331219952981416,0.0172330995410036,0.0346));
#1544=CARTESIAN_POINT('',(0.0331219952981416,0.0172330995410036,0.0361));
#1545=CARTESIAN_POINT('',(0.0288765977032449,0.0160049632056589,0.0346));
#1546=CARTESIAN_POINT('',(0.0288796296694493,0.0175081475385432,0.0346));
#1547=CARTESIAN_POINT('',(0.0288796296694493,0.0175081475385432,0.0361));
#1548=CARTESIAN_POINT('',(0.023515948528414,0.0157420500363007,0.0346));
#1549=CARTESIAN_POINT('',(0.0233258596377048,0.0172340786979827,0.0346));
#1550=CARTESIAN_POINT('',(0.0233258596377048,0.0172340786979827,0.0361));
#1551=CARTESIAN_POINT('',(0.0168442191147424,0.0145873035444273,0.0346));
#1552=CARTESIAN_POINT('',(0.0165135978147112,0.0160516996134923,0.0346));
#1553=CARTESIAN_POINT('',(0.0165135978147112,0.0160516996134923,0.0361));
#1554=CARTESIAN_POINT('',(0.00906143698378522,0.0125739661922264,0.0346));
#1555=CARTESIAN_POINT('',(0.0086525126783104,0.0140174099773015,0.0346));
#1556=CARTESIAN_POINT('',(0.0086525126783104,0.0140174099773015,0.0361));
#1557=CARTESIAN_POINT('',(0.00133246481682426,0.0102925121421526,0.0346));
#1558=CARTESIAN_POINT('',(0.00089832160225822,0.0117283125405122,0.0346));
#1559=CARTESIAN_POINT('',(0.00089832160225821,0.0117283125405122,0.0361));
#1560=CARTESIAN_POINT('',(-0.0063981477394694,0.00803639031354643,0.0346));
#1561=CARTESIAN_POINT('',(-0.00678650190694069,0.00948569291028862,0.0346));
#1562=CARTESIAN_POINT('',(-0.00678650190694069,0.00948569291028863,0.0361));
#1563=CARTESIAN_POINT('',(-0.0142220003641052,0.00612335988181933,0.0346));
#1564=CARTESIAN_POINT('',(-0.0145653402318835,0.00758327186993463,0.0346));
#1565=CARTESIAN_POINT('',(-0.0145653402318835,0.00758327186993463,0.0361));
#1566=CARTESIAN_POINT('',(-0.0207240338047387,0.00449267383422287,0.0346));
#1567=CARTESIAN_POINT('',(-0.0211191845724868,0.00594117222612239,0.0346));
#1568=CARTESIAN_POINT('',(-0.0211191845724868,0.00594117222612238,0.0361));
#1569=CARTESIAN_POINT('',(-0.025846325027586,0.00281458944243926,0.0346));
#1570=CARTESIAN_POINT('',(-0.0263640225983206,0.00422415414726381,0.0346));
#1571=CARTESIAN_POINT('',(-0.0263640225983206,0.00422415414726381,0.0361));
#1572=CARTESIAN_POINT('',(-0.0295425392197653,0.00124487724030848,0.0346));
#1573=CARTESIAN_POINT('',(-0.0302116378451837,0.00259272692631182,0.0346));
#1574=CARTESIAN_POINT('',(-0.0302116378451837,0.00259272692631182,0.0361));
#1575=CARTESIAN_POINT('',(-0.0324450254432206,-0.000512503325269347,0.0346));
#1576=CARTESIAN_POINT('',(-0.0333102743222931,0.000721833177922185,0.0346));
#1577=CARTESIAN_POINT('',(-0.033310274322293,0.000721833177922184,0.0361));
#1578=CARTESIAN_POINT('',(-0.0344697140882446,-0.00225298056956438,0.0346));
#1579=CARTESIAN_POINT('',(-0.0355183310100543,-0.00117461781613624,0.0346));
#1580=CARTESIAN_POINT('',(-0.0355183310100543,-0.00117461781613624,0.0361));
#1581=CARTESIAN_POINT('',(-0.0358252209351288,-0.00375866896692517,0.0346));
#1582=CARTESIAN_POINT('',(-0.0370123359521085,-0.00283300432481056,0.0346));
#1583=CARTESIAN_POINT('',(-0.0370123359521085,-0.00283300432481056,0.0361));
#1584=CARTESIAN_POINT('',(-0.0369594050304522,-0.00546062636628299,0.0346));
#1585=CARTESIAN_POINT('',(-0.0382678021650448,-0.00471785936233725,0.0346));
#1586=CARTESIAN_POINT('',(-0.0382678021650448,-0.00471785936233725,0.0361));
#1587=CARTESIAN_POINT('',(-0.0381275447151897,-0.00784844585326157,0.0346));
#1588=CARTESIAN_POINT('',(-0.0395377504073882,-0.00731768448662229,0.0346));
#1589=CARTESIAN_POINT('',(-0.0395377504073882,-0.00731768448662229,0.0361));
#1590=CARTESIAN_POINT('',(-0.0390958246282658,-0.0110454561309458,0.0346));
#1591=CARTESIAN_POINT('',(-0.0405718346999096,-0.0107411313243871,0.0346));
#1592=CARTESIAN_POINT('',(-0.0405718346999096,-0.0107411313243871,0.0361));
#1593=CARTESIAN_POINT('',(-0.0395927665019064,-0.0150503047081406,0.0346));
#1594=CARTESIAN_POINT('',(-0.0410967271457175,-0.0149805451554235,0.0346));
#1595=CARTESIAN_POINT('',(-0.0410967271457175,-0.0149805451554235,0.0361));
#1596=CARTESIAN_POINT('',(-0.0394810375062073,-0.0190809729060419,0.0346));
#1597=CARTESIAN_POINT('',(-0.0409788723367278,-0.0192336166894879,0.0346));
#1598=CARTESIAN_POINT('',(-0.0409788723367279,-0.0192336166894879,0.0361));
#1599=CARTESIAN_POINT('',(-0.0387681705144774,-0.023020138024716,0.0346));
#1600=CARTESIAN_POINT('',(-0.0402251595566444,-0.0234048069201084,0.0346));
#1601=CARTESIAN_POINT('',(-0.0402251595566444,-0.0234048069201084,0.0361));
#1602=CARTESIAN_POINT('',(-0.0376373100194713,-0.0261451160624473,0.0346));
#1603=CARTESIAN_POINT('',(-0.0390162466203761,-0.026754000287127,0.0346));
#1604=CARTESIAN_POINT('',(-0.0390162466203761,-0.026754000287127,0.0361));
#1605=CARTESIAN_POINT('',(-0.0362971034841035,-0.0285062204302599,0.0346));
#1606=CARTESIAN_POINT('',(-0.0375562045213501,-0.0293303579944584,0.0346));
#1607=CARTESIAN_POINT('',(-0.0375562045213501,-0.0293303579944583,0.0361));
#1608=CARTESIAN_POINT('',(-0.0350837496056054,-0.0300928286717812,0.0346));
#1609=CARTESIAN_POINT('',(-0.0362048719000622,-0.0310986987185289,0.0346));
#1610=CARTESIAN_POINT('',(-0.0362048719000622,-0.0310986987185289,0.0361));
#1611=CARTESIAN_POINT('',(-0.0336046708545999,-0.0315031147630897,0.0346));
#1612=CARTESIAN_POINT('',(-0.0345585197125707,-0.0326675108062008,0.0346));
#1613=CARTESIAN_POINT('',(-0.0345585197125707,-0.0326675108062008,0.0361));
#1614=CARTESIAN_POINT('',(-0.0314203105871539,-0.0330589588551665,0.0346));
#1615=CARTESIAN_POINT('',(-0.0321599086944966,-0.0343735779658531,0.0346));
#1616=CARTESIAN_POINT('',(-0.0321599086944966,-0.0343735779658531,0.0361));
#1617=CARTESIAN_POINT('',(-0.0283485909691846,-0.0345128743726117,0.0346));
#1618=CARTESIAN_POINT('',(-0.0288752329007841,-0.0359221986822372,0.0346));
#1619=CARTESIAN_POINT('',(-0.0288752329007841,-0.0359221986822372,0.0361));
#1620=CARTESIAN_POINT('',(-0.0245494807787462,-0.0356943088271575,0.0346));
#1621=CARTESIAN_POINT('',(-0.0249308740550147,-0.0371462077994658,0.0346));
#1622=CARTESIAN_POINT('',(-0.0249308740550147,-0.0371462077994658,0.0361));
#1623=CARTESIAN_POINT('',(-0.0206700366067176,-0.036591985688193,0.0346));
#1624=CARTESIAN_POINT('',(-0.0209739291825919,-0.0380611898793079,0.0346));
#1625=CARTESIAN_POINT('',(-0.0209739291825919,-0.0380611898793079,0.0361));
#1626=CARTESIAN_POINT('',(-0.0154534783701358,-0.0376044499691915,0.0346));
#1627=CARTESIAN_POINT('',(-0.015717672162151,-0.0390809003657461,0.0346));
#1628=CARTESIAN_POINT('',(-0.015717672162151,-0.0390809003657461,0.0361));
#1629=CARTESIAN_POINT('',(-0.00890867531706257,-0.0387829046927192,0.0346));
#1630=CARTESIAN_POINT('',(-0.00920394329596168,-0.040254783065243,0.0346));
#1631=CARTESIAN_POINT('',(-0.00920394329596168,-0.040254783065243,0.0361));
#1632=CARTESIAN_POINT('',(-0.0011886814487319,-0.0406951236562165,0.0346));
#1633=CARTESIAN_POINT('',(-0.00161089966787841,-0.0421356799012789,0.0346));
#1634=CARTESIAN_POINT('',(-0.00161089966787842,-0.042135679901279,0.0361));
#1635=CARTESIAN_POINT('',(0.00641069739582381,-0.0430568681592052,0.0346));
#1636=CARTESIAN_POINT('',(0.00595562802547251,-0.0444859197441072,0.0346));
#1637=CARTESIAN_POINT('',(0.00595562802547251,-0.0444859197441072,0.0361));
#1638=CARTESIAN_POINT('',(0.0140046601651331,-0.045436263652008,0.0346));
#1639=CARTESIAN_POINT('',(0.0135721272088061,-0.0468727671335595,0.0346));
#1640=CARTESIAN_POINT('',(0.0135721272088061,-0.0468727671335595,0.0361));
#1641=CARTESIAN_POINT('',(0.0204021732381934,-0.0471693573271682,0.0346));
#1642=CARTESIAN_POINT('',(0.0200497473286846,-0.048629162906629,0.0346));
#1643=CARTESIAN_POINT('',(0.0200497473286846,-0.048629162906629,0.0361));
#1644=CARTESIAN_POINT('',(0.025625274405064,-0.0481470327301033,0.0346));
#1645=CARTESIAN_POINT('',(0.0254000722187896,-0.0496315071020462,0.0346));
#1646=CARTESIAN_POINT('',(0.0254000722187896,-0.0496315071020462,0.0361));
#1647=CARTESIAN_POINT('',(0.0295653736555221,-0.0485690959045499,0.0346));
#1648=CARTESIAN_POINT('',(0.0294804416888393,-0.0500699110208581,0.0346));
#1649=CARTESIAN_POINT('',(0.0294804416888393,-0.0500699110208581,0.0361));
#1650=CARTESIAN_POINT('',(0.0335728272794663,-0.0485333003529414,0.0346));
#1651=CARTESIAN_POINT('',(0.0336963972769019,-0.0500347368513977,0.0346));
#1652=CARTESIAN_POINT('',(0.0336963972769018,-0.0500347368513977,0.0361));
#1653=CARTESIAN_POINT('',(0.0368184861113288,-0.047963816897589,0.0346));
#1654=CARTESIAN_POINT('',(0.0371831140141174,-0.0494272272129484,0.0346));
#1655=CARTESIAN_POINT('',(0.0371831140141174,-0.0494272272129484,0.0361));
#1656=CARTESIAN_POINT('',(0.0393423341803856,-0.0470559918942804,0.0346));
#1657=CARTESIAN_POINT('',(0.0399375827184837,-0.0484367805968242,0.0346));
#1658=CARTESIAN_POINT('',(0.0399375827184838,-0.0484367805968242,0.0361));
#1659=CARTESIAN_POINT('',(0.0411049923365929,-0.0461723334818068,0.0346));
#1660=CARTESIAN_POINT('',(0.0418505504293668,-0.0474772017135339,0.0346));
#1661=CARTESIAN_POINT('',(0.0418505504293668,-0.0474772017135339,0.0361));
#1662=CARTESIAN_POINT('',(0.0427631406227865,-0.0451066688203309,0.0346));
#1663=CARTESIAN_POINT('',(0.043639922387048,-0.0463268639573254,0.0346));
#1664=CARTESIAN_POINT('',(0.043639922387048,-0.0463268639573254,0.0361));
#1665=CARTESIAN_POINT('',(0.0448521322342453,-0.0434453614850836,0.0346));
#1666=CARTESIAN_POINT('',(0.0458793686510228,-0.0445452500344231,0.0346));
#1667=CARTESIAN_POINT('',(0.0458793686510228,-0.0445452500344231,0.0361));
#1668=CARTESIAN_POINT('',(0.0471321437254342,-0.0410521057519076,0.0346));
#1669=CARTESIAN_POINT('',(0.0482993935750595,-0.0420026466289718,0.0346));
#1670=CARTESIAN_POINT('',(0.0482993935750595,-0.0420026466289718,0.0361));
#1671=CARTESIAN_POINT('',(0.0486436240391673,-0.0389141532844001,0.0346));
#1672=CARTESIAN_POINT('',(0.0498881654842373,-0.0397540165123409,0.0346));
#1673=CARTESIAN_POINT('',(0.0498881654842373,-0.0397540165123409,0.0361));
#1674=CARTESIAN_POINT('',(0.0493460214045379,-0.0377693937607817,0.0346));
#1675=CARTESIAN_POINT('',(0.0506240909728442,-0.0385545932122394,0.0346));
#1676=CARTESIAN_POINT('',(0.0506240909728441,-0.0385545932122394,0.0361));
#1677=CARTESIAN_POINT('',(0.0106568329596747,-0.0172145625531799,0.0376));
#1678=CARTESIAN_POINT('',(0.0314550797125382,-0.0157661356985699,0.0376));
#1679=CARTESIAN_POINT('',(0.0309788353941067,-0.0128277278264832,0.0376));
#1680=CARTESIAN_POINT('',(0.0302296633000702,-0.0100116435713211,0.0376));
#1681=CARTESIAN_POINT('',(0.0296678907683674,-0.00763930991197621,0.0376));
#1682=CARTESIAN_POINT('',(0.029500245706122,-0.00569754686369517,0.0376));
#1683=CARTESIAN_POINT('',(0.0296580276804617,-0.00419549262580491,0.0376));
#1684=CARTESIAN_POINT('',(0.0302883645944045,-0.00282279808584886,0.0376));
#1685=CARTESIAN_POINT('',(0.031422116226934,-0.001807151052386,0.0376));
#1686=CARTESIAN_POINT('',(0.0327786426297128,-0.00117805301279531,0.0376));
#1687=CARTESIAN_POINT('',(0.0347195900966337,-0.000718428142187577,0.0376));
#1688=CARTESIAN_POINT('',(0.0372017097395744,-0.000716555628608693,0.0376));
#1689=CARTESIAN_POINT('',(0.0401016209465548,-0.00142418039660168,0.0376));
#1690=CARTESIAN_POINT('',(0.042740018994696,-0.00278899835209281,0.0376));
#1691=CARTESIAN_POINT('',(0.0449614948396914,-0.00478937014479526,0.0376));
#1692=CARTESIAN_POINT('',(0.0466016719893213,-0.00727357613700893,0.0376));
#1693=CARTESIAN_POINT('',(0.047770504387806,-0.00997803432665022,0.0376));
#1694=CARTESIAN_POINT('',(0.0485659771853266,-0.0128181487239017,0.0376));
#1695=CARTESIAN_POINT('',(0.0490399604892928,-0.015736912694185,0.0376));
#1696=CARTESIAN_POINT('',(0.0492802088928458,-0.0196141770610273,0.0376));
#1697=CARTESIAN_POINT('',(0.0489648765496934,-0.0235663238251283,0.0376));
#1698=CARTESIAN_POINT('',(0.048000692675305,-0.0273611857746649,0.0376));
#1699=CARTESIAN_POINT('',(0.0468632053326345,-0.0301146798815483,0.0376));
#1700=CARTESIAN_POINT('',(0.0455186118880243,-0.0321684220278242,0.0376));
#1701=CARTESIAN_POINT('',(0.0441033784869303,-0.033588945573446,0.0376));
#1702=CARTESIAN_POINT('',(0.0425229027170208,-0.0347470507845398,0.0376));
#1703=CARTESIAN_POINT('',(0.0402449711162893,-0.0357567842861517,0.0376));
#1704=CARTESIAN_POINT('',(0.0373049394451468,-0.0362425144666286,0.0376));
#1705=CARTESIAN_POINT('',(0.0343572650527192,-0.0360675320860085,0.0376));
#1706=CARTESIAN_POINT('',(0.0319639453452694,-0.0353328328557839,0.0376));
#1707=CARTESIAN_POINT('',(0.0302907622791654,-0.0342538652469623,0.0376));
#1708=CARTESIAN_POINT('',(0.0293033658079838,-0.0331112763046794,0.0376));
#1709=CARTESIAN_POINT('',(0.0288398668695086,-0.0316665301029381,0.0376));
#1710=CARTESIAN_POINT('',(0.0288578924458939,-0.0301746631896165,0.0376));
#1711=CARTESIAN_POINT('',(0.0291531967436937,-0.0287139263678805,0.0376));
#1712=CARTESIAN_POINT('',(0.0297265267553813,-0.0268263504929223,0.0376));
#1713=CARTESIAN_POINT('',(0.0305812164682916,-0.0244990697457407,0.0376));
#1714=CARTESIAN_POINT('',(0.0312728264171977,-0.0216481360058066,0.0376));
#1715=CARTESIAN_POINT('',(0.0315604908832987,-0.018738051130537,0.0376));
#1716=CARTESIAN_POINT('',(0.0314550797125382,-0.0157661356985699,0.0376));
#1717=CARTESIAN_POINT('',(0.0309788353941067,-0.0128277278264832,0.0376));
#1718=CARTESIAN_POINT('',(0.0302296633000702,-0.0100116435713211,0.0376));
#1719=CARTESIAN_POINT('',(0.0309333474315059,-0.0128481150959707,0.0376));
#1720=CARTESIAN_POINT('',(0.0289583435985632,-0.0100592383212199,0.0376));
#1721=CARTESIAN_POINT('',(0.0297339739276666,-0.0131153832117225,0.0376));
#1722=CARTESIAN_POINT('',(0.0302924449458079,-0.0162491413434308,0.0376));
#1723=CARTESIAN_POINT('',(0.0304558161562919,-0.01940928714548,0.0376));
#1724=CARTESIAN_POINT('',(0.0301202536496898,-0.0225968859265837,0.0376));
#1725=CARTESIAN_POINT('',(0.0292848085053362,-0.0256607032486267,0.0376));
#1726=CARTESIAN_POINT('',(0.0284659525291924,-0.028194943630721,0.0376));
#1727=CARTESIAN_POINT('',(0.0280431816905433,-0.0302777963152227,0.0376));
#1728=CARTESIAN_POINT('',(0.0279608516439539,-0.031877777657782,0.0376));
#1729=CARTESIAN_POINT('',(0.0283607438528479,-0.0334563378039705,0.0376));
#1730=CARTESIAN_POINT('',(0.0294104264734447,-0.0346909806680839,0.0376));
#1731=CARTESIAN_POINT('',(0.0307531792023329,-0.035566753576562,0.0376));
#1732=CARTESIAN_POINT('',(0.0326885225141804,-0.0364033741003982,0.0376000000000001));
#1733=CARTESIAN_POINT('',(0.0352893820840297,-0.0369683472724695,0.0376));
#1734=CARTESIAN_POINT('',(0.0384556110861166,-0.0370053207752214,0.0376));
#1735=CARTESIAN_POINT('',(0.0415525940586967,-0.036389473150625,0.0376));
#1736=CARTESIAN_POINT('',(0.0444495740994816,-0.035017284020685,0.0376));
#1737=CARTESIAN_POINT('',(0.0467729523155929,-0.0327952864032251,0.0376));
#1738=CARTESIAN_POINT('',(0.0483807682142911,-0.0300752469609848,0.0376));
#1739=CARTESIAN_POINT('',(0.0494759379507171,-0.0271099561140182,0.0376));
#1740=CARTESIAN_POINT('',(0.0501442396857934,-0.0240410202419693,0.0376));
#1741=CARTESIAN_POINT('',(0.0504605140541967,-0.020890138350315,0.0376));
#1742=CARTESIAN_POINT('',(0.0504516926482124,-0.01674048919359,0.0376));
#1743=CARTESIAN_POINT('',(0.049831239928093,-0.0125521881774704,0.0376));
#1744=CARTESIAN_POINT('',(0.0485084971989897,-0.00857977564742008,0.0376));
#1745=CARTESIAN_POINT('',(0.0470807278800386,-0.00574317276917307,0.0376));
#1746=CARTESIAN_POINT('',(0.0451228968368706,-0.00323856167331418,0.0376));
#1747=CARTESIAN_POINT('',(0.0425721226115145,-0.00136878472625309,0.0376));
#1748=CARTESIAN_POINT('',(0.0396104100674288,-0.000194569039331675,0.0376));
#1749=CARTESIAN_POINT('',(0.036455967962191,0.000263471260727292,0.0376));
#1750=CARTESIAN_POINT('',(0.0338451801872221,5.82554019500056E-5,0.0376));
#1751=CARTESIAN_POINT('',(0.031800306348448,-0.000541900063534816,0.0376));
#1752=CARTESIAN_POINT('',(0.0303729611526175,-0.00125613613253918,0.0376));
#1753=CARTESIAN_POINT('',(0.0291606833017924,-0.00232477097557042,0.0376));
#1754=CARTESIAN_POINT('',(0.028485912679061,-0.00379621794756802,0.0376));
#1755=CARTESIAN_POINT('',(0.028302851331933,-0.00538709354391208,0.0376));
#1756=CARTESIAN_POINT('',(0.02842601408399,-0.00747945163541311,0.0376));
#1757=CARTESIAN_POINT('',(0.0289583435985632,-0.0100592383212199,0.0376));
#1758=CARTESIAN_POINT('',(0.0297339739276666,-0.0131153832117225,0.0376));
#1759=CARTESIAN_POINT('',(0.0302924449458079,-0.0162491413434308,0.0376));
#1760=CARTESIAN_POINT('',(0.0296977807091729,-0.0131283187519235,0.0376));
#1761=CARTESIAN_POINT('',(0.0106568329596747,-0.0172145625531799,0.0326));
#1762=CARTESIAN_POINT('',(0.0331031316655367,-0.0103107584697846,0.0326));
#1763=CARTESIAN_POINT('',(0.0336039688445851,-0.0122741254796174,0.0326));
#1764=CARTESIAN_POINT('',(0.0340222181490516,-0.0146824124054733,0.0326));
#1765=CARTESIAN_POINT('',(0.0342266111752041,-0.0170948593959649,0.0326));
#1766=CARTESIAN_POINT('',(0.0342018024040212,-0.0195340449376278,0.0326));
#1767=CARTESIAN_POINT('',(0.0339285779219896,-0.0219661691868589,0.0326));
#1768=CARTESIAN_POINT('',(0.0334235161298405,-0.024328275016384,0.0326));
#1769=CARTESIAN_POINT('',(0.0328005515616598,-0.0262505753561628,0.0326));
#1770=CARTESIAN_POINT('',(0.0322721803218078,-0.0277803692503688,0.0326));
#1771=CARTESIAN_POINT('',(0.031901459829054,-0.0289342760249579,0.0326));
#1772=CARTESIAN_POINT('',(0.031654159566547,-0.029909963978922,0.0326));
#1773=CARTESIAN_POINT('',(0.031556934414119,-0.0307014329422042,0.0326));
#1774=CARTESIAN_POINT('',(0.0315618263542207,-0.0313211603823196,0.0326));
#1775=CARTESIAN_POINT('',(0.031793439131672,-0.0319057528924598,0.0326));
#1776=CARTESIAN_POINT('',(0.0322692810814611,-0.0323104880753164,0.0326));
#1777=CARTESIAN_POINT('',(0.0327916403340326,-0.0326308749349752,0.0326));
#1778=CARTESIAN_POINT('',(0.0335307404846357,-0.0329636954654217,0.0326));
#1779=CARTESIAN_POINT('',(0.0345108312609683,-0.0332526539394503,0.0326));
#1780=CARTESIAN_POINT('',(0.0361061781844589,-0.0334936164316414,0.0326));
#1781=CARTESIAN_POINT('',(0.0381477670792548,-0.0334332597355992,0.0326));
#1782=CARTESIAN_POINT('',(0.0404849018887654,-0.0327946496434677,0.0326));
#1783=CARTESIAN_POINT('',(0.0425848144357435,-0.0314657714116939,0.0326));
#1784=CARTESIAN_POINT('',(0.0440721398855324,-0.0295452239802071,0.0326));
#1785=CARTESIAN_POINT('',(0.0451259073105261,-0.0273469798162195,0.0326));
#1786=CARTESIAN_POINT('',(0.0460658504099762,-0.0242896190670659,0.0326));
#1787=CARTESIAN_POINT('',(0.0465889252790651,-0.0202651509749492,0.0326));
#1788=CARTESIAN_POINT('',(0.046421720400258,-0.0163012189354289,0.0326));
#1789=CARTESIAN_POINT('',(0.0458512386944407,-0.0131155527050293,0.0326));
#1790=CARTESIAN_POINT('',(0.0451831122377753,-0.0108043240231511,0.0326));
#1791=CARTESIAN_POINT('',(0.0442150614236311,-0.00857406770795803,0.0326));
#1792=CARTESIAN_POINT('',(0.0428894596199139,-0.00654833794302211,0.0326));
#1793=CARTESIAN_POINT('',(0.0410598395583013,-0.00493145820520718,0.0326));
#1794=CARTESIAN_POINT('',(0.0388650006015388,-0.00386792895840337,0.0326));
#1795=CARTESIAN_POINT('',(0.0368697526376521,-0.00345383959122384,0.0326));
#1796=CARTESIAN_POINT('',(0.0352626372082335,-0.00344070064796048,0.0326));
#1797=CARTESIAN_POINT('',(0.0342519573809322,-0.00358763753076778,0.0326));
#1798=CARTESIAN_POINT('',(0.0334738409901763,-0.00383850354217963,0.0326));
#1799=CARTESIAN_POINT('',(0.0329348906507285,-0.00410184182348585,0.0326));
#1800=CARTESIAN_POINT('',(0.0324521292656467,-0.00451324421940405,0.0326));
#1801=CARTESIAN_POINT('',(0.0322743941596126,-0.00512641874748111,0.0326));
#1802=CARTESIAN_POINT('',(0.0322353777171139,-0.0057309465970334,0.0326));
#1803=CARTESIAN_POINT('',(0.0322781443772277,-0.00655169358962893,0.0326));
#1804=CARTESIAN_POINT('',(0.0324394440129031,-0.00755124243674105,0.0326));
#1805=CARTESIAN_POINT('',(0.0327057312775585,-0.00873773005937238,0.0326));
#1806=CARTESIAN_POINT('',(0.0331031316655367,-0.0103107584697846,0.0326));
#1807=CARTESIAN_POINT('',(0.0336039688445851,-0.0122741254796174,0.0326));
#1808=CARTESIAN_POINT('',(0.0340222181490516,-0.0146824124054733,0.0326));
#1809=CARTESIAN_POINT('',(0.0335735096261865,-0.0122828332319601,0.0326));
#1810=CARTESIAN_POINT('',(0.0316178339264231,-0.0127015605386346,0.0346));
#1811=CARTESIAN_POINT('',(0.0316178339264231,-0.0127015605386346,0.0369));
#1812=CARTESIAN_POINT('',(0.0308312952157789,-0.00902801305603421,0.0346));
#1813=CARTESIAN_POINT('',(0.0308312952157789,-0.00902801305603421,0.0369));
#1814=CARTESIAN_POINT('',(0.0274402438211923,-0.000651731778785638,0.0346));
#1815=CARTESIAN_POINT('',(0.0274402438211923,-0.000651731778785638,0.0369));
#1816=CARTESIAN_POINT('',(0.0499370494332311,-0.000654864139214744,0.0346));
#1817=CARTESIAN_POINT('',(0.0499370494332311,-0.000654864139214744,0.0369));
#1818=CARTESIAN_POINT('',(0.0500099225778508,-0.0381479789320669,0.0346));
#1819=CARTESIAN_POINT('',(0.0500099225778508,-0.0381479789320669,0.0369));
#1820=CARTESIAN_POINT('',(0.0264297947786079,-0.0350094887369653,0.0346));
#1821=CARTESIAN_POINT('',(0.0264297947786079,-0.0350094887369653,0.0369));
#1822=CARTESIAN_POINT('',(0.0323414391622319,-0.0238621619152962,0.0346));
#1823=CARTESIAN_POINT('',(0.0323414391622319,-0.0238621619152962,0.0369));
#1824=CARTESIAN_POINT('',(0.0324825130158897,-0.0167400644919438,0.0346));
#1825=CARTESIAN_POINT('',(0.0324825130158897,-0.0167400644919438,0.0369));
#1826=CARTESIAN_POINT('',(0.0316178339264231,-0.0127015605386346,0.0346));
#1827=CARTESIAN_POINT('',(0.0316178339264231,-0.0127015605386346,0.0369));
#1828=CARTESIAN_POINT('',(0.0309477003440131,-0.00997599088494919,0.0369));
#1829=CARTESIAN_POINT('',(0.0316595930019289,-0.0126885201322503,0.0369));
#1830=CARTESIAN_POINT('',(0.0321209312068097,-0.0154792918178572,0.0369));
#1831=CARTESIAN_POINT('',(0.0322624867613388,-0.0183119824088554,0.0369));
#1832=CARTESIAN_POINT('',(0.0320546003166048,-0.0210971912015461,0.0369));
#1833=CARTESIAN_POINT('',(0.0315061854376033,-0.0238295545426342,0.0369));
#1834=CARTESIAN_POINT('',(0.0305980552957825,-0.0265059720896108,0.0369));
#1835=CARTESIAN_POINT('',(0.0298328871901287,-0.0287351058972117,0.0369));
#1836=CARTESIAN_POINT('',(0.0295179350505529,-0.0305981874102968,0.0369));
#1837=CARTESIAN_POINT('',(0.0296089033339898,-0.032033821435646,0.0369));
#1838=CARTESIAN_POINT('',(0.0302983304137909,-0.0333128297054943,0.0369));
#1839=CARTESIAN_POINT('',(0.0314289397143527,-0.0341987773034015,0.0369));
#1840=CARTESIAN_POINT('',(0.0327098489552381,-0.0348102276408036,0.0369));
#1841=CARTESIAN_POINT('',(0.0345250914587514,-0.0353379261661396,0.0369));
#1842=CARTESIAN_POINT('',(0.0368652080747572,-0.0355533647747114,0.0369));
#1843=CARTESIAN_POINT('',(0.0396814105722796,-0.0351785438560852,0.0369));
#1844=CARTESIAN_POINT('',(0.0423220388428789,-0.0341250330841464,0.0369));
#1845=CARTESIAN_POINT('',(0.0445421217618813,-0.0323283332553469,0.0369));
#1846=CARTESIAN_POINT('',(0.0461347618414452,-0.02998635752422,0.0369));
#1847=CARTESIAN_POINT('',(0.0472514989672089,-0.0273823693037373,0.0369));
#1848=CARTESIAN_POINT('',(0.0482158703278933,-0.023774389966813,0.0369));
#1849=CARTESIAN_POINT('',(0.0486476933836219,-0.0190778665613803,0.0369));
#1850=CARTESIAN_POINT('',(0.0482256044015203,-0.0144510219137456,0.0369));
#1851=CARTESIAN_POINT('',(0.0473015303960765,-0.0107965365564734,0.0369));
#1852=CARTESIAN_POINT('',(0.0462776021211227,-0.00819698933220673,0.0369));
#1853=CARTESIAN_POINT('',(0.0448267995883681,-0.00575330538336886,0.0369));
#1854=CARTESIAN_POINT('',(0.0428282148964208,-0.00372251362694879,0.0369));
#1855=CARTESIAN_POINT('',(0.0403897636413474,-0.00229900121072574,0.0369));
#1856=CARTESIAN_POINT('',(0.0376557022990161,-0.00149383538279233,0.0369));
#1857=CARTESIAN_POINT('',(0.0352910712269617,-0.00138382717673557,0.0369));
#1858=CARTESIAN_POINT('',(0.0334199933340097,-0.00171595294478452,0.0369));
#1859=CARTESIAN_POINT('',(0.0320972143289127,-0.00222367590753997,0.0369));
#1860=CARTESIAN_POINT('',(0.0309343082252737,-0.00311010646505187,0.0369));
#1861=CARTESIAN_POINT('',(0.0303170305887741,-0.00442782804561492,0.0369));
#1862=CARTESIAN_POINT('',(0.0302049027419412,-0.00583040224182047,0.0369));
#1863=CARTESIAN_POINT('',(0.0303951730554848,-0.00770990947572163,0.0369));
#1864=CARTESIAN_POINT('',(0.0309477003440131,-0.00997599088494919,0.0369));
#1865=CARTESIAN_POINT('',(0.0316595930019289,-0.0126885201322503,0.0369));
#1866=CARTESIAN_POINT('',(0.0321209312068097,-0.0154792918178572,0.0369));
#1867=CARTESIAN_POINT('',(0.0316178339264231,-0.0127015605386346,0.0369));
#1868=CARTESIAN_POINT('',(0.0321223773659107,-0.0154970579815524,0.0346));
#1869=CARTESIAN_POINT('',(0.0316600368932911,-0.0126867278175604,0.0346));
#1870=CARTESIAN_POINT('',(0.0309444786194636,-0.0099653939800136,0.0346));
#1871=CARTESIAN_POINT('',(0.0303902791303865,-0.0076862787704798,0.0346));
#1872=CARTESIAN_POINT('',(0.0302035139452148,-0.00580207166104422,0.0346));
#1873=CARTESIAN_POINT('',(0.0303253962592523,-0.00438234739666866,0.0346));
#1874=CARTESIAN_POINT('',(0.0309690722113427,-0.00307067431116269,0.0346));
#1875=CARTESIAN_POINT('',(0.0321299433388073,-0.00220867382395512,0.0346));
#1876=CARTESIAN_POINT('',(0.0334472597408276,-0.00170847586968462,0.0346));
#1877=CARTESIAN_POINT('',(0.0353226948425631,-0.00138259396429306,0.0346));
#1878=CARTESIAN_POINT('',(0.0376717169437081,-0.00149886455156099,0.0346));
#1879=CARTESIAN_POINT('',(0.0403844910941597,-0.00229704253193118,0.0346));
#1880=CARTESIAN_POINT('',(0.0428325906358484,-0.00372501686554265,0.0346));
#1881=CARTESIAN_POINT('',(0.0448222524169561,-0.00575120446455424,0.0346));
#1882=CARTESIAN_POINT('',(0.0462620033752953,-0.0081645362720382,0.0346));
#1883=CARTESIAN_POINT('',(0.0472990651784001,-0.0107873988424896,0.0346));
#1884=CARTESIAN_POINT('',(0.0482199133081212,-0.0144206010249298,0.0346));
#1885=CARTESIAN_POINT('',(0.0485614661842934,-0.0181418561850616,0.0346));
#1886=CARTESIAN_POINT('',(0.0483931800724135,-0.0218432577342865,0.0346));
#1887=CARTESIAN_POINT('',(0.0479821395157638,-0.0246406695874258,0.0346));
#1888=CARTESIAN_POINT('',(0.0472681020365201,-0.02733263579818,0.0346));
#1889=CARTESIAN_POINT('',(0.0461577288697164,-0.0299402646289224,0.0346));
#1890=CARTESIAN_POINT('',(0.0445954366503624,-0.0322665445048517,0.0346));
#1891=CARTESIAN_POINT('',(0.0423810359839668,-0.0340927217292746,0.0345999999999999));
#1892=CARTESIAN_POINT('',(0.0397471702826095,-0.0351609728995019,0.0346));
#1893=CARTESIAN_POINT('',(0.0369364689166505,-0.0355514804807777,0.0346));
#1894=CARTESIAN_POINT('',(0.0345972898080688,-0.0353505564825271,0.0346));
#1895=CARTESIAN_POINT('',(0.0327723050829702,-0.034833145876412,0.0346));
#1896=CARTESIAN_POINT('',(0.0314897607855967,-0.0342351774602824,0.0346));
#1897=CARTESIAN_POINT('',(0.0303429424130254,-0.0333602260955373,0.0346));
#1898=CARTESIAN_POINT('',(0.0296260667053136,-0.0321018943735254,0.0346));
#1899=CARTESIAN_POINT('',(0.0295142058113003,-0.0306548736357605,0.0346));
#1900=CARTESIAN_POINT('',(0.0297346898494969,-0.0292841426474003,0.0346));
#1901=CARTESIAN_POINT('',(0.0301148110041719,-0.027928317652697,0.0346));
#1902=CARTESIAN_POINT('',(0.0307167628955112,-0.0261459496007654,0.0346));
#1903=CARTESIAN_POINT('',(0.0314819164947579,-0.0239197266472756,0.0346));
#1904=CARTESIAN_POINT('',(0.0320478368248643,-0.0211651669516054,0.0346));
#1905=CARTESIAN_POINT('',(0.0322635679991297,-0.0183111131493627,0.0346));
#1906=CARTESIAN_POINT('',(0.0321223773659107,-0.0154970579815524,0.0346));
#1907=CARTESIAN_POINT('',(0.0316600368932911,-0.0126867278175604,0.0346));
#1908=CARTESIAN_POINT('',(0.0309444786194636,-0.0099653939800136,0.0346));
#1909=CARTESIAN_POINT('',(0.0316178339264231,-0.0127015605386346,0.0346));
#1910=CARTESIAN_POINT('',(0.0323359758807056,-0.00494865375298795,0.0326));
#1911=CARTESIAN_POINT('',(0.0304012359127159,-0.00444191786885949,0.0326));
#1912=CARTESIAN_POINT('',(0.0304012359127159,-0.00444191786885949,0.0346));
#1913=CARTESIAN_POINT('',(0.0323100080487944,-0.00504823383028054,0.0326));
#1914=CARTESIAN_POINT('',(0.0303507391786062,-0.00464083984564443,0.0326));
#1915=CARTESIAN_POINT('',(0.0303507391786061,-0.00464083984564443,0.0346));
#1916=CARTESIAN_POINT('',(0.0322729022292037,-0.00525078595896989,0.0326));
#1917=CARTESIAN_POINT('',(0.0302847758223906,-0.00500125274811476,0.0326));
#1918=CARTESIAN_POINT('',(0.0302847758223905,-0.00500125274811476,0.0346));
#1919=CARTESIAN_POINT('',(0.0322400177520332,-0.00565613695766325,0.0326));
#1920=CARTESIAN_POINT('',(0.030236550383342,-0.00562652433187101,0.0326));
#1921=CARTESIAN_POINT('',(0.030236550383342,-0.00562652433187101,0.0346));
#1922=CARTESIAN_POINT('',(0.0322525073503641,-0.00616962585063525,0.0326));
#1923=CARTESIAN_POINT('',(0.0302556464939474,-0.00631374432005786,0.0326));
#1924=CARTESIAN_POINT('',(0.0302556464939474,-0.00631374432005787,0.0346));
#1925=CARTESIAN_POINT('',(0.0323181749094659,-0.00677825436234105,0.0326));
#1926=CARTESIAN_POINT('',(0.0303362762715932,-0.00705366275685906,0.0326));
#1927=CARTESIAN_POINT('',(0.0303362762715932,-0.00705366275685906,0.0346));
#1928=CARTESIAN_POINT('',(0.0324488718138192,-0.00758001011813529,0.0326));
#1929=CARTESIAN_POINT('',(0.0304863568340184,-0.00797080697188297,0.0326));
#1930=CARTESIAN_POINT('',(0.0304863568340184,-0.00797080697188298,0.0346));
#1931=CARTESIAN_POINT('',(0.0326657549190363,-0.008571661801006,0.0326));
#1932=CARTESIAN_POINT('',(0.0307206493281784,-0.00903775790213835,0.0326));
#1933=CARTESIAN_POINT('',(0.0307206493281784,-0.00903775790213835,0.0346));
#1934=CARTESIAN_POINT('',(0.0329617861870046,-0.00975412708432368,0.0326));
#1935=CARTESIAN_POINT('',(0.0310245910138571,-0.0102513684005536,0.0326));
#1936=CARTESIAN_POINT('',(0.0310245910138571,-0.0102513684005536,0.0346));
#1937=CARTESIAN_POINT('',(0.0332634064864474,-0.0109358308421112,0.0326));
#1938=CARTESIAN_POINT('',(0.0313233666501289,-0.0114221574205207,0.0326));
#1939=CARTESIAN_POINT('',(0.0313233666501289,-0.0114221574205207,0.0346));
#1940=CARTESIAN_POINT('',(0.0336400686483388,-0.0125144809553727,0.0325999999999999));
#1941=CARTESIAN_POINT('',(0.0316825194985755,-0.0129288850532965,0.0325999999999999));
#1942=CARTESIAN_POINT('',(0.0316825194985755,-0.0129288850532965,0.0346));
#1943=CARTESIAN_POINT('',(0.0339974487748856,-0.0144997952577804,0.0326));
#1944=CARTESIAN_POINT('',(0.0320128549711715,-0.0147688988790064,0.0326));
#1945=CARTESIAN_POINT('',(0.0320128549711715,-0.0147688988790064,0.0346));
#1946=CARTESIAN_POINT('',(0.0342182743480448,-0.0169027065869237,0.0326));
#1947=CARTESIAN_POINT('',(0.0322176047666204,-0.0169951923008832,0.0326));
#1948=CARTESIAN_POINT('',(0.0322176047666204,-0.0169951923008832,0.0346));
#1949=CARTESIAN_POINT('',(0.0342128829564311,-0.019333950789983,0.0326));
#1950=CARTESIAN_POINT('',(0.0322120751447793,-0.0192296372618486,0.0326));
#1951=CARTESIAN_POINT('',(0.0322120751447793,-0.0192296372618486,0.0346));
#1952=CARTESIAN_POINT('',(0.0339600113712373,-0.0217736066360046,0.0326));
#1953=CARTESIAN_POINT('',(0.0319806170678448,-0.0214654154835941,0.0326));
#1954=CARTESIAN_POINT('',(0.0319806170678448,-0.0214654154835941,0.0346));
#1955=CARTESIAN_POINT('',(0.0335524212003669,-0.02374526850017,0.0326));
#1956=CARTESIAN_POINT('',(0.0316055285007793,-0.0232784749781813,0.0326));
#1957=CARTESIAN_POINT('',(0.0316055285007793,-0.0232784749781813,0.0346));
#1958=CARTESIAN_POINT('',(0.0331106033577209,-0.0252971938966692,0.0326));
#1959=CARTESIAN_POINT('',(0.0312008415089403,-0.0247012796919685,0.0326));
#1960=CARTESIAN_POINT('',(0.0312008415089403,-0.0247012796919684,0.0346));
#1961=CARTESIAN_POINT('',(0.0327308122897873,-0.0264489771724654,0.0326));
#1962=CARTESIAN_POINT('',(0.0308383443210518,-0.0258019536289161,0.0326));
#1963=CARTESIAN_POINT('',(0.0308383443210518,-0.0258019536289161,0.0346));
#1964=CARTESIAN_POINT('',(0.0323351751342237,-0.0275969356142969,0.0326));
#1965=CARTESIAN_POINT('',(0.0304431467212909,-0.0269488035665204,0.0326));
#1966=CARTESIAN_POINT('',(0.0304431467212909,-0.0269488035665204,0.0346));
#1967=CARTESIAN_POINT('',(0.0320196103375907,-0.0285571888645425,0.0326));
#1968=CARTESIAN_POINT('',(0.0301103127629631,-0.0279594778227245,0.0326));
#1969=CARTESIAN_POINT('',(0.0301103127629631,-0.0279594778227245,0.0346));
#1970=CARTESIAN_POINT('',(0.0318011850385537,-0.0293332398037997,0.0326));
#1971=CARTESIAN_POINT('',(0.0298649736261121,-0.0288293772628593,0.0326));
#1972=CARTESIAN_POINT('',(0.0298649736261121,-0.0288293772628593,0.0346));
#1973=CARTESIAN_POINT('',(0.0316652255062337,-0.029919387037917,0.0326));
#1974=CARTESIAN_POINT('',(0.0297025524934195,-0.0295269377844901,0.0326));
#1975=CARTESIAN_POINT('',(0.0297025524934195,-0.0295269377844901,0.0346));
#1976=CARTESIAN_POINT('',(0.0315874808730819,-0.0304140076544592,0.0326));
#1977=CARTESIAN_POINT('',(0.0295994059304524,-0.0301708438257324,0.0326));
#1978=CARTESIAN_POINT('',(0.0295994059304524,-0.0301708438257324,0.0346));
#1979=CARTESIAN_POINT('',(0.0315615503890369,-0.0308147598374958,0.0326));
#1980=CARTESIAN_POINT('',(0.0295596945039393,-0.0307615920068124,0.0326));
#1981=CARTESIAN_POINT('',(0.0295596945039393,-0.0307615920068124,0.0346));
#1982=CARTESIAN_POINT('',(0.0315681415138862,-0.0311216995342984,0.0326));
#1983=CARTESIAN_POINT('',(0.0295698178818707,-0.0312739573447659,0.0326));
#1984=CARTESIAN_POINT('',(0.0295698178818707,-0.0312739573447658,0.0346));
#1985=CARTESIAN_POINT('',(0.0316127640967079,-0.0314265116908763,0.0326));
#1986=CARTESIAN_POINT('',(0.0296504098980039,-0.031879649497359,0.0326));
#1987=CARTESIAN_POINT('',(0.0296504098980039,-0.031879649497359,0.0346));
#1988=CARTESIAN_POINT('',(0.0317185060835484,-0.0317201866793739,0.0326));
#1989=CARTESIAN_POINT('',(0.0299230972323444,-0.0326600419763165,0.0326));
#1990=CARTESIAN_POINT('',(0.0299230972323444,-0.0326600419763165,0.0346));
#1991=CARTESIAN_POINT('',(0.0318970849822316,-0.0319682354516327,0.0326));
#1992=CARTESIAN_POINT('',(0.0304147093112484,-0.0333306527849375,0.0326));
#1993=CARTESIAN_POINT('',(0.0304147093112484,-0.0333306527849375,0.0346));
#1994=CARTESIAN_POINT('',(0.0321221000133816,-0.0321812595663118,0.0326));
#1995=CARTESIAN_POINT('',(0.0308350936497195,-0.0337154547561149,0.0326));
#1996=CARTESIAN_POINT('',(0.0308350936497195,-0.0337154547561149,0.0346));
#1997=CARTESIAN_POINT('',(0.0323650165585766,-0.032364619651227,0.0326));
#1998=CARTESIAN_POINT('',(0.031234291273334,-0.0340177391250113,0.0326));
#1999=CARTESIAN_POINT('',(0.031234291273334,-0.0340177391250113,0.0346));
#2000=CARTESIAN_POINT('',(0.0327126304925636,-0.032582927858858,0.0326));
#2001=CARTESIAN_POINT('',(0.0317537438057118,-0.0343420195403149,0.0326));
#2002=CARTESIAN_POINT('',(0.0317537438057118,-0.0343420195403149,0.0346));
#2003=CARTESIAN_POINT('',(0.0331687872745975,-0.0328077834237383,0.0326));
#2004=CARTESIAN_POINT('',(0.0323796049610251,-0.034648962158652,0.0326));
#2005=CARTESIAN_POINT('',(0.0323796049610251,-0.034648962158652,0.0346));
#2006=CARTESIAN_POINT('',(0.0337364957389003,-0.0330209959611459,0.0326));
#2007=CARTESIAN_POINT('',(0.033114450367775,-0.034924138643861,0.0326));
#2008=CARTESIAN_POINT('',(0.033114450367775,-0.034924138643861,0.0346));
#2009=CARTESIAN_POINT('',(0.0345212789650634,-0.0332440006390443,0.0326));
#2010=CARTESIAN_POINT('',(0.0340953142982312,-0.0352022740582559,0.0326));
#2011=CARTESIAN_POINT('',(0.0340953142982312,-0.0352022740582559,0.0346));
#2012=CARTESIAN_POINT('',(0.0355203005475518,-0.0334146655455968,0.0326));
#2013=CARTESIAN_POINT('',(0.0353054647669285,-0.0354078463875303,0.0326));
#2014=CARTESIAN_POINT('',(0.0353054647669285,-0.0354078463875303,0.0346));
#2015=CARTESIAN_POINT('',(0.0367237099823994,-0.033473524604937,0.0326));
#2016=CARTESIAN_POINT('',(0.0367431827244825,-0.0354780036282857,0.0326));
#2017=CARTESIAN_POINT('',(0.0367431827244825,-0.0354780036282857,0.0346));
#2018=CARTESIAN_POINT('',(0.0379465056207012,-0.0333893576943108,0.0326));
#2019=CARTESIAN_POINT('',(0.0382036148710615,-0.0353776590983923,0.0326));
#2020=CARTESIAN_POINT('',(0.0382036148710615,-0.0353776590983923,0.0346));
#2021=CARTESIAN_POINT('',(0.039131860239018,-0.0331608127957792,0.0326));
#2022=CARTESIAN_POINT('',(0.0396328396135803,-0.0351027475827868,0.0326));
#2023=CARTESIAN_POINT('',(0.0396328396135803,-0.0351027475827868,0.0346));
#2024=CARTESIAN_POINT('',(0.0402780508183942,-0.0327830079749394,0.0326));
#2025=CARTESIAN_POINT('',(0.0410381790019904,-0.0346404347291752,0.0326));
#2026=CARTESIAN_POINT('',(0.0410381790019904,-0.0346404347291752,0.0346));
#2027=CARTESIAN_POINT('',(0.0413768552993476,-0.0322327927351229,0.0326));
#2028=CARTESIAN_POINT('',(0.0424133722361554,-0.0339535732625202,0.0326));
#2029=CARTESIAN_POINT('',(0.0424133722361554,-0.0339535732625201,0.0346));
#2030=CARTESIAN_POINT('',(0.0423619358449833,-0.0315220873978041,0.0326));
#2031=CARTESIAN_POINT('',(0.0436758859137418,-0.0330435940660761,0.0326));
#2032=CARTESIAN_POINT('',(0.0436758859137418,-0.0330435940660761,0.0346));
#2033=CARTESIAN_POINT('',(0.0432156124920387,-0.0306411411705983,0.0326));
#2034=CARTESIAN_POINT('',(0.0447636766108964,-0.0319188493996348,0.0326));
#2035=CARTESIAN_POINT('',(0.0447636766108963,-0.0319188493996348,0.0346));
#2036=CARTESIAN_POINT('',(0.0441517527564088,-0.0293477567408949,0.0326));
#2037=CARTESIAN_POINT('',(0.0458882114312434,-0.0303585145126498,0.0326));
#2038=CARTESIAN_POINT('',(0.0458882114312434,-0.0303585145126498,0.0346));
#2039=CARTESIAN_POINT('',(0.0450591843382193,-0.0275195480717258,0.0326));
#2040=CARTESIAN_POINT('',(0.0469267403365462,-0.0282559029347176,0.0326));
#2041=CARTESIAN_POINT('',(0.0469267403365462,-0.0282559029347176,0.0346));
#2042=CARTESIAN_POINT('',(0.0457859479652117,-0.0252355830292498,0.0326));
#2043=CARTESIAN_POINT('',(0.0477294050502089,-0.0257254581733329,0.0326));
#2044=CARTESIAN_POINT('',(0.0477294050502089,-0.0257254581733329,0.0346));
#2045=CARTESIAN_POINT('',(0.0462505308084161,-0.0228585123842903,0.0326));
#2046=CARTESIAN_POINT('',(0.0482337515801084,-0.0231406690396986,0.0326));
#2047=CARTESIAN_POINT('',(0.0482337515801084,-0.0231406690396986,0.0346));
#2048=CARTESIAN_POINT('',(0.0464776532662386,-0.0204583335750596,0.0326));
#2049=CARTESIAN_POINT('',(0.0484777558019113,-0.02055741983239,0.0326));
#2050=CARTESIAN_POINT('',(0.0484777558019113,-0.02055741983239,0.0346));
#2051=CARTESIAN_POINT('',(0.046492358148961,-0.0180691804122715,0.0326));
#2052=CARTESIAN_POINT('',(0.0484934429496436,-0.0179961448529826,0.0326));
#2053=CARTESIAN_POINT('',(0.0484934429496435,-0.0179961448529826,0.0346));
#2054=CARTESIAN_POINT('',(0.0463031142594028,-0.0156857794998043,0.0326));
#2055=CARTESIAN_POINT('',(0.0482906156809262,-0.0154391773748514,0.0326));
#2056=CARTESIAN_POINT('',(0.0482906156809262,-0.0154391773748514,0.0346));
#2057=CARTESIAN_POINT('',(0.0458914987492284,-0.0132942516924142,0.0326));
#2058=CARTESIAN_POINT('',(0.0478468985347734,-0.0128585404434893,0.0326));
#2059=CARTESIAN_POINT('',(0.0478468985347734,-0.0128585404434893,0.0346));
#2060=CARTESIAN_POINT('',(0.0452432548438667,-0.0109763166397108,0.0326));
#2061=CARTESIAN_POINT('',(0.0471402149604854,-0.0103260396557244,0.0326));
#2062=CARTESIAN_POINT('',(0.0471402149604854,-0.0103260396557244,0.0346));
#2063=CARTESIAN_POINT('',(0.0442976709382148,-0.0087334810090712,0.0326));
#2064=CARTESIAN_POINT('',(0.0460849274386355,-0.00781810544381484,0.0326));
#2065=CARTESIAN_POINT('',(0.0460849274386356,-0.00781810544381484,0.0346));
#2066=CARTESIAN_POINT('',(0.0432241241912017,-0.00703733534206369,0.0326));
#2067=CARTESIAN_POINT('',(0.044841838082073,-0.00583755478579802,0.0326));
#2068=CARTESIAN_POINT('',(0.044841838082073,-0.00583755478579801,0.0346));
#2069=CARTESIAN_POINT('',(0.0421037275323024,-0.00585088896432805,0.0326));
#2070=CARTESIAN_POINT('',(0.0434581305497839,-0.00436982291943103,0.0326));
#2071=CARTESIAN_POINT('',(0.0434581305497839,-0.00436982291943103,0.0346));
#2072=CARTESIAN_POINT('',(0.0411649362271137,-0.00510396060418213,0.0326));
#2073=CARTESIAN_POINT('',(0.0423065474364215,-0.00345469038647277,0.0326));
#2074=CARTESIAN_POINT('',(0.0423065474364215,-0.00345469038647277,0.0346));
#2075=CARTESIAN_POINT('',(0.0401202603222552,-0.00447886310752961,0.0326));
#2076=CARTESIAN_POINT('',(0.0410332115046699,-0.00269297480839587,0.0326));
#2077=CARTESIAN_POINT('',(0.0410332115046699,-0.00269297480839586,0.0346));
#2078=CARTESIAN_POINT('',(0.0390073469403452,-0.00399754759423065,0.0326));
#2079=CARTESIAN_POINT('',(0.0396869659243215,-0.00211114403587777,0.0326));
#2080=CARTESIAN_POINT('',(0.0396869659243215,-0.00211114403587777,0.0346));
#2081=CARTESIAN_POINT('',(0.0378516080070702,-0.00365944431529276,0.0326));
#2082=CARTESIAN_POINT('',(0.0382943890168088,-0.00170374931571062,0.0326));
#2083=CARTESIAN_POINT('',(0.0382943890168088,-0.00170374931571062,0.0346));
#2084=CARTESIAN_POINT('',(0.0366441031806897,-0.00346537051097946,0.0326));
#2085=CARTESIAN_POINT('',(0.0368348907026602,-0.00146890088723761,0.0326));
#2086=CARTESIAN_POINT('',(0.0368348907026602,-0.00146890088723762,0.0346));
#2087=CARTESIAN_POINT('',(0.0356412157940515,-0.00343693609621752,0.0326));
#2088=CARTESIAN_POINT('',(0.0356043822489199,-0.00143276615709279,0.0326));
#2089=CARTESIAN_POINT('',(0.0356043822489199,-0.00143276615709278,0.0346));
#2090=CARTESIAN_POINT('',(0.0348347807688922,-0.00350478377135995,0.0326));
#2091=CARTESIAN_POINT('',(0.0345845946330894,-0.00151804264976434,0.0325999999999999));
#2092=CARTESIAN_POINT('',(0.0345845946330894,-0.00151804264976436,0.0346));
#2093=CARTESIAN_POINT('',(0.0342320063557317,-0.00360859910657508,0.0326));
#2094=CARTESIAN_POINT('',(0.0337964536251232,-0.00165286010238233,0.0326));
#2095=CARTESIAN_POINT('',(0.0337964536251232,-0.00165286010238232,0.0346));
#2096=CARTESIAN_POINT('',(0.0336422461306395,-0.00377530366977411,0.0326));
#2097=CARTESIAN_POINT('',(0.0329822448362073,-0.00188180539070202,0.0326));
#2098=CARTESIAN_POINT('',(0.0329822448362073,-0.00188180539070202,0.0346));
#2099=CARTESIAN_POINT('',(0.0331792096657752,-0.00397594061402568,0.0326));
#2100=CARTESIAN_POINT('',(0.0322731159769771,-0.00218284529014417,0.0326));
#2101=CARTESIAN_POINT('',(0.0322731159769771,-0.00218284529014417,0.0346));
#2102=CARTESIAN_POINT('',(0.0328376574753099,-0.00419179091871176,0.0326));
#2103=CARTESIAN_POINT('',(0.0316651574084752,-0.00256518322214204,0.0326));
#2104=CARTESIAN_POINT('',(0.0316651574084752,-0.00256518322214205,0.0346));
#2105=CARTESIAN_POINT('',(0.0326007527603857,-0.00439363137055689,0.0326));
#2106=CARTESIAN_POINT('',(0.0311203156369508,-0.00300914709382474,0.0326));
#2107=CARTESIAN_POINT('',(0.0311203156369508,-0.00300914709382474,0.0346));
#2108=CARTESIAN_POINT('',(0.0324287092206708,-0.00465330549521436,0.0326));
#2109=CARTESIAN_POINT('',(0.0305877562270491,-0.00380772088740512,0.0326));
#2110=CARTESIAN_POINT('',(0.0305877562270491,-0.00380772088740512,0.0346));
#2111=CARTESIAN_POINT('',(0.0323619437126167,-0.00484907367569536,0.0326));
#2112=CARTESIAN_POINT('',(0.0304517326468257,-0.00424299589207455,0.0326));
#2113=CARTESIAN_POINT('',(0.0304517326468257,-0.00424299589207454,0.0346));
#2114=CARTESIAN_POINT('',(0.0323359758807056,-0.00494865375298795,0.0326));
#2115=CARTESIAN_POINT('',(0.0304012359127159,-0.00444191786885949,0.0326));
#2116=CARTESIAN_POINT('',(0.0304012359127159,-0.00444191786885949,0.0346));
#2117=CARTESIAN_POINT('',(0.0305215436795482,-0.00406390728862532,0.0369));
#2118=CARTESIAN_POINT('',(0.0305215436795482,-0.00406390728862532,0.0376));
#2119=CARTESIAN_POINT('',(0.0298670189796185,-0.00381571901899523,0.0376));
#2120=CARTESIAN_POINT('',(0.0306675842009306,-0.00367527892587237,0.0369));
#2121=CARTESIAN_POINT('',(0.0306675842009306,-0.00367527892587238,0.0376));
#2122=CARTESIAN_POINT('',(0.0300437517276869,-0.00334967883411165,0.0376));
#2123=CARTESIAN_POINT('',(0.0310855016800599,-0.00299081973482848,0.0369));
#2124=CARTESIAN_POINT('',(0.0310855016800599,-0.00299081973482849,0.0376));
#2125=CARTESIAN_POINT('',(0.0305650434319063,-0.00249536015748755,0.0376));
#2126=CARTESIAN_POINT('',(0.0321215251764848,-0.00222211586513929,0.0369));
#2127=CARTESIAN_POINT('',(0.0321215251764848,-0.00222211586513928,0.0376));
#2128=CARTESIAN_POINT('',(0.0317933527061325,-0.00159514471594691,0.0376));
#2129=CARTESIAN_POINT('',(0.0333641671081977,-0.00173474672444061,0.0369));
#2130=CARTESIAN_POINT('',(0.0333641671081977,-0.00173474672444063,0.0376));
#2131=CARTESIAN_POINT('',(0.0331753715460207,-0.00105682159198924,0.0376));
#2132=CARTESIAN_POINT('',(0.0351705589291368,-0.00139386158737611,0.0369));
#2133=CARTESIAN_POINT('',(0.0351705589291368,-0.00139386158737611,0.0376));
#2134=CARTESIAN_POINT('',(0.035133362182864,-0.000688629506406349,0.0376));
#2135=CARTESIAN_POINT('',(0.0375025259737275,-0.00147122409110474,0.0369));
#2136=CARTESIAN_POINT('',(0.0375025259737275,-0.00147122409110474,0.0376));
#2137=CARTESIAN_POINT('',(0.0376110188577001,-0.000773356471813808,0.0376));
#2138=CARTESIAN_POINT('',(0.0402172053439565,-0.00222892510236383,0.0369));
#2139=CARTESIAN_POINT('',(0.0402172053439565,-0.00222892510236383,0.0376));
#2140=CARTESIAN_POINT('',(0.0404860849126936,-0.00157561324929896,0.0376));
#2141=CARTESIAN_POINT('',(0.042648694831127,-0.00359323367907938,0.0369));
#2142=CARTESIAN_POINT('',(0.0426486948311271,-0.00359323367907937,0.0376));
#2143=CARTESIAN_POINT('',(0.0430682454098688,-0.00302252056483248,0.0376));
#2144=CARTESIAN_POINT('',(0.0446568582438434,-0.00553603074023556,0.0369));
#2145=CARTESIAN_POINT('',(0.0446568582438434,-0.00553603074023557,0.0376));
#2146=CARTESIAN_POINT('',(0.0452137331938119,-0.00510022230794516,0.0376));
#2147=CARTESIAN_POINT('',(0.0461550111652503,-0.00794308635734112,0.0369));
#2148=CARTESIAN_POINT('',(0.0461550111652503,-0.00794308635734111,0.0376));
#2149=CARTESIAN_POINT('',(0.0467838916235056,-0.00762867303668602,0.0376));
#2150=CARTESIAN_POINT('',(0.0475857324406425,-0.0114397766735698,0.0369));
#2151=CARTESIAN_POINT('',(0.0475857324406425,-0.0114397766735698,0.0376));
#2152=CARTESIAN_POINT('',(0.0482649476648281,-0.0112518291596008,0.0376));
#2153=CARTESIAN_POINT('',(0.0485180330708484,-0.0161813041598868,0.0369));
#2154=CARTESIAN_POINT('',(0.0485180330708483,-0.0161813041598868,0.0376));
#2155=CARTESIAN_POINT('',(0.0492187572005968,-0.0161151878082289,0.0376));
#2156=CARTESIAN_POINT('',(0.0485322202610463,-0.0209333594917439,0.0369));
#2157=CARTESIAN_POINT('',(0.0485322202610463,-0.020933359491744,0.0376));
#2158=CARTESIAN_POINT('',(0.0492338246528136,-0.0209750306238335,0.0376));
#2159=CARTESIAN_POINT('',(0.0479639492946532,-0.0247437646445062,0.0369));
#2160=CARTESIAN_POINT('',(0.0479639492946532,-0.0247437646445062,0.0376));
#2161=CARTESIAN_POINT('',(0.0486510078592306,-0.0248857404611082,0.0376));
#2162=CARTESIAN_POINT('',(0.0472174473444539,-0.0274857712402797,0.0369));
#2163=CARTESIAN_POINT('',(0.0472174473444539,-0.0274857712402797,0.0376));
#2164=CARTESIAN_POINT('',(0.047881488613494,-0.0277147749304478,0.0376));
#2165=CARTESIAN_POINT('',(0.0460743245578968,-0.0300997421137822,0.0369));
#2166=CARTESIAN_POINT('',(0.0460743245578967,-0.0300997421137822,0.0376));
#2167=CARTESIAN_POINT('',(0.0466926806466724,-0.0304367017315714,0.0376));
#2168=CARTESIAN_POINT('',(0.0444698897515718,-0.0323986592665427,0.0369));
#2169=CARTESIAN_POINT('',(0.0444698897515718,-0.0323986592665427,0.0376));
#2170=CARTESIAN_POINT('',(0.0449963220155778,-0.0328750711725993,0.0376));
#2171=CARTESIAN_POINT('',(0.0423097774296213,-0.0341226328625329,0.0369));
#2172=CARTESIAN_POINT('',(0.0423097774296213,-0.0341226328625329,0.0376));
#2173=CARTESIAN_POINT('',(0.0426608837757699,-0.0347406544489395,0.0376));
#2174=CARTESIAN_POINT('',(0.0397190109227966,-0.035166486169644,0.0369));
#2175=CARTESIAN_POINT('',(0.0397190109227966,-0.0351664861696439,0.0376));
#2176=CARTESIAN_POINT('',(0.0398966989226228,-0.0358503473782154,0.0376));
#2177=CARTESIAN_POINT('',(0.0369292787941253,-0.0355505957352442,0.0369));
#2178=CARTESIAN_POINT('',(0.0369292787941254,-0.0355505957352442,0.0376));
#2179=CARTESIAN_POINT('',(0.0369460897929358,-0.0362562514420255,0.0376));
#2180=CARTESIAN_POINT('',(0.0341463951576446,-0.0353094059623565,0.0369));
#2181=CARTESIAN_POINT('',(0.0341463951576446,-0.0353094059623565,0.0376));
#2182=CARTESIAN_POINT('',(0.0340062462611181,-0.0360016146401434,0.0376));
#2183=CARTESIAN_POINT('',(0.0319369541838842,-0.0345439022634289,0.0369));
#2184=CARTESIAN_POINT('',(0.0319369541838842,-0.0345439022634289,0.0376));
#2185=CARTESIAN_POINT('',(0.0316364803688521,-0.0351868291901581,0.0376));
#2186=CARTESIAN_POINT('',(0.0305138349817961,-0.033500519167396,0.0369));
#2187=CARTESIAN_POINT('',(0.0305138349817961,-0.033500519167396,0.0376));
#2188=CARTESIAN_POINT('',(0.0300235452221772,-0.0340181356895003,0.0376));
#2189=CARTESIAN_POINT('',(0.0298007914568326,-0.0324990284198552,0.0369));
#2190=CARTESIAN_POINT('',(0.0298007914568326,-0.0324990284198552,0.0376));
#2191=CARTESIAN_POINT('',(0.0291419576153685,-0.0327887380361443,0.0376));
#2192=CARTESIAN_POINT('',(0.0295176991609143,-0.0312760558314222,0.0369));
#2193=CARTESIAN_POINT('',(0.0295176991609143,-0.0312760558314222,0.0376));
#2194=CARTESIAN_POINT('',(0.0288087228880157,-0.0313130278532837,0.0376));
#2195=CARTESIAN_POINT('',(0.0296309231396328,-0.0295027517140789,0.0369));
#2196=CARTESIAN_POINT('',(0.0296309231396327,-0.0295027517140789,0.0376));
#2197=CARTESIAN_POINT('',(0.0289435341123333,-0.0293382645352106,0.0376));
#2198=CARTESIAN_POINT('',(0.0303337980586776,-0.0272084081340411,0.0369));
#2199=CARTESIAN_POINT('',(0.0303337980586776,-0.0272084081340411,0.0376));
#2200=CARTESIAN_POINT('',(0.0296782989573483,-0.0269668287633168,0.0376));
#2201=CARTESIAN_POINT('',(0.031352893219706,-0.0243873495184821,0.0369));
#2202=CARTESIAN_POINT('',(0.031352893219706,-0.0243873495184821,0.0376));
#2203=CARTESIAN_POINT('',(0.0306828443204907,-0.0241786133255403,0.0376));
#2204=CARTESIAN_POINT('',(0.0320190109470525,-0.0214261846701009,0.0369));
#2205=CARTESIAN_POINT('',(0.0320190109470525,-0.0214261846701009,0.0376000000000001));
#2206=CARTESIAN_POINT('',(0.0313240265900127,-0.0213221892855506,0.0376));
#2207=CARTESIAN_POINT('',(0.0322701652849291,-0.0184191015282047,0.0369));
#2208=CARTESIAN_POINT('',(0.032270165284929,-0.0184191015282047,0.0375999999999999));
#2209=CARTESIAN_POINT('',(0.031568505232001,-0.0184083412243828,0.0376));
#2210=CARTESIAN_POINT('',(0.0321168515680448,-0.0153574736919482,0.0369));
#2211=CARTESIAN_POINT('',(0.0321168515680448,-0.0153574736919482,0.0376));
#2212=CARTESIAN_POINT('',(0.0314190418734744,-0.0154355764972154,0.0376));
#2213=CARTESIAN_POINT('',(0.0315920138132942,-0.0123721893790229,0.0369));
#2214=CARTESIAN_POINT('',(0.0315920138132941,-0.0123721893790229,0.0376));
#2215=CARTESIAN_POINT('',(0.0309109046744741,-0.0125370762052978,0.0376));
#2216=CARTESIAN_POINT('',(0.0309416133891289,-0.0099725804287878,0.0369));
#2217=CARTESIAN_POINT('',(0.0309416133891289,-0.00997258042878779,0.0376));
#2218=CARTESIAN_POINT('',(0.0302650413091925,-0.0101523485906463,0.0376));
#2219=CARTESIAN_POINT('',(0.0305044755908556,-0.00809053052904979,0.0369));
#2220=CARTESIAN_POINT('',(0.0305044755908556,-0.00809053052904979,0.0376));
#2221=CARTESIAN_POINT('',(0.029818755777697,-0.00823330272427975,0.0376));
#2222=CARTESIAN_POINT('',(0.0302715527497564,-0.00669833840703592,0.0369));
#2223=CARTESIAN_POINT('',(0.0302715527497564,-0.00669833840703592,0.0376));
#2224=CARTESIAN_POINT('',(0.029574987707823,-0.00678109558429234,0.0376));
#2225=CARTESIAN_POINT('',(0.0302092585517655,-0.00532258991134614,0.0369));
#2226=CARTESIAN_POINT('',(0.0302092585517655,-0.00532258991134613,0.0376));
#2227=CARTESIAN_POINT('',(0.0295046469434956,-0.00529160126678906,0.0376));
#2228=CARTESIAN_POINT('',(0.0303755031581658,-0.00445253565137826,0.0369));
#2229=CARTESIAN_POINT('',(0.0303755031581658,-0.00445253565137826,0.0376));
#2230=CARTESIAN_POINT('',(0.0296902862315501,-0.00428175920387882,0.0376));
#2231=CARTESIAN_POINT('',(0.0305215436795482,-0.00406390728862532,0.0369));
#2232=CARTESIAN_POINT('',(0.0305215436795482,-0.00406390728862532,0.0376));
#2233=CARTESIAN_POINT('',(0.0298670189796185,-0.00381571901899523,0.0376));
#2234=CARTESIAN_POINT('',(0.0290191496723188,-0.00157989676887236,0.03694375));
#2235=CARTESIAN_POINT('',(0.0290492421301225,-0.0016078846708981,0.0376));
#2236=CARTESIAN_POINT('',(0.029530721454982,-0.00205569110330986,0.0376));
#2237=CARTESIAN_POINT('',(0.0286068329316402,-0.00203214050520509,0.03694375));
#2238=CARTESIAN_POINT('',(0.028640212771884,-0.00205639699634965,0.0376));
#2239=CARTESIAN_POINT('',(0.0291742902157851,-0.0024445008546625,0.0376));
#2240=CARTESIAN_POINT('',(0.0279378667979846,-0.00312771389323839,0.03694375));
#2241=CARTESIAN_POINT('',(0.0279776626224915,-0.0031415241093864,0.0376));
#2242=CARTESIAN_POINT('',(0.028614395814602,-0.00336248756775453,0.0376));
#2243=CARTESIAN_POINT('',(0.0276200697959632,-0.00488553972426669,0.03694375));
#2244=CARTESIAN_POINT('',(0.027661282207199,-0.00488821622090428,0.0376));
#2245=CARTESIAN_POINT('',(0.0283206807869709,-0.00493104016710555,0.0376));
#2246=CARTESIAN_POINT('',(0.0276507469252654,-0.00656705936584034,0.03694375));
#2247=CARTESIAN_POINT('',(0.0276917854512783,-0.00656349565049675,0.0376));
#2248=CARTESIAN_POINT('',(0.0283484018674854,-0.00650647620499948,0.0376));
#2249=CARTESIAN_POINT('',(0.0279417439297311,-0.00871011684515974,0.03694375));
#2250=CARTESIAN_POINT('',(0.027982067191336,-0.00870186000728756,0.0376));
#2251=CARTESIAN_POINT('',(0.028627239377015,-0.00856975060133268,0.0376));
#2252=CARTESIAN_POINT('',(0.0285561386543574,-0.011302580229771,0.03694375));
#2253=CARTESIAN_POINT('',(0.0285958966963758,-0.0112922218584443,0.0376));
#2254=CARTESIAN_POINT('',(0.0292320253686699,-0.0111264879172177,0.0376));
#2255=CARTESIAN_POINT('',(0.0292769862240361,-0.0143259024629662,0.03694375));
#2256=CARTESIAN_POINT('',(0.0293173697708912,-0.0143179829643435,0.0376));
#2257=CARTESIAN_POINT('',(0.029963506520572,-0.0141912709863797,0.0376));
#2258=CARTESIAN_POINT('',(0.0296971497545533,-0.0173460698031685,0.03694375));
#2259=CARTESIAN_POINT('',(0.0297382503400082,-0.0173428805607432,0.0376));
#2260=CARTESIAN_POINT('',(0.0303958597072871,-0.0172918526819384,0.0376));
#2261=CARTESIAN_POINT('',(0.0297012868564702,-0.0204259987868287,0.03694375));
#2262=CARTESIAN_POINT('',(0.0297424589304394,-0.0204292306868,0.0376));
#2263=CARTESIAN_POINT('',(0.0304012121139453,-0.0204809410863399,0.0376));
#2264=CARTESIAN_POINT('',(0.029214079296138,-0.0234611094236849,0.03694375));
#2265=CARTESIAN_POINT('',(0.0292540794771385,-0.0234710527630771,0.0376));
#2266=CARTESIAN_POINT('',(0.0298940823731456,-0.0236301461933519,0.0376));
#2267=CARTESIAN_POINT('',(0.0284346258725257,-0.0259536261193325,0.03694375));
#2268=CARTESIAN_POINT('',(0.0284737197493946,-0.0259662803427179,0.0376));
#2269=CARTESIAN_POINT('',(0.0290992217792969,-0.026168747916883,0.0376));
#2270=CARTESIAN_POINT('',(0.0278204647212319,-0.0280223706253634,0.03694375));
#2271=CARTESIAN_POINT('',(0.0278601119386477,-0.0280332705449482,0.0376));
#2272=CARTESIAN_POINT('',(0.0284944674173007,-0.0282076692583042,0.0376));
#2273=CARTESIAN_POINT('',(0.0274394775267577,-0.0296370002877824,0.03694375));
#2274=CARTESIAN_POINT('',(0.0274799584970899,-0.0296445234523995,0.0376));
#2275=CARTESIAN_POINT('',(0.0281276540224038,-0.0297648940862735,0.0376));
#2276=CARTESIAN_POINT('',(0.0272470910379709,-0.0313324251400711,0.03694375));
#2277=CARTESIAN_POINT('',(0.0272885113596427,-0.0313333229183914,0.0376));
#2278=CARTESIAN_POINT('',(0.0279512365063916,-0.0313476873715157,0.0376));
#2279=CARTESIAN_POINT('',(0.0274685381131996,-0.0331857985353624,0.03694375));
#2280=CARTESIAN_POINT('',(0.027508943555445,-0.0331726837494769,0.0376));
#2281=CARTESIAN_POINT('',(0.028155430631372,-0.0329628471753089,0.0376));
#2282=CARTESIAN_POINT('',(0.0285137803080441,-0.0348489561233535,0.03694375));
#2283=CARTESIAN_POINT('',(0.028543467322778,-0.0348190509564378,0.0376));
#2284=CARTESIAN_POINT('',(0.0290184595585201,-0.0343405682857856,0.0376));
#2285=CARTESIAN_POINT('',(0.029939036675678,-0.0359111522460911,0.03694375));
#2286=CARTESIAN_POINT('',(0.02996035133598,-0.0358758672394453,0.0376));
#2287=CARTESIAN_POINT('',(0.0303013859008104,-0.0353113071331115,0.0376));
#2288=CARTESIAN_POINT('',(0.0314681762166742,-0.0366678321825409,0.03694375));
#2289=CARTESIAN_POINT('',(0.031483505979504,-0.0366295261218836,0.0376));
#2290=CARTESIAN_POINT('',(0.0317287821847812,-0.0360166291513668,0.0376));
#2291=CARTESIAN_POINT('',(0.0330586273681726,-0.0371860470338104,0.03694375));
#2292=CARTESIAN_POINT('',(0.0330690153572488,-0.0371461999922758,0.0376));
#2293=CARTESIAN_POINT('',(0.0332352231824673,-0.0365086473277234,0.0376));
#2294=CARTESIAN_POINT('',(0.0346971449409427,-0.0375166469347994,0.03694375));
#2295=CARTESIAN_POINT('',(0.0347031112844173,-0.0374759092984153,0.0376));
#2296=CARTESIAN_POINT('',(0.0347985727800109,-0.0368241071162704,0.0376));
#2297=CARTESIAN_POINT('',(0.0368727735180837,-0.0377231164015907,0.03694375));
#2298=CARTESIAN_POINT('',(0.0368732128295272,-0.0376818621732618,0.0376));
#2299=CARTESIAN_POINT('',(0.0368802418126235,-0.0370217945199994,0.0376));
#2300=CARTESIAN_POINT('',(0.0396616509099121,-0.0375633896991671,0.03694375));
#2301=CARTESIAN_POINT('',(0.0396549907927672,-0.0375225234929615,0.0376));
#2302=CARTESIAN_POINT('',(0.0395484289184489,-0.0368686641936725,0.0376));
#2303=CARTESIAN_POINT('',(0.0428404164916743,-0.0366682659658477,0.03694375));
#2304=CARTESIAN_POINT('',(0.0428243344405298,-0.0366298963814777,0.0376));
#2305=CARTESIAN_POINT('',(0.0425670216222174,-0.0360159830315574,0.0376));
#2306=CARTESIAN_POINT('',(0.0453063455354785,-0.0351840718586569,0.03694375));
#2307=CARTESIAN_POINT('',(0.0452810826001546,-0.0351511085235026,0.0376));
#2308=CARTESIAN_POINT('',(0.0448768756349726,-0.0346236951610342,0.0376));
#2309=CARTESIAN_POINT('',(0.0469100183482816,-0.0335619680955669,0.0369437500000001));
#2310=CARTESIAN_POINT('',(0.046878586286891,-0.0335352721607739,0.0376));
#2311=CARTESIAN_POINT('',(0.0463756733046407,-0.0331081372040856,0.0376));
#2312=CARTESIAN_POINT('',(0.0482241612855474,-0.0317952786520393,0.03694375));
#2313=CARTESIAN_POINT('',(0.0481886829612331,-0.0317741257919753,0.0375999999999999));
#2314=CARTESIAN_POINT('',(0.047621029772205,-0.031435680030951,0.0375999999999999));
#2315=CARTESIAN_POINT('',(0.0494744585897397,-0.0293100299619444,0.03694375));
#2316=CARTESIAN_POINT('',(0.049436040474488,-0.0292949269021376,0.0376));
#2317=CARTESIAN_POINT('',(0.0488213506304618,-0.0290532779452277,0.0376));
#2318=CARTESIAN_POINT('',(0.0504304393449244,-0.0262240534517842,0.03694375));
#2319=CARTESIAN_POINT('',(0.0503903488216746,-0.0262145394125753,0.0376));
#2320=CARTESIAN_POINT('',(0.0497489004496774,-0.0260623147852342,0.0376));
#2321=CARTESIAN_POINT('',(0.0511749843843377,-0.0219465297194714,0.03694375));
#2322=CARTESIAN_POINT('',(0.051133815453752,-0.0219433691770798,0.0376));
#2323=CARTESIAN_POINT('',(0.0504751125643802,-0.0218928004988137,0.0376));
#2324=CARTESIAN_POINT('',(0.051231044132796,-0.0166223505834599,0.03694375));
#2325=CARTESIAN_POINT('',(0.051189865633052,-0.0166257829223901,0.0376));
#2326=CARTESIAN_POINT('',(0.0505310096371484,-0.0166807003452739,0.0376));
#2327=CARTESIAN_POINT('',(0.0502525247665056,-0.0112921372565305,0.03694375));
#2328=CARTESIAN_POINT('',(0.0502125052119477,-0.0113026092213915,0.0376));
#2329=CARTESIAN_POINT('',(0.049572192339022,-0.0114701606591666,0.0376));
#2330=CARTESIAN_POINT('',(0.0486890083398621,-0.00725139760590425,0.03694375));
#2331=CARTESIAN_POINT('',(0.0486517291335933,-0.00726903526191858,0.0376));
#2332=CARTESIAN_POINT('',(0.0480552618332938,-0.00755123775814757,0.0376));
#2333=CARTESIAN_POINT('',(0.0470329287207887,-0.00439547848504461,0.03694375));
#2334=CARTESIAN_POINT('',(0.0469992385410568,-0.00441968222252347,0.0376));
#2335=CARTESIAN_POINT('',(0.0464601956653457,-0.00480694202218523,0.0376));
#2336=CARTESIAN_POINT('',(0.0447042135493097,-0.0019265359573528,0.03694375));
#2337=CARTESIAN_POINT('',(0.0446783632278243,-0.00195918563767703,0.0376));
#2338=CARTESIAN_POINT('',(0.0442647580840591,-0.00248158052286477,0.0376));
#2339=CARTESIAN_POINT('',(0.0418294255897907,-0.000222188979874567,0.03694375));
#2340=CARTESIAN_POINT('',(0.0418128802182381,-0.000260247493304592,0.0376));
#2341=CARTESIAN_POINT('',(0.0415481542733957,-0.000869183708184673,0.0376));
#2342=CARTESIAN_POINT('',(0.0386189217447076,0.00074513129967198,0.03694375));
#2343=CARTESIAN_POINT('',(0.038611626567668,0.00070432989362875,0.0376));
#2344=CARTESIAN_POINT('',(0.0384949037350354,5.1507396937207E-5,0.0376));
#2345=CARTESIAN_POINT('',(0.0352902261641588,0.000961117939928911,0.03694375));
#2346=CARTESIAN_POINT('',(0.0352921322118766,0.000919731223115238,0.0376));
#2347=CARTESIAN_POINT('',(0.0353226289753619,0.000257543754096935,0.0376));
#2348=CARTESIAN_POINT('',(0.0325268391226657,0.000501347762939017,0.03694375));
#2349=CARTESIAN_POINT('',(0.0325375027885097,0.000461201659507353,0.0376));
#2350=CARTESIAN_POINT('',(0.0327081214420136,-0.000181135995399079,0.0376));
#2351=CARTESIAN_POINT('',(0.0304117672420561,-0.000414251475242023,0.03694375));
#2352=CARTESIAN_POINT('',(0.0304318387719224,-0.000450450156677136,0.0376));
#2353=CARTESIAN_POINT('',(0.0307529832497832,-0.00102962905963869,0.0376));
#2354=CARTESIAN_POINT('',(0.0294314664129974,-0.00112765303253963,0.03694375));
#2355=CARTESIAN_POINT('',(0.029458271488361,-0.00115937234544655,0.0376));
#2356=CARTESIAN_POINT('',(0.0298871526941788,-0.00166688135195722,0.0376));
#2357=CARTESIAN_POINT('',(0.0290191496723188,-0.00157989676887236,0.03694375));
#2358=CARTESIAN_POINT('',(0.0290492421301225,-0.0016078846708981,0.0376));
#2359=CARTESIAN_POINT('',(0.029530721454982,-0.00205569110330986,0.0376));
#2360=CARTESIAN_POINT('',(0.0282370533108229,-0.0100602264302162,0.0369437499999997));
#2361=CARTESIAN_POINT('',(0.0290557999203613,-0.0132682153401049,0.0369437500000002));
#2362=CARTESIAN_POINT('',(0.0296295381689576,-0.0165237073105861,0.0369437499999996));
#2363=CARTESIAN_POINT('',(0.0297529119948768,-0.0198272069640745,0.0369437500000013));
#2364=CARTESIAN_POINT('',(0.0293049977447486,-0.0231293581740604,0.0369437499999996));
#2365=CARTESIAN_POINT('',(0.0283337433570598,-0.0262944094109625,0.0369437500000001));
#2366=CARTESIAN_POINT('',(0.0275354570212481,-0.0289519803749033,0.03694375));
#2367=CARTESIAN_POINT('',(0.0272589463241495,-0.0311473628741495,0.03694375));
#2368=CARTESIAN_POINT('',(0.0274015452845504,-0.0328210318834909,0.03694375));
#2369=CARTESIAN_POINT('',(0.0281157125657814,-0.0343555672447766,0.03694375));
#2370=CARTESIAN_POINT('',(0.0293387301670441,-0.0355124908102798,0.03694375));
#2371=CARTESIAN_POINT('',(0.030765093343154,-0.0363565371678133,0.03694375));
#2372=CARTESIAN_POINT('',(0.0328191515965284,-0.0371695265441579,0.0369437500000001));
#2373=CARTESIAN_POINT('',(0.0355321815186029,-0.0376990492279623,0.03694375));
#2374=CARTESIAN_POINT('',(0.0388385322168559,-0.0376751163833878,0.0369437499999999));
#2375=CARTESIAN_POINT('',(0.0420759887349965,-0.0369569526046701,0.0369437500000003));
#2376=CARTESIAN_POINT('',(0.0450597061281146,-0.0354466415685504,0.0369437499999995));
#2377=CARTESIAN_POINT('',(0.0474290047319984,-0.0330924776813085,0.0369437500000018));
#2378=CARTESIAN_POINT('',(0.0490925726298271,-0.0302105754503134,0.0369437499999995));
#2379=CARTESIAN_POINT('',(0.0501991744902612,-0.0271355017019717,0.0369437500000001));
#2380=CARTESIAN_POINT('',(0.0511012565398989,-0.0228091857679576,0.0369437499999999));
#2381=CARTESIAN_POINT('',(0.0512574865614726,-0.0184773855529713,0.0369437500000001));
#2382=CARTESIAN_POINT('',(0.0507650497619916,-0.0141014969957874,0.0369437499999999));
#2383=CARTESIAN_POINT('',(0.0500495830122209,-0.0109074155467709,0.0369437500000002));
#2384=CARTESIAN_POINT('',(0.0489489197679026,-0.00781827532089698,0.0369437499999994));
#2385=CARTESIAN_POINT('',(0.047381206398374,-0.00490520332907448,0.0369437500000024));
#2386=CARTESIAN_POINT('',(0.0452206583109253,-0.00236843225567542,0.0369437499999994));
#2387=CARTESIAN_POINT('',(0.0424909605308232,-0.000534536872134427,0.0369437500000002));
#2388=CARTESIAN_POINT('',(0.0393615159992347,0.000590979053981845,0.0369437499999997));
#2389=CARTESIAN_POINT('',(0.0360664408280763,0.000975762603497563,0.0369437500000008));
#2390=CARTESIAN_POINT('',(0.0333246113902751,0.000676512005223831,0.0369437499999977));
#2391=CARTESIAN_POINT('',(0.0312309958337863,-1.90150102114334E-5,0.0369437500000004));
#2392=CARTESIAN_POINT('',(0.0297683601764963,-0.000822522672187887,0.0369437499999999));
#2393=CARTESIAN_POINT('',(0.0285536987719709,-0.00198571064972183,0.0369437499999999));
#2394=CARTESIAN_POINT('',(0.0278442384728038,-0.00351020932974567,0.0369437500000004));
#2395=CARTESIAN_POINT('',(0.0276084578715708,-0.00515249191520525,0.0369437499999984));
#2396=CARTESIAN_POINT('',(0.0276970425133214,-0.00736621572760836,0.0369437500000009));
#2397=CARTESIAN_POINT('',(0.0282370533108229,-0.0100602264302162,0.0369437499999997));
#2398=CARTESIAN_POINT('',(0.0290557999203613,-0.0132682153401049,0.0369437500000002));
#2399=CARTESIAN_POINT('',(0.0296295381689576,-0.0165237073105861,0.0369437499999996));
#2400=CARTESIAN_POINT('',(0.0290149651935377,-0.0132761325168703,0.03694375));
#2401=CARTESIAN_POINT('',(0.0105421761585722,-0.017383795405669,0.038175));
#2402=CARTESIAN_POINT('',(0.0105421761585722,-0.017383795405669,0.038175));
#2403=CARTESIAN_POINT('',(0.014899577398997,-0.017383795405669,0.038175));
#2404=CARTESIAN_POINT('',(0.0106568329596747,-0.0172145625531799,0.038175));
#2405=CARTESIAN_POINT('',(0.0304320853984687,-0.000477568128632002,0.03694375));
#2406=CARTESIAN_POINT('',(0.0303586090221722,-0.000350512857276261,0.0346));
#2407=CARTESIAN_POINT('',(0.0291829870014288,0.00168237148441565,0.0346));
#2408=CARTESIAN_POINT('',(0.0300231619434464,-0.00071345435240373,0.03694375));
#2409=CARTESIAN_POINT('',(0.0299416927960436,-0.00059101122385444,0.0346));
#2410=CARTESIAN_POINT('',(0.0286381864375992,0.0013680788329342,0.0346));
#2411=CARTESIAN_POINT('',(0.0292866212648295,-0.00124427068377764,0.03694375));
#2412=CARTESIAN_POINT('',(0.0291882625646244,-0.00113338107941906,0.0346));
#2413=CARTESIAN_POINT('',(0.0276145233613428,0.000640852590317918,0.0346));
#2414=CARTESIAN_POINT('',(0.028483040609371,-0.00217662475826467,0.03694375));
#2415=CARTESIAN_POINT('',(0.0283585129256568,-0.00209553244264447,0.0346));
#2416=CARTESIAN_POINT('',(0.0263660699862291,-0.000798055392721213,0.0346));
#2417=CARTESIAN_POINT('',(0.0279449608759619,-0.00329513264030989,0.03694375));
#2418=CARTESIAN_POINT('',(0.0278042257671741,-0.00324869141867815,0.0346));
#2419=CARTESIAN_POINT('',(0.0255524640265692,-0.00250563187257041,0.0346));
#2420=CARTESIAN_POINT('',(0.0275641790596413,-0.0050528792959871,0.03694375));
#2421=CARTESIAN_POINT('',(0.0274154510789706,-0.00504794382024988,0.0346));
#2422=CARTESIAN_POINT('',(0.0250358033882384,-0.00496897620845422,0.0346));
#2423=CARTESIAN_POINT('',(0.027714430418482,-0.00768957645149522,0.03694375));
#2424=CARTESIAN_POINT('',(0.0275694536713387,-0.0077151089959729,0.0346));
#2425=CARTESIAN_POINT('',(0.0252498257170465,-0.00812362970761578,0.0346));
#2426=CARTESIAN_POINT('',(0.028510875449386,-0.011134838684224,0.03694375));
#2427=CARTESIAN_POINT('',(0.0283691603516875,-0.0111729264334003,0.0346));
#2428=CARTESIAN_POINT('',(0.0261017187885108,-0.0117823304202215,0.0346));
#2429=CARTESIAN_POINT('',(0.0294439743352195,-0.0150016827064739,0.03694375));
#2430=CARTESIAN_POINT('',(0.0292991481105903,-0.0150278418028492,0.0346));
#2431=CARTESIAN_POINT('',(0.0269819285165218,-0.0154463873448542,0.0346));
#2432=CARTESIAN_POINT('',(0.0298459052732218,-0.0192254247382259,0.03694375));
#2433=CARTESIAN_POINT('',(0.0296976949575811,-0.0192239244671685,0.0346));
#2434=CARTESIAN_POINT('',(0.0273263299073285,-0.019199920130251,0.0346));
#2435=CARTESIAN_POINT('',(0.029338650545222,-0.0229303646434166,0.03694375));
#2436=CARTESIAN_POINT('',(0.0291949715772006,-0.0228981643817727,0.0346));
#2437=CARTESIAN_POINT('',(0.0268961080888596,-0.0223829601954702,0.0346));
#2438=CARTESIAN_POINT('',(0.0285610806034656,-0.0255724640900888,0.03694375));
#2439=CARTESIAN_POINT('',(0.0284211260285881,-0.0255282304459057,0.0346));
#2440=CARTESIAN_POINT('',(0.0261818528305477,-0.0248204921389759,0.0346));
#2441=CARTESIAN_POINT('',(0.0278243069350584,-0.0279474991500229,0.03694375));
#2442=CARTESIAN_POINT('',(0.0276834114690016,-0.0279065429425026,0.0346));
#2443=CARTESIAN_POINT('',(0.0254290840120914,-0.0272512436221769,0.0346));
#2444=CARTESIAN_POINT('',(0.0273029485638481,-0.0301453923855875,0.03694375));
#2445=CARTESIAN_POINT('',(0.0271565772667522,-0.030121569438639,0.0346));
#2446=CARTESIAN_POINT('',(0.0248146365132184,-0.0297404022874627,0.0346));
#2447=CARTESIAN_POINT('',(0.02730496396772,-0.0320420328728703,0.03694375));
#2448=CARTESIAN_POINT('',(0.0271576186522245,-0.0320565179916402,0.0346));
#2449=CARTESIAN_POINT('',(0.0248000936042972,-0.0322882798919586,0.0346));
#2450=CARTESIAN_POINT('',(0.0275954612043938,-0.0332862652131123,0.03694375));
#2451=CARTESIAN_POINT('',(0.0274560102487673,-0.0333379542682819,0.0346));
#2452=CARTESIAN_POINT('',(0.0252247949587439,-0.0341649791509955,0.0346));
#2453=CARTESIAN_POINT('',(0.0281688465743293,-0.0343447995392977,0.03694375));
#2454=CARTESIAN_POINT('',(0.0280499000174097,-0.034433996277924,0.0346));
#2455=CARTESIAN_POINT('',(0.0261467551066956,-0.0358611440959447,0.0346));
#2456=CARTESIAN_POINT('',(0.0293796221572755,-0.0356024587129876,0.03694375));
#2457=CARTESIAN_POINT('',(0.0292950974166541,-0.0357256700392816,0.0346));
#2458=CARTESIAN_POINT('',(0.0279427015667113,-0.0376970512599863,0.0346));
#2459=CARTESIAN_POINT('',(0.0316451193947577,-0.0368424912518487,0.03694375));
#2460=CARTESIAN_POINT('',(0.0315943188104696,-0.0369815222175392,0.0346));
#2461=CARTESIAN_POINT('',(0.0307815094618604,-0.0392060176685871,0.0346));
#2462=CARTESIAN_POINT('',(0.0348149280770773,-0.0376169075656299,0.03694375));
#2463=CARTESIAN_POINT('',(0.034795057478124,-0.0377633506140626,0.0346));
#2464=CARTESIAN_POINT('',(0.0344771278948723,-0.0401064393889854,0.0346));
#2465=CARTESIAN_POINT('',(0.0381277483679643,-0.0377366688940719,0.03694375));
#2466=CARTESIAN_POINT('',(0.0381371896300541,-0.037884163157491,0.0346));
#2467=CARTESIAN_POINT('',(0.0382882498234911,-0.0402440713721979,0.0346));
#2468=CARTESIAN_POINT('',(0.0413593613828916,-0.0371780503912129,0.03694375));
#2469=CARTESIAN_POINT('',(0.0414004086669466,-0.0373202834554681,0.0346));
#2470=CARTESIAN_POINT('',(0.0420571652118265,-0.0395960124835511,0.0346));
#2471=CARTESIAN_POINT('',(0.0442878874103313,-0.035919158916368,0.03694375));
#2472=CARTESIAN_POINT('',(0.0443634603880342,-0.0360473643821148,0.0346));
#2473=CARTESIAN_POINT('',(0.0455726280312813,-0.0380986518340637,0.0346));
#2474=CARTESIAN_POINT('',(0.0466905057196763,-0.0339680071005175,0.03694375));
#2475=CARTESIAN_POINT('',(0.046800915066487,-0.0340676824400801,0.0346));
#2476=CARTESIAN_POINT('',(0.0485674646154579,-0.035662487873081,0.0346));
#2477=CARTESIAN_POINT('',(0.0485369467778044,-0.0313318087410132,0.03694375));
#2478=CARTESIAN_POINT('',(0.048666818066506,-0.0314022216372824,0.0346));
#2479=CARTESIAN_POINT('',(0.050744758685733,-0.0325288279775895,0.0346));
#2480=CARTESIAN_POINT('',(0.0498645485011663,-0.0282529965384596,0.03694375));
#2481=CARTESIAN_POINT('',(0.0500043749959788,-0.0282994956326186,0.0346));
#2482=CARTESIAN_POINT('',(0.0522415989129786,-0.0290434811391626,0.0346));
#2483=CARTESIAN_POINT('',(0.0507163336106217,-0.0249128896086926,0.03694375));
#2484=CARTESIAN_POINT('',(0.0508610711849093,-0.0249394848421101,0.0346));
#2485=CARTESIAN_POINT('',(0.0531768723735111,-0.0253650085767908,0.0346));
#2486=CARTESIAN_POINT('',(0.051139582885806,-0.0214482916773729,0.03694375));
#2487=CARTESIAN_POINT('',(0.0512863524975388,-0.0214576920789099,0.0346));
#2488=CARTESIAN_POINT('',(0.0536346662852633,-0.0216080985035034,0.0346));
#2489=CARTESIAN_POINT('',(0.0511746125556966,-0.0179735918130582,0.03694375));
#2490=CARTESIAN_POINT('',(0.0513215256113656,-0.017967193971216,0.0346));
#2491=CARTESIAN_POINT('',(0.0536721345020699,-0.0178648285017408,0.0346));
#2492=CARTESIAN_POINT('',(0.0508309207105722,-0.0144634123994891,0.03694375));
#2493=CARTESIAN_POINT('',(0.0509762809118098,-0.0144410147081837,0.0346));
#2494=CARTESIAN_POINT('',(0.0533020441316116,-0.0140826516472973,0.0346));
#2495=CARTESIAN_POINT('',(0.0501003361447329,-0.0110605104111687,0.03694375));
#2496=CARTESIAN_POINT('',(0.0502421396921143,-0.0110211047790379,0.0346));
#2497=CARTESIAN_POINT('',(0.0525109964502172,-0.0103906146649463,0.0346));
#2498=CARTESIAN_POINT('',(0.0489617728212336,-0.00783134326549196,0.03694375));
#2499=CARTESIAN_POINT('',(0.049096798390094,-0.00777244964488459,0.0346));
#2500=CARTESIAN_POINT('',(0.0512572074918606,-0.00683015171516676,0.0346));
#2501=CARTESIAN_POINT('',(0.0473546017785821,-0.00486994890406463,0.03694375));
#2502=CARTESIAN_POINT('',(0.0474777630292321,-0.00478803614686147,0.0346));
#2503=CARTESIAN_POINT('',(0.0494483430396307,-0.00347743203161072,0.0346));
#2504=CARTESIAN_POINT('',(0.0452699999286973,-0.00243158251212992,0.03694375));
#2505=CARTESIAN_POINT('',(0.0453695009729525,-0.00232141098906931,0.0346));
#2506=CARTESIAN_POINT('',(0.0469615176810367,-0.000558666620099777,0.0346));
#2507=CARTESIAN_POINT('',(0.0426863928639459,-0.000645177444193504,0.03694375));
#2508=CARTESIAN_POINT('',(0.0427549521344582,-0.00051376536478652,0.0346));
#2509=CARTESIAN_POINT('',(0.0438519004626545,0.00158882790572534,0.0346));
#2510=CARTESIAN_POINT('',(0.0396554810405885,0.000515967484658364,0.03694375));
#2511=CARTESIAN_POINT('',(0.0396919317155204,0.000659410540588305,0.0346));
#2512=CARTESIAN_POINT('',(0.0402751425144309,0.00295449943546725,0.0346));
#2513=CARTESIAN_POINT('',(0.0364121609691054,0.000964995948394269,0.03694375));
#2514=CARTESIAN_POINT('',(0.0364164895008878,0.00111285324978111,0.0346));
#2515=CARTESIAN_POINT('',(0.0364857460094071,0.00347857007197069,0.0346));
#2516=CARTESIAN_POINT('',(0.0332108510543122,0.00070157367867656,0.03694375));
#2517=CARTESIAN_POINT('',(0.0331817152622949,0.000846984852559751,0.0346));
#2518=CARTESIAN_POINT('',(0.0327155425900181,0.00317356363469078,0.0346));
#2519=CARTESIAN_POINT('',(0.0312499323085132,-5.79568108854511E-6,0.03694375));
#2520=CARTESIAN_POINT('',(0.0311924414744293,0.000130483875880098,0.0346));
#2521=CARTESIAN_POINT('',(0.0302725881290881,0.00231095678737854,0.0346));
#2522=CARTESIAN_POINT('',(0.0304320853984687,-0.000477568128632002,0.03694375));
#2523=CARTESIAN_POINT('',(0.0303586090221722,-0.000350512857276261,0.0346));
#2524=CARTESIAN_POINT('',(0.0291829870014288,0.00168237148441565,0.0346));
#2525=MECHANICAL_DESIGN_GEOMETRIC_PRESENTATION_REPRESENTATION('',(#347),
#2526);
#2526=(
GEOMETRIC_REPRESENTATION_CONTEXT(3)
GLOBAL_UNCERTAINTY_ASSIGNED_CONTEXT((#2527))
GLOBAL_UNIT_ASSIGNED_CONTEXT((#2530,#2529,#2528))
REPRESENTATION_CONTEXT('Part 1','TOP_LEVEL_ASSEMBLY_PART')
);
#2527=UNCERTAINTY_MEASURE_WITH_UNIT(LENGTH_MEASURE(2.E-5),#2530,
'DISTANCE_ACCURACY_VALUE','Maximum Tolerance applied to model');
#2528=(
NAMED_UNIT(*)
SI_UNIT($,.STERADIAN.)
SOLID_ANGLE_UNIT()
);
#2529=(
NAMED_UNIT(*)
PLANE_ANGLE_UNIT()
SI_UNIT($,.RADIAN.)
);
#2530=(
LENGTH_UNIT()
NAMED_UNIT(*)
SI_UNIT($,.METRE.)
);
#2531=PRODUCT_DEFINITION_SHAPE('','',#2532);
#2532=PRODUCT_DEFINITION('','',#2534,#2533);
#2533=PRODUCT_DEFINITION_CONTEXT('',#2540,'design');
#2534=PRODUCT_DEFINITION_FORMATION_WITH_SPECIFIED_SOURCE('','',#2536,
 .NOT_KNOWN.);
#2535=PRODUCT_RELATED_PRODUCT_CATEGORY('','',(#2536));
#2536=PRODUCT('Part 1','Part 1','Part 1',(#2538));
#2537=PRODUCT_CATEGORY('','');
#2538=PRODUCT_CONTEXT('',#2540,'mechanical');
#2539=APPLICATION_PROTOCOL_DEFINITION('international standard',
'ap242_managed_model_based_3d_engineering',2020,#2540);
#2540=APPLICATION_CONTEXT('managed model based 3d engineering');
ENDSEC;
END-ISO-10303-21;
