ISO-10303-21;
HEADER;
/* Generated by software containing ST-Developer
 * from STEP Tools, Inc. (www.steptools.com) 
 */
/* OPTION: using custom renumber hook */

FILE_DESCRIPTION(
/* description */ ('STEP AP242 Edition 2',
'CAx-IF Rec.Pracs.---Representation and Presentation of Product Manufa
cturing Information (PMI)---4.0---2014-10-13',
'CAx-IF Rec.Pracs.---3D Tessellated Geometry---0.4---2014-09-14','2;1',
'CAx-IF Rec.Pracs.---User Defined Attributes---1.5---2016-08-15'),
/* implementation_level */ '2;1');

FILE_NAME(
/* name */ 'canlid_normal',
/* time_stamp */ '2026-06-22T02:33:16Z',
/* author */ (''),
/* organization */ (''),
/* preprocessor_version */ 'ST-DEVELOPER v20',
/* originating_system */ 'ONSHAPE BY PTC INC, 1.216',
/* authorisation */ '  ');

FILE_SCHEMA (('AP242_MANAGED_MODEL_BASED_3D_ENGINEERING_MIM_LF { 1 0 10303 442 3 1 4 }'));
ENDSEC;

DATA;
#10=SHAPE_REPRESENTATION_RELATIONSHIP('','',#153,#11);
#11=ADVANCED_BREP_SHAPE_REPRESENTATION('',(#151),#1984);
#12=(
BOUNDED_SURFACE()
B_SPLINE_SURFACE(3,2,((#921,#922,#923),(#924,#925,#926),(#927,#928,#929),
(#930,#931,#932),(#933,#934,#935),(#936,#937,#938),(#939,#940,#941),(#942,
#943,#944),(#945,#946,#947),(#948,#949,#950),(#951,#952,#953),(#954,#955,
#956),(#957,#958,#959),(#960,#961,#962),(#963,#964,#965),(#966,#967,#968),
(#969,#970,#971),(#972,#973,#974),(#975,#976,#977),(#978,#979,#980),(#981,
#982,#983),(#984,#985,#986),(#987,#988,#989),(#990,#991,#992),(#993,#994,
#995),(#996,#997,#998),(#999,#1000,#1001),(#1002,#1003,#1004),(#1005,#1006,
#1007),(#1008,#1009,#1010),(#1011,#1012,#1013),(#1014,#1015,#1016),(#1017,
#1018,#1019),(#1020,#1021,#1022),(#1023,#1024,#1025),(#1026,#1027,#1028),
(#1029,#1030,#1031),(#1032,#1033,#1034),(#1035,#1036,#1037),(#1038,#1039,
#1040),(#1041,#1042,#1043),(#1044,#1045,#1046),(#1047,#1048,#1049),(#1050,
#1051,#1052),(#1053,#1054,#1055),(#1056,#1057,#1058),(#1059,#1060,#1061),
(#1062,#1063,#1064),(#1065,#1066,#1067),(#1068,#1069,#1070),(#1071,#1072,
#1073),(#1074,#1075,#1076),(#1077,#1078,#1079),(#1080,#1081,#1082)),
 .UNSPECIFIED.,.T.,.F.,.F.)
B_SPLINE_SURFACE_WITH_KNOTS((1,3,1,1,1,1,1,1,1,1,1,1,1,1,1,1,1,1,1,1,1,
1,1,1,1,1,1,1,1,1,1,1,1,1,1,1,1,1,1,1,1,1,1,1,1,1,1,1,1,1,1,1,3,1),(3,3),
(-0.00758322049643836,0.,0.00379161024821919,0.00758322049643837,0.0113748307446576,
0.0151664409928767,0.0189580512410959,0.0227496614893151,0.0303328819857535,
0.0341244922339727,0.0379161024821919,0.0417077127304111,0.0454993229786302,
0.0473951281027398,0.0492909332268494,0.0530825434750686,0.060665763971507,
0.0644573742197262,0.0682489844679454,0.0758322049643837,0.0796238152126029,
0.0834154254608221,0.0909986459572605,0.0985818664536989,0.106165086950137,
0.109956697198356,0.113748307446576,0.117539917694795,0.121331527943014,
0.125123138191233,0.128914748439452,0.136497968935891,0.14028957918411,
0.144081189432329,0.151664409928767,0.159247630425206,0.166830850921644,
0.170622461169863,0.174414071418083,0.181997291914521,0.18578890216274,
0.189580512410959,0.193372122659179,0.197163732907398,0.204746953403836,
0.208538563652055,0.212330173900274,0.216121784148494,0.219913394396713,
0.227496614893151,0.23128822514137,0.23507983538959,0.242663055886028,0.246454666134247),
(0.,1.),.UNSPECIFIED.)
GEOMETRIC_REPRESENTATION_ITEM()
RATIONAL_B_SPLINE_SURFACE(((1.,0.707106781186548,1.),(1.,0.707106781186548,
1.),(1.,0.707106781186547,1.),(1.,0.707106781186548,1.),(1.,0.707106781186548,
1.),(1.,0.707106781186548,1.),(1.,0.707106781186547,1.),(1.,0.707106781186548,
1.),(1.,0.707106781186548,1.),(1.,0.707106781186547,1.),(1.,0.707106781186547,
1.),(1.,0.707106781186548,1.),(1.,0.707106781186547,1.),(1.,0.707106781186548,
1.),(1.,0.707106781186547,1.),(1.,0.707106781186547,1.),(1.,0.707106781186547,
1.),(1.,0.707106781186548,1.),(1.,0.707106781186547,1.),(1.,0.707106781186548,
1.),(1.,0.707106781186548,1.),(1.,0.707106781186547,1.),(1.,0.707106781186547,
1.),(1.,0.707106781186548,1.),(1.,0.707106781186547,1.),(1.,0.707106781186547,
1.),(1.,0.707106781186548,1.),(1.,0.707106781186547,1.),(1.,0.707106781186548,
1.),(1.,0.707106781186548,1.),(1.,0.707106781186547,1.),(1.,0.707106781186547,
1.),(1.,0.707106781186548,1.),(1.,0.707106781186547,1.),(1.,0.707106781186547,
1.),(1.,0.707106781186548,1.),(1.,0.707106781186547,1.),(1.,0.707106781186548,
1.),(1.,0.707106781186547,1.),(1.,0.707106781186547,1.),(1.,0.707106781186548,
1.),(1.,0.707106781186547,1.),(1.,0.707106781186548,1.),(1.,0.707106781186547,
1.),(1.,0.707106781186548,1.),(1.,0.707106781186547,1.),(1.,0.707106781186547,
1.),(1.,0.707106781186548,1.),(1.,0.707106781186547,1.),(1.,0.707106781186548,
1.),(1.,0.707106781186547,1.),(1.,0.707106781186547,1.),(1.,0.707106781186548,
1.),(1.,0.707106781186548,1.)))
REPRESENTATION_ITEM('')
SURFACE()
);
#13=(
BOUNDED_SURFACE()
B_SPLINE_SURFACE(3,2,((#1083,#1084,#1085),(#1086,#1087,#1088),(#1089,#1090,
#1091),(#1092,#1093,#1094),(#1095,#1096,#1097),(#1098,#1099,#1100),(#1101,
#1102,#1103),(#1104,#1105,#1106),(#1107,#1108,#1109),(#1110,#1111,#1112),
(#1113,#1114,#1115),(#1116,#1117,#1118),(#1119,#1120,#1121),(#1122,#1123,
#1124),(#1125,#1126,#1127),(#1128,#1129,#1130),(#1131,#1132,#1133),(#1134,
#1135,#1136),(#1137,#1138,#1139),(#1140,#1141,#1142),(#1143,#1144,#1145),
(#1146,#1147,#1148),(#1149,#1150,#1151),(#1152,#1153,#1154),(#1155,#1156,
#1157),(#1158,#1159,#1160),(#1161,#1162,#1163),(#1164,#1165,#1166),(#1167,
#1168,#1169),(#1170,#1171,#1172),(#1173,#1174,#1175),(#1176,#1177,#1178),
(#1179,#1180,#1181),(#1182,#1183,#1184),(#1185,#1186,#1187),(#1188,#1189,
#1190),(#1191,#1192,#1193),(#1194,#1195,#1196),(#1197,#1198,#1199),(#1200,
#1201,#1202),(#1203,#1204,#1205),(#1206,#1207,#1208),(#1209,#1210,#1211),
(#1212,#1213,#1214),(#1215,#1216,#1217),(#1218,#1219,#1220),(#1221,#1222,
#1223),(#1224,#1225,#1226),(#1227,#1228,#1229),(#1230,#1231,#1232),(#1233,
#1234,#1235),(#1236,#1237,#1238)),.UNSPECIFIED.,.T.,.F.,.F.)
B_SPLINE_SURFACE_WITH_KNOTS((1,3,1,1,1,1,1,1,1,1,1,1,1,1,1,1,1,1,1,1,1,
1,1,1,1,1,1,1,1,1,1,1,1,1,1,1,1,1,1,1,1,1,1,1,1,1,1,1,1,1,3,1),(3,3),(-0.00488225152572747,
0.,0.00488225152572752,0.00976450305145504,0.0195290061029101,0.0244112576286376,
0.0292935091543651,0.0341757606800926,0.0390580122058201,0.0439402637315477,
0.0488225152572752,0.0512636410201389,0.0537047667830027,0.0561458925458665,
0.0585870183087302,0.0683515213601853,0.0732337728859128,0.0781160244116403,
0.0878805274630953,0.0976450305145504,0.107409533566005,0.11717403661746,
0.126938539668915,0.136703042720371,0.146467545771826,0.151349797297553,
0.156232048823281,0.161114300349008,0.165996551874736,0.170878803400463,
0.175761054926191,0.185525557977646,0.190407809503373,0.195290061029101,
0.200172312554828,0.205054564080556,0.214819067132011,0.219701318657738,
0.224583570183466,0.229465821709193,0.234348073234921,0.244112576286376,
0.253877079337831,0.258759330863559,0.263641582389286,0.273406085440741,
0.283170588492196,0.292935091543651,0.302699594595106,0.307581846120834,
0.312464097646561,0.317346349172289),(0.,1.),.UNSPECIFIED.)
GEOMETRIC_REPRESENTATION_ITEM()
RATIONAL_B_SPLINE_SURFACE(((1.,0.707106781186548,1.),(1.,0.707106781186548,
1.),(1.,0.707106781186548,1.),(1.,0.707106781186548,1.),(1.,0.707106781186547,
1.),(1.,0.707106781186548,1.),(1.,0.707106781186548,1.),(1.,0.707106781186547,
1.),(1.,0.707106781186547,1.),(1.,0.707106781186548,1.),(1.,0.707106781186547,
1.),(1.,0.707106781186548,1.),(1.,0.707106781186548,1.),(1.,0.707106781186548,
1.),(1.,0.707106781186547,1.),(1.,0.707106781186548,1.),(1.,0.707106781186548,
1.),(1.,0.707106781186548,1.),(1.,0.707106781186547,1.),(1.,0.707106781186548,
1.),(1.,0.707106781186548,1.),(1.,0.707106781186547,1.),(1.,0.707106781186548,
1.),(1.,0.707106781186548,1.),(1.,0.707106781186547,1.),(1.,0.707106781186548,
1.),(1.,0.707106781186548,1.),(1.,0.707106781186547,1.),(1.,0.707106781186548,
1.),(1.,0.707106781186548,1.),(1.,0.707106781186548,1.),(1.,0.707106781186547,
1.),(1.,0.707106781186549,1.),(1.,0.707106781186547,1.),(1.,0.707106781186548,
1.),(1.,0.707106781186547,1.),(1.,0.707106781186548,1.),(1.,0.707106781186548,
1.),(1.,0.707106781186548,1.),(1.,0.707106781186548,1.),(1.,0.707106781186547,
1.),(1.,0.707106781186548,1.),(1.,0.707106781186548,1.),(1.,0.707106781186547,
1.),(1.,0.707106781186548,1.),(1.,0.707106781186548,1.),(1.,0.707106781186548,
1.),(1.,0.707106781186547,1.),(1.,0.707106781186548,1.),(1.,0.707106781186547,
1.),(1.,0.707106781186548,1.),(1.,0.707106781186548,1.)))
REPRESENTATION_ITEM('')
SURFACE()
);
#14=(
BOUNDED_SURFACE()
B_SPLINE_SURFACE(3,2,((#1239,#1240,#1241),(#1242,#1243,#1244),(#1245,#1246,
#1247),(#1248,#1249,#1250),(#1251,#1252,#1253),(#1254,#1255,#1256),(#1257,
#1258,#1259),(#1260,#1261,#1262),(#1263,#1264,#1265),(#1266,#1267,#1268),
(#1269,#1270,#1271),(#1272,#1273,#1274),(#1275,#1276,#1277),(#1278,#1279,
#1280),(#1281,#1282,#1283),(#1284,#1285,#1286),(#1287,#1288,#1289),(#1290,
#1291,#1292),(#1293,#1294,#1295),(#1296,#1297,#1298),(#1299,#1300,#1301),
(#1302,#1303,#1304),(#1305,#1306,#1307),(#1308,#1309,#1310),(#1311,#1312,
#1313),(#1314,#1315,#1316),(#1317,#1318,#1319),(#1320,#1321,#1322),(#1323,
#1324,#1325),(#1326,#1327,#1328),(#1329,#1330,#1331),(#1332,#1333,#1334),
(#1335,#1336,#1337),(#1338,#1339,#1340),(#1341,#1342,#1343),(#1344,#1345,
#1346),(#1347,#1348,#1349),(#1350,#1351,#1352),(#1353,#1354,#1355),(#1356,
#1357,#1358),(#1359,#1360,#1361),(#1362,#1363,#1364),(#1365,#1366,#1367),
(#1368,#1369,#1370),(#1371,#1372,#1373),(#1374,#1375,#1376),(#1377,#1378,
#1379),(#1380,#1381,#1382),(#1383,#1384,#1385),(#1386,#1387,#1388),(#1389,
#1390,#1391),(#1392,#1393,#1394),(#1395,#1396,#1397),(#1398,#1399,#1400),
(#1401,#1402,#1403),(#1404,#1405,#1406),(#1407,#1408,#1409),(#1410,#1411,
#1412),(#1413,#1414,#1415),(#1416,#1417,#1418),(#1419,#1420,#1421),(#1422,
#1423,#1424),(#1425,#1426,#1427),(#1428,#1429,#1430),(#1431,#1432,#1433),
(#1434,#1435,#1436),(#1437,#1438,#1439),(#1440,#1441,#1442)),
 .UNSPECIFIED.,.T.,.F.,.F.)
B_SPLINE_SURFACE_WITH_KNOTS((1,3,1,1,1,1,1,1,1,1,1,1,1,1,1,1,1,1,1,1,1,
1,1,1,1,1,1,1,1,1,1,1,1,1,1,1,1,1,1,1,1,1,1,1,1,1,1,1,1,1,1,1,1,1,1,1,1,
1,1,1,1,1,1,1,1,1,3,1),(3,3),(-0.00714396603891376,0.,0.0142879320778276,
0.0285758641556552,0.035719830194569,0.0428637962334828,0.0500077622723966,
0.0571517283113104,0.0642956943502242,0.0678676773696811,0.071439660389138,
0.0750116434085949,0.0785836264280518,0.0821556094475087,0.0857275924669656,
0.0928715585058794,0.100015524544793,0.107159490583707,0.114303456622621,
0.128591388700448,0.142879320778276,0.15002328681719,0.157167252856104,
0.171455184933931,0.178599150972845,0.185743117011759,0.192887083050673,
0.200031049089586,0.2071750151285,0.214318981167414,0.221462947206328,0.228606913245242,
0.235750879284155,0.242894845323069,0.246466828342526,0.250038811361983,
0.257182777400897,0.26432674343981,0.271470709478724,0.278614675517638,
0.285758641556552,0.292902607595466,0.300046573634379,0.307190539673293,
0.314334505712207,0.321478471751121,0.328622437790035,0.335766403828949,
0.342910369867862,0.35719830194569,0.371486234023517,0.378630200062431,
0.385774166101345,0.392918132140259,0.400062098179173,0.40363408119863,
0.407206064218086,0.410778047237543,0.414350030257,0.417922013276457,0.421493996295914,
0.425065979315371,0.428637962334828,0.435781928373742,0.442925894412655,
0.450069860451569,0.457213826490483,0.471501758568311),(0.,1.),
 .UNSPECIFIED.)
GEOMETRIC_REPRESENTATION_ITEM()
RATIONAL_B_SPLINE_SURFACE(((1.,0.707106781186548,1.),(1.,0.707106781186548,
1.),(1.,0.707106781186548,1.),(1.,0.707106781186547,1.),(1.,0.707106781186548,
1.),(1.,0.707106781186547,1.),(1.,0.707106781186548,1.),(1.,0.707106781186548,
1.),(1.,0.707106781186547,1.),(1.,0.707106781186548,1.),(1.,0.707106781186548,
1.),(1.,0.707106781186547,1.),(1.,0.707106781186548,1.),(1.,0.707106781186548,
1.),(1.,0.707106781186547,1.),(1.,0.707106781186548,1.),(1.,0.707106781186547,
1.),(1.,0.707106781186548,1.),(1.,0.707106781186547,1.),(1.,0.707106781186548,
1.),(1.,0.707106781186548,1.),(1.,0.707106781186548,1.),(1.,0.707106781186548,
1.),(1.,0.707106781186547,1.),(1.,0.707106781186548,1.),(1.,0.707106781186548,
1.),(1.,0.707106781186548,1.),(1.,0.707106781186547,1.),(1.,0.707106781186548,
1.),(1.,0.707106781186547,1.),(1.,0.707106781186547,1.),(1.,0.707106781186548,
1.),(1.,0.707106781186548,1.),(1.,0.707106781186547,1.),(1.,0.707106781186548,
1.),(1.,0.707106781186547,1.),(1.,0.707106781186548,1.),(1.,0.707106781186547,
1.),(1.,0.707106781186548,1.),(1.,0.707106781186547,1.),(1.,0.707106781186547,
1.),(1.,0.707106781186548,1.),(1.,0.707106781186548,1.),(1.,0.707106781186547,
1.),(1.,0.707106781186548,1.),(1.,0.707106781186546,1.),(1.,0.707106781186548,
1.),(1.,0.707106781186547,1.),(1.,0.707106781186548,1.),(1.,0.707106781186547,
1.),(1.,0.707106781186547,1.),(1.,0.707106781186548,1.),(1.,0.707106781186548,
1.),(1.,0.707106781186547,1.),(1.,0.707106781186548,1.),(1.,0.707106781186548,
1.),(1.,0.707106781186547,1.),(1.,0.707106781186548,1.),(1.,0.707106781186547,
1.),(1.,0.707106781186548,1.),(1.,0.707106781186547,1.),(1.,0.707106781186548,
1.),(1.,0.707106781186547,1.),(1.,0.707106781186548,1.),(1.,0.707106781186548,
1.),(1.,0.707106781186547,1.),(1.,0.707106781186548,1.),(1.,0.707106781186548,
1.)))
REPRESENTATION_ITEM('')
SURFACE()
);
#15=(
BOUNDED_SURFACE()
B_SPLINE_SURFACE(3,2,((#1443,#1444,#1445),(#1446,#1447,#1448),(#1449,#1450,
#1451),(#1452,#1453,#1454),(#1455,#1456,#1457),(#1458,#1459,#1460),(#1461,
#1462,#1463),(#1464,#1465,#1466),(#1467,#1468,#1469),(#1470,#1471,#1472),
(#1473,#1474,#1475),(#1476,#1477,#1478),(#1479,#1480,#1481),(#1482,#1483,
#1484),(#1485,#1486,#1487),(#1488,#1489,#1490),(#1491,#1492,#1493),(#1494,
#1495,#1496),(#1497,#1498,#1499),(#1500,#1501,#1502),(#1503,#1504,#1505),
(#1506,#1507,#1508),(#1509,#1510,#1511),(#1512,#1513,#1514),(#1515,#1516,
#1517),(#1518,#1519,#1520),(#1521,#1522,#1523),(#1524,#1525,#1526),(#1527,
#1528,#1529),(#1530,#1531,#1532),(#1533,#1534,#1535),(#1536,#1537,#1538),
(#1539,#1540,#1541),(#1542,#1543,#1544),(#1545,#1546,#1547),(#1548,#1549,
#1550),(#1551,#1552,#1553),(#1554,#1555,#1556),(#1557,#1558,#1559),(#1560,
#1561,#1562),(#1563,#1564,#1565),(#1566,#1567,#1568),(#1569,#1570,#1571),
(#1572,#1573,#1574),(#1575,#1576,#1577),(#1578,#1579,#1580),(#1581,#1582,
#1583),(#1584,#1585,#1586),(#1587,#1588,#1589),(#1590,#1591,#1592)),
 .UNSPECIFIED.,.T.,.F.,.F.)
B_SPLINE_SURFACE_WITH_KNOTS((1,3,1,1,1,1,1,1,1,1,1,1,1,1,1,1,1,1,1,1,1,
1,1,1,1,1,1,1,1,1,1,1,1,1,1,1,1,1,1,1,1,1,1,1,1,1,1,1,3,1),(3,3),(-0.00754247463201196,
0.,0.00377123731600598,0.00754247463201195,0.0150849492640239,0.0188561865800299,
0.0226274238960359,0.0301698985280478,0.0339411358440538,0.0377123731600598,
0.0414836104760657,0.0452548477920717,0.0527973224240837,0.0565685597400897,
0.0603397970560956,0.0678822716881076,0.0754247463201195,0.0829672209521315,
0.0905096955841434,0.0980521702161554,0.105594644848167,0.113137119480179,
0.116908356796185,0.120679594112191,0.124450831428197,0.128222068744203,
0.131993306060209,0.135764543376215,0.139535780692221,0.143307018008227,
0.150849492640239,0.158391967272251,0.162163204588257,0.165934441904263,
0.173476916536275,0.181019391168287,0.188561865800299,0.192333103116305,
0.196104340432311,0.199875577748317,0.203646815064323,0.207418052380329,
0.211189289696335,0.214960527012341,0.218731764328347,0.226274238960359,
0.230045476276365,0.233816713592371,0.241359188224383,0.245130425540388),
(0.,1.),.UNSPECIFIED.)
GEOMETRIC_REPRESENTATION_ITEM()
RATIONAL_B_SPLINE_SURFACE(((1.,0.707106781186547,1.),(1.,0.707106781186547,
1.),(1.,0.707106781186548,1.),(1.,0.707106781186548,1.),(1.,0.707106781186547,
1.),(1.,0.707106781186548,1.),(1.,0.707106781186547,1.),(1.,0.707106781186548,
1.),(1.,0.707106781186548,1.),(1.,0.707106781186547,1.),(1.,0.707106781186548,
1.),(1.,0.707106781186548,1.),(1.,0.707106781186548,1.),(1.,0.707106781186548,
1.),(1.,0.707106781186548,1.),(1.,0.707106781186547,1.),(1.,0.707106781186548,
1.),(1.,0.707106781186548,1.),(1.,0.707106781186548,1.),(1.,0.707106781186547,
1.),(1.,0.707106781186548,1.),(1.,0.707106781186547,1.),(1.,0.707106781186548,
1.),(1.,0.707106781186548,1.),(1.,0.707106781186548,1.),(1.,0.707106781186548,
1.),(1.,0.707106781186548,1.),(1.,0.707106781186548,1.),(1.,0.707106781186548,
1.),(1.,0.707106781186547,1.),(1.,0.707106781186548,1.),(1.,0.707106781186548,
1.),(1.,0.707106781186548,1.),(1.,0.707106781186548,1.),(1.,0.707106781186548,
1.),(1.,0.707106781186548,1.),(1.,0.707106781186547,1.),(1.,0.707106781186548,
1.),(1.,0.707106781186548,1.),(1.,0.707106781186548,1.),(1.,0.707106781186547,
1.),(1.,0.707106781186548,1.),(1.,0.707106781186548,1.),(1.,0.707106781186548,
1.),(1.,0.707106781186548,1.),(1.,0.707106781186548,1.),(1.,0.707106781186548,
1.),(1.,0.707106781186548,1.),(1.,0.707106781186547,1.),(1.,0.707106781186547,
1.)))
REPRESENTATION_ITEM('')
SURFACE()
);
#16=(
BOUNDED_SURFACE()
B_SPLINE_SURFACE(3,2,((#1593,#1594,#1595),(#1596,#1597,#1598),(#1599,#1600,
#1601),(#1602,#1603,#1604),(#1605,#1606,#1607),(#1608,#1609,#1610),(#1611,
#1612,#1613),(#1614,#1615,#1616),(#1617,#1618,#1619),(#1620,#1621,#1622),
(#1623,#1624,#1625),(#1626,#1627,#1628),(#1629,#1630,#1631),(#1632,#1633,
#1634),(#1635,#1636,#1637),(#1638,#1639,#1640),(#1641,#1642,#1643),(#1644,
#1645,#1646),(#1647,#1648,#1649),(#1650,#1651,#1652),(#1653,#1654,#1655),
(#1656,#1657,#1658),(#1659,#1660,#1661),(#1662,#1663,#1664),(#1665,#1666,
#1667),(#1668,#1669,#1670),(#1671,#1672,#1673),(#1674,#1675,#1676),(#1677,
#1678,#1679),(#1680,#1681,#1682),(#1683,#1684,#1685),(#1686,#1687,#1688),
(#1689,#1690,#1691),(#1692,#1693,#1694),(#1695,#1696,#1697),(#1698,#1699,
#1700),(#1701,#1702,#1703),(#1704,#1705,#1706),(#1707,#1708,#1709),(#1710,
#1711,#1712),(#1713,#1714,#1715),(#1716,#1717,#1718),(#1719,#1720,#1721),
(#1722,#1723,#1724),(#1725,#1726,#1727),(#1728,#1729,#1730),(#1731,#1732,
#1733),(#1734,#1735,#1736),(#1737,#1738,#1739),(#1740,#1741,#1742),(#1743,
#1744,#1745),(#1746,#1747,#1748),(#1749,#1750,#1751),(#1752,#1753,#1754),
(#1755,#1756,#1757),(#1758,#1759,#1760),(#1761,#1762,#1763)),
 .UNSPECIFIED.,.T.,.F.,.F.)
B_SPLINE_SURFACE_WITH_KNOTS((1,3,1,1,1,1,1,1,1,1,1,1,1,1,1,1,1,1,1,1,1,
1,1,1,1,1,1,1,1,1,1,1,1,1,1,1,1,1,1,1,1,1,1,1,1,1,1,1,1,1,1,1,1,1,1,3,1),
(3,3),(-0.0048481422888253,0.,0.0048481422888253,0.0096962845776506,0.0145444268664759,
0.0193925691553012,0.0242407114441265,0.0290888537329518,0.0339369960217771,
0.0387851383106024,0.048481422888253,0.0581777074659036,0.0678739920435542,
0.0775702766212048,0.0872665611988554,0.0921147034876807,0.096962845776506,
0.106659130354157,0.111507272642982,0.116355414931807,0.121203557220632,
0.126051699509458,0.130899841798283,0.135747984087108,0.140596126375934,
0.145444268664759,0.150292410953584,0.15514055324241,0.157564624386822,
0.159988695531235,0.16483683782006,0.169684980108885,0.174533122397711,
0.179381264686536,0.184229406975361,0.193925691553012,0.203621976130663,
0.213318260708313,0.223014545285964,0.232710829863614,0.242407114441265,
0.252103399018916,0.256951541307741,0.261799683596566,0.266647825885391,
0.269071897029804,0.271495968174217,0.276344110463042,0.278768181607455,
0.281192252751867,0.286040395040693,0.290888537329518,0.295736679618343,
0.300584821907169,0.305432964195994,0.310281106484819,0.315129248773644),
(0.,1.),.UNSPECIFIED.)
GEOMETRIC_REPRESENTATION_ITEM()
RATIONAL_B_SPLINE_SURFACE(((1.,0.707106781186548,1.),(1.,0.707106781186548,
1.),(1.,0.707106781186548,1.),(1.,0.707106781186547,1.),(1.,0.707106781186548,
1.),(1.,0.707106781186548,1.),(1.,0.707106781186548,1.),(1.,0.707106781186548,
1.),(1.,0.707106781186547,1.),(1.,0.707106781186548,1.),(1.,0.707106781186548,
1.),(1.,0.707106781186547,1.),(1.,0.707106781186547,1.),(1.,0.707106781186547,
1.),(1.,0.707106781186548,1.),(1.,0.707106781186548,1.),(1.,0.707106781186547,
1.),(1.,0.707106781186547,1.),(1.,0.707106781186548,1.),(1.,0.707106781186547,
1.),(1.,0.707106781186548,1.),(1.,0.707106781186547,1.),(1.,0.707106781186548,
1.),(1.,0.707106781186547,1.),(1.,0.707106781186548,1.),(1.,0.707106781186548,
1.),(1.,0.707106781186547,1.),(1.,0.707106781186548,1.),(1.,0.707106781186547,
1.),(1.,0.707106781186549,1.),(1.,0.707106781186547,1.),(1.,0.707106781186548,
1.),(1.,0.707106781186548,1.),(1.,0.707106781186547,1.),(1.,0.707106781186547,
1.),(1.,0.707106781186548,1.),(1.,0.707106781186547,1.),(1.,0.707106781186548,
1.),(1.,0.707106781186547,1.),(1.,0.707106781186547,1.),(1.,0.707106781186548,
1.),(1.,0.707106781186547,1.),(1.,0.707106781186548,1.),(1.,0.707106781186547,
1.),(1.,0.707106781186549,1.),(1.,0.707106781186547,1.),(1.,0.707106781186548,
1.),(1.,0.707106781186547,1.),(1.,0.707106781186547,1.),(1.,0.707106781186548,
1.),(1.,0.707106781186547,1.),(1.,0.707106781186548,1.),(1.,0.707106781186546,
1.),(1.,0.707106781186549,1.),(1.,0.707106781186547,1.),(1.,0.707106781186548,
1.),(1.,0.707106781186548,1.)))
REPRESENTATION_ITEM('')
SURFACE()
);
#17=(
BOUNDED_SURFACE()
B_SPLINE_SURFACE(3,2,((#1764,#1765,#1766),(#1767,#1768,#1769),(#1770,#1771,
#1772),(#1773,#1774,#1775),(#1776,#1777,#1778),(#1779,#1780,#1781),(#1782,
#1783,#1784),(#1785,#1786,#1787),(#1788,#1789,#1790),(#1791,#1792,#1793),
(#1794,#1795,#1796),(#1797,#1798,#1799),(#1800,#1801,#1802),(#1803,#1804,
#1805),(#1806,#1807,#1808),(#1809,#1810,#1811),(#1812,#1813,#1814),(#1815,
#1816,#1817),(#1818,#1819,#1820),(#1821,#1822,#1823),(#1824,#1825,#1826),
(#1827,#1828,#1829),(#1830,#1831,#1832),(#1833,#1834,#1835),(#1836,#1837,
#1838),(#1839,#1840,#1841),(#1842,#1843,#1844),(#1845,#1846,#1847),(#1848,
#1849,#1850),(#1851,#1852,#1853),(#1854,#1855,#1856),(#1857,#1858,#1859),
(#1860,#1861,#1862),(#1863,#1864,#1865),(#1866,#1867,#1868),(#1869,#1870,
#1871),(#1872,#1873,#1874),(#1875,#1876,#1877),(#1878,#1879,#1880),(#1881,
#1882,#1883),(#1884,#1885,#1886),(#1887,#1888,#1889),(#1890,#1891,#1892),
(#1893,#1894,#1895),(#1896,#1897,#1898),(#1899,#1900,#1901),(#1902,#1903,
#1904),(#1905,#1906,#1907),(#1908,#1909,#1910),(#1911,#1912,#1913),(#1914,
#1915,#1916),(#1917,#1918,#1919),(#1920,#1921,#1922),(#1923,#1924,#1925),
(#1926,#1927,#1928),(#1929,#1930,#1931),(#1932,#1933,#1934),(#1935,#1936,
#1937),(#1938,#1939,#1940),(#1941,#1942,#1943),(#1944,#1945,#1946),(#1947,
#1948,#1949),(#1950,#1951,#1952),(#1953,#1954,#1955),(#1956,#1957,#1958),
(#1959,#1960,#1961),(#1962,#1963,#1964),(#1965,#1966,#1967),(#1968,#1969,
#1970),(#1971,#1972,#1973),(#1974,#1975,#1976),(#1977,#1978,#1979),(#1980,
#1981,#1982)),.UNSPECIFIED.,.T.,.F.,.F.)
B_SPLINE_SURFACE_WITH_KNOTS((1,3,1,1,1,1,1,1,1,1,1,1,1,1,1,1,1,1,1,1,1,
1,1,1,1,1,1,1,1,1,1,1,1,1,1,1,1,1,1,1,1,1,1,1,1,1,1,1,1,1,1,1,1,1,1,1,1,
1,1,1,1,1,1,1,1,1,1,1,1,1,1,3,1),(3,3),(-0.00718695552616438,0.,0.00359347776308219,
0.00718695552616439,0.0143739110523288,0.0287478221046575,0.0431217331569863,
0.0503086886831507,0.0574956442093151,0.0646825997354795,0.0718695552616439,
0.0790565107878082,0.0826499885508904,0.0862434663139726,0.0898369440770548,
0.093430421840137,0.100617377366301,0.104210855129384,0.107804332892466,
0.11499128841863,0.122178243944795,0.129365199470959,0.143739110523288,
0.158113021575616,0.165299977101781,0.172486932627945,0.186860843680274,
0.194047799206438,0.201234754732603,0.208421710258767,0.215608665784932,
0.222795621311096,0.22998257683726,0.237169532363425,0.244356487889589,
0.247949965652671,0.251543443415754,0.255136921178836,0.258730398941918,
0.262323876705,0.265917354468082,0.269510832231164,0.273104309994247,0.276697787757329,
0.280291265520411,0.287478221046575,0.29466517657274,0.301852132098904,
0.309039087625069,0.316226043151233,0.323412998677397,0.330599954203562,
0.344973865255891,0.352160820782055,0.359347776308219,0.373721687360548,
0.380908642886712,0.388095598412877,0.395282553939041,0.402469509465206,
0.40965646499137,0.416843420517534,0.420436898280617,0.424030376043699,
0.427623853806781,0.431217331569863,0.434810809332945,0.438404287096028,
0.44199776485911,0.445591242622192,0.452778198148356,0.459965153674521,
0.463558631437603),(0.,1.),.UNSPECIFIED.)
GEOMETRIC_REPRESENTATION_ITEM()
RATIONAL_B_SPLINE_SURFACE(((1.,0.707106781186547,1.),(1.,0.707106781186547,
1.),(1.,0.707106781186548,1.),(1.,0.707106781186548,1.),(1.,0.707106781186548,
1.),(1.,0.707106781186548,1.),(1.,0.707106781186547,1.),(1.,0.707106781186548,
1.),(1.,0.707106781186548,1.),(1.,0.707106781186547,1.),(1.,0.707106781186548,
1.),(1.,0.707106781186547,1.),(1.,0.707106781186548,1.),(1.,0.707106781186547,
1.),(1.,0.707106781186548,1.),(1.,0.707106781186548,1.),(1.,0.707106781186548,
1.),(1.,0.707106781186547,1.),(1.,0.707106781186548,1.),(1.,0.707106781186548,
1.),(1.,0.707106781186547,1.),(1.,0.707106781186548,1.),(1.,0.707106781186546,
1.),(1.,0.707106781186548,1.),(1.,0.707106781186548,1.),(1.,0.707106781186547,
1.),(1.,0.707106781186548,1.),(1.,0.707106781186548,1.),(1.,0.707106781186548,
1.),(1.,0.707106781186548,1.),(1.,0.707106781186547,1.),(1.,0.707106781186548,
1.),(1.,0.707106781186548,1.),(1.,0.707106781186548,1.),(1.,0.707106781186547,
1.),(1.,0.707106781186548,1.),(1.,0.707106781186548,1.),(1.,0.707106781186548,
1.),(1.,0.707106781186548,1.),(1.,0.707106781186547,1.),(1.,0.707106781186547,
1.),(1.,0.707106781186548,1.),(1.,0.707106781186548,1.),(1.,0.707106781186548,
1.),(1.,0.707106781186547,1.),(1.,0.707106781186548,1.),(1.,0.707106781186547,
1.),(1.,0.707106781186548,1.),(1.,0.707106781186548,1.),(1.,0.707106781186548,
1.),(1.,0.707106781186548,1.),(1.,0.707106781186547,1.),(1.,0.707106781186548,
1.),(1.,0.707106781186548,1.),(1.,0.707106781186547,1.),(1.,0.707106781186548,
1.),(1.,0.707106781186548,1.),(1.,0.707106781186548,1.),(1.,0.707106781186548,
1.),(1.,0.707106781186548,1.),(1.,0.707106781186548,1.),(1.,0.707106781186548,
1.),(1.,0.707106781186548,1.),(1.,0.707106781186547,1.),(1.,0.707106781186548,
1.),(1.,0.707106781186548,1.),(1.,0.707106781186548,1.),(1.,0.707106781186547,
1.),(1.,0.707106781186548,1.),(1.,0.707106781186548,1.),(1.,0.707106781186548,
1.),(1.,0.707106781186547,1.),(1.,0.707106781186547,1.)))
REPRESENTATION_ITEM('')
SURFACE()
);
#18=PLANE('',#155);
#19=PLANE('',#156);
#20=ORIENTED_EDGE('',*,*,#44,.T.);
#21=ORIENTED_EDGE('',*,*,#45,.T.);
#22=ORIENTED_EDGE('',*,*,#46,.T.);
#23=ORIENTED_EDGE('',*,*,#47,.T.);
#24=ORIENTED_EDGE('',*,*,#48,.T.);
#25=ORIENTED_EDGE('',*,*,#49,.T.);
#26=ORIENTED_EDGE('',*,*,#50,.T.);
#27=ORIENTED_EDGE('',*,*,#51,.T.);
#28=ORIENTED_EDGE('',*,*,#52,.T.);
#29=ORIENTED_EDGE('',*,*,#53,.T.);
#30=ORIENTED_EDGE('',*,*,#54,.T.);
#31=ORIENTED_EDGE('',*,*,#55,.T.);
#32=ORIENTED_EDGE('',*,*,#53,.F.);
#33=ORIENTED_EDGE('',*,*,#44,.F.);
#34=ORIENTED_EDGE('',*,*,#54,.F.);
#35=ORIENTED_EDGE('',*,*,#46,.F.);
#36=ORIENTED_EDGE('',*,*,#55,.F.);
#37=ORIENTED_EDGE('',*,*,#48,.F.);
#38=ORIENTED_EDGE('',*,*,#45,.F.);
#39=ORIENTED_EDGE('',*,*,#50,.F.);
#40=ORIENTED_EDGE('',*,*,#47,.F.);
#41=ORIENTED_EDGE('',*,*,#51,.F.);
#42=ORIENTED_EDGE('',*,*,#49,.F.);
#43=ORIENTED_EDGE('',*,*,#52,.F.);
#44=EDGE_CURVE('',#56,#56,#68,.T.);
#45=EDGE_CURVE('',#57,#57,#69,.T.);
#46=EDGE_CURVE('',#58,#58,#70,.T.);
#47=EDGE_CURVE('',#59,#59,#71,.T.);
#48=EDGE_CURVE('',#60,#60,#72,.T.);
#49=EDGE_CURVE('',#61,#61,#73,.T.);
#50=EDGE_CURVE('',#62,#62,#74,.T.);
#51=EDGE_CURVE('',#63,#63,#75,.T.);
#52=EDGE_CURVE('',#64,#64,#76,.T.);
#53=EDGE_CURVE('',#65,#65,#77,.T.);
#54=EDGE_CURVE('',#66,#66,#78,.T.);
#55=EDGE_CURVE('',#67,#67,#79,.T.);
#56=VERTEX_POINT('',#232);
#57=VERTEX_POINT('',#281);
#58=VERTEX_POINT('',#353);
#59=VERTEX_POINT('',#407);
#60=VERTEX_POINT('',#498);
#61=VERTEX_POINT('',#571);
#62=VERTEX_POINT('',#623);
#63=VERTEX_POINT('',#680);
#64=VERTEX_POINT('',#748);
#65=VERTEX_POINT('',#798);
#66=VERTEX_POINT('',#851);
#67=VERTEX_POINT('',#920);
#68=B_SPLINE_CURVE_WITH_KNOTS('',3,(#182,#183,#184,#185,#186,#187,#188,
#189,#190,#191,#192,#193,#194,#195,#196,#197,#198,#199,#200,#201,#202,#203,
#204,#205,#206,#207,#208,#209,#210,#211,#212,#213,#214,#215,#216,#217,#218,
#219,#220,#221,#222,#223,#224,#225,#226,#227,#228,#229,#230,#231),
 .UNSPECIFIED.,.T.,.F.,(1,1,1,1,1,1,1,1,1,1,1,1,1,1,1,1,1,1,1,1,1,1,1,1,
1,1,1,1,1,1,1,1,1,1,1,1,1,1,1,1,1,1,1,1,1,1,1,1,1,1,1,1,1,1),(-0.0199159275983188,
-0.0132772850655458,-0.00663864253277291,0.,0.00663864253277292,0.0132772850655458,
0.0199159275983188,0.0232352488647052,0.0265545701310917,0.0298738913974782,
0.0331932126638646,0.0348528732970579,0.0365125339302511,0.0398318551966376,
0.043151176463024,0.0464704977294105,0.0497898189957969,0.0531091402621834,
0.0597477827949563,0.0663864253277293,0.0730250678605022,0.0796637103932751,
0.086302352926048,0.0896216741924345,0.092940995458821,0.0962603167252074,
0.0995796379915939,0.10289895925798,0.106218280524367,0.109537601790753,
0.11285692305714,0.116176244323526,0.119495565589913,0.126134208122686,
0.132772850655459,0.139411493188231,0.146050135721004,0.152688778253777,
0.156008099520164,0.15932742078655,0.165966063319323,0.16928538458571,0.172604705852096,
0.175924027118483,0.179243348384869,0.185881990917642,0.189201312184028,
0.192520633450415,0.199159275983188,0.205797918515961,0.212436561048734,
0.219075203581507,0.225713846114279,0.232352488647052),.UNSPECIFIED.);
#69=B_SPLINE_CURVE_WITH_KNOTS('',3,(#233,#234,#235,#236,#237,#238,#239,
#240,#241,#242,#243,#244,#245,#246,#247,#248,#249,#250,#251,#252,#253,#254,
#255,#256,#257,#258,#259,#260,#261,#262,#263,#264,#265,#266,#267,#268,#269,
#270,#271,#272,#273,#274,#275,#276,#277,#278,#279,#280),.UNSPECIFIED.,.T.,
 .F.,(1,1,1,1,1,1,1,1,1,1,1,1,1,1,1,1,1,1,1,1,1,1,1,1,1,1,1,1,1,1,1,1,1,
1,1,1,1,1,1,1,1,1,1,1,1,1,1,1,1,1,1,1),(-0.020026410506315,-0.0133509403375434,
-0.00667547016877168,0.,0.00333773508438584,0.00667547016877167,0.0133509403375433,
0.020026410506315,0.0267018806750867,0.0333773508438584,0.0367150859282442,
0.04005282101263,0.0467282911814017,0.0500660262657875,0.0534037613501734,
0.060079231518945,0.0667547016877167,0.0734301718564884,0.08010564202526,
0.0867811121940317,0.0934565823628034,0.0967943174471892,0.100132052531575,
0.103469787615961,0.106807522700347,0.110145257784733,0.113482992869118,
0.116820727953504,0.12015846303789,0.123496198122276,0.126833933206662,
0.133509403375433,0.140184873544205,0.146860343712977,0.153535813881748,
0.16021128405052,0.163549019134906,0.166886754219292,0.170224489303678,
0.173562224388063,0.176899959472449,0.180237694556835,0.183575429641221,
0.186913164725607,0.190250899809993,0.193588634894378,0.20026410506315,
0.206939575231922,0.213615045400693,0.216952780485079,0.220290515569465,
0.226965985738237),.UNSPECIFIED.);
#70=B_SPLINE_CURVE_WITH_KNOTS('',3,(#300,#301,#302,#303,#304,#305,#306,
#307,#308,#309,#310,#311,#312,#313,#314,#315,#316,#317,#318,#319,#320,#321,
#322,#323,#324,#325,#326,#327,#328,#329,#330,#331,#332,#333,#334,#335,#336,
#337,#338,#339,#340,#341,#342,#343,#344,#345,#346,#347,#348,#349,#350,#351,
#352),.UNSPECIFIED.,.T.,.F.,(1,1,1,1,1,1,1,1,1,1,1,1,1,1,1,1,1,1,1,1,1,
1,1,1,1,1,1,1,1,1,1,1,1,1,1,1,1,1,1,1,1,1,1,1,1,1,1,1,1,1,1,1,1,1,1,1,1),
(-0.0134599862091781,-0.00897332413945207,-0.00448666206972603,0.,0.00224333103486302,
0.00448666206972603,0.00897332413945207,0.0134599862091781,0.0179466482789041,
0.0224333103486302,0.0269199724183562,0.0358932965578083,0.0448666206972603,
0.0538399448367124,0.0628132689761645,0.0717865931156165,0.0807599172550686,
0.0897332413945207,0.0942199034642467,0.0987065655339728,0.103193227603699,
0.107679889673425,0.112166551743151,0.116653213812877,0.121139875882603,
0.125626537952329,0.130113200022055,0.134599862091781,0.139086524161507,
0.143573186231233,0.152546510370685,0.157033172440411,0.161519834510137,
0.166006496579863,0.170493158649589,0.174979820719315,0.179466482789041,
0.188439806928493,0.197413131067946,0.206386455207398,0.21535977934685,
0.224333103486302,0.228819765556028,0.233306427625754,0.242279751765206,
0.246766413834932,0.251253075904658,0.255739737974384,0.26022640004411,
0.269199724183562,0.273686386253288,0.278173048323014,0.28265971039274,
0.287146372462466,0.289389703497329,0.291633034532192,0.296119696601918),
 .UNSPECIFIED.);
#71=B_SPLINE_CURVE_WITH_KNOTS('',3,(#354,#355,#356,#357,#358,#359,#360,
#361,#362,#363,#364,#365,#366,#367,#368,#369,#370,#371,#372,#373,#374,#375,
#376,#377,#378,#379,#380,#381,#382,#383,#384,#385,#386,#387,#388,#389,#390,
#391,#392,#393,#394,#395,#396,#397,#398,#399,#400,#401,#402,#403,#404,#405,
#406),.UNSPECIFIED.,.T.,.F.,(1,1,1,1,1,1,1,1,1,1,1,1,1,1,1,1,1,1,1,1,1,
1,1,1,1,1,1,1,1,1,1,1,1,1,1,1,1,1,1,1,1,1,1,1,1,1,1,1,1,1,1,1,1,1,1,1,1),
(-0.00891016163998287,-0.00445508081999141,-0.00222754040999568,0.,0.00445508081999144,
0.00891016163998287,0.0133652424599743,0.0178203232799657,0.0222754040999572,
0.0267304849199486,0.0311855657399401,0.0356406465599315,0.0400957273799229,
0.0445508081999144,0.0490058890199058,0.0534609698398972,0.0623711314798801,
0.071281293119863,0.0801914547598459,0.0891016163998287,0.0980117780398116,
0.106921939679794,0.115832101319777,0.120287182139769,0.12474226295976,
0.129197343779752,0.133652424599743,0.138107505419735,0.142562586239726,
0.151472747879709,0.1559278286997,0.160382909519692,0.164837990339683,0.169293071159675,
0.173748151979666,0.178203232799657,0.182658313619649,0.18711339443964,
0.191568475259632,0.196023556079623,0.200478636899615,0.204933717719606,
0.213843879359589,0.222754040999572,0.231664202639555,0.240574364279538,
0.24948452591952,0.258394687559503,0.267304849199486,0.271759930019478,
0.276215010839469,0.280670091659461,0.282897632069456,0.285125172479452,
0.289580253299443,0.294035334119435,0.298490414939426),.UNSPECIFIED.);
#72=B_SPLINE_CURVE_WITH_KNOTS('',3,(#430,#431,#432,#433,#434,#435,#436,
#437,#438,#439,#440,#441,#442,#443,#444,#445,#446,#447,#448,#449,#450,#451,
#452,#453,#454,#455,#456,#457,#458,#459,#460,#461,#462,#463,#464,#465,#466,
#467,#468,#469,#470,#471,#472,#473,#474,#475,#476,#477,#478,#479,#480,#481,
#482,#483,#484,#485,#486,#487,#488,#489,#490,#491,#492,#493,#494,#495,#496,
#497),.UNSPECIFIED.,.T.,.F.,(1,1,1,1,1,1,1,1,1,1,1,1,1,1,1,1,1,1,1,1,1,
1,1,1,1,1,1,1,1,1,1,1,1,1,1,1,1,1,1,1,1,1,1,1,1,1,1,1,1,1,1,1,1,1,1,1,1,
1,1,1,1,1,1,1,1,1,1,1,1,1,1,1),(-0.0230186846980851,-0.0153457897987234,
-0.00767289489936168,0.,0.0076728948993617,0.0153457897987234,0.0306915795974468,
0.0383644744968085,0.0460373693961702,0.0537102642955319,0.0575467117452127,
0.0613831591948936,0.0652196066445744,0.0690560540942553,0.0728925015439361,
0.076728948993617,0.0844018438929787,0.0920747387923404,0.107420528591064,
0.122766318389787,0.138112108188511,0.153457897987234,0.161130792886596,
0.168803687785957,0.176476582685319,0.184149477584681,0.199495267383404,
0.207168162282766,0.214841057182128,0.222513952081489,0.22635039953117,
0.230186846980851,0.237859741880213,0.241696189329893,0.245532636779574,
0.249369084229255,0.253205531678936,0.257041979128617,0.260878426578298,
0.268551321477659,0.276224216377021,0.283897111276383,0.291570006175745,
0.299242901075106,0.306915795974468,0.31458869087383,0.322261585773191,
0.337607375571915,0.345280270471276,0.352953165370638,0.368298955169362,
0.383644744968085,0.391317639867447,0.398990534766808,0.40666342966617,
0.410499877115851,0.414336324565532,0.418172772015213,0.422009219464893,
0.429682114364255,0.433518561813936,0.437355009263617,0.445027904162978,
0.45270079906234,0.460373693961702,0.468046588861064,0.475719483760425,
0.483392378659787,0.491065273559149,0.49873816845851,0.506411063357872,
0.521756853156595),.UNSPECIFIED.);
#73=B_SPLINE_CURVE_WITH_KNOTS('',3,(#499,#500,#501,#502,#503,#504,#505,
#506,#507,#508,#509,#510,#511,#512,#513,#514,#515,#516,#517,#518,#519,#520,
#521,#522,#523,#524,#525,#526,#527,#528,#529,#530,#531,#532,#533,#534,#535,
#536,#537,#538,#539,#540,#541,#542,#543,#544,#545,#546,#547,#548,#549,#550,
#551,#552,#553,#554,#555,#556,#557,#558,#559,#560,#561,#562,#563,#564,#565,
#566,#567,#568,#569,#570),.UNSPECIFIED.,.T.,.F.,(1,1,1,1,1,1,1,1,1,1,1,
1,1,1,1,1,1,1,1,1,1,1,1,1,1,1,1,1,1,1,1,1,1,1,1,1,1,1,1,1,1,1,1,1,1,1,1,
1,1,1,1,1,1,1,1,1,1,1,1,1,1,1,1,1,1,1,1,1,1,1,1,1,1,1,1,1),(-0.0309810439142125,
-0.0232357829356594,-0.0154905219571063,0.,0.0154905219571062,0.0309810439142125,
0.0387263048927656,0.0464715658713187,0.0542168268498718,0.0580894573391484,
0.061962087828425,0.0658347183177015,0.0697073488069781,0.0774526097855312,
0.0813252402748078,0.0851978707640843,0.0929431317426375,0.100688392721191,
0.108433653699744,0.12392417565685,0.139414697613956,0.147159958592509,
0.154905219571062,0.170395741528169,0.178141002506722,0.185886263485275,
0.193631524463828,0.201376785442381,0.209122046420934,0.216867307399487,
0.224612568378041,0.232357829356594,0.23623045984587,0.240103090335147,
0.243975720824423,0.2478483513137,0.251720981802976,0.255593612292253,0.25946624278153,
0.263338873270806,0.267211503760083,0.271084134249359,0.278829395227912,
0.286574656206465,0.294319917185019,0.302065178163572,0.309810439142125,
0.317555700120678,0.325300961099231,0.340791483056337,0.34853674403489,
0.356282005013444,0.37177252697055,0.379517787949103,0.387263048927656,
0.395008309906209,0.402753570884762,0.410498831863315,0.414371462352592,
0.418244092841869,0.422116723331145,0.425989353820422,0.429861984309698,
0.433734614798975,0.437607245288251,0.441479875777528,0.445352506266804,
0.449225136756081,0.456970397734634,0.464715658713187,0.47246091969174,
0.480206180670294,0.4956967026274,0.511187224584506,0.526677746541612,0.534423007520165),
 .UNSPECIFIED.);
#74=B_SPLINE_CURVE_WITH_KNOTS('',3,(#573,#574,#575,#576,#577,#578,#579,
#580,#581,#582,#583,#584,#585,#586,#587,#588,#589,#590,#591,#592,#593,#594,
#595,#596,#597,#598,#599,#600,#601,#602,#603,#604,#605,#606,#607,#608,#609,
#610,#611,#612,#613,#614,#615,#616,#617,#618,#619,#620,#621,#622),
 .UNSPECIFIED.,.T.,.F.,(1,1,1,1,1,1,1,1,1,1,1,1,1,1,1,1,1,1,1,1,1,1,1,1,
1,1,1,1,1,1,1,1,1,1,1,1,1,1,1,1,1,1,1,1,1,1,1,1,1,1,1,1,1,1),(-0.0150831364236003,
-0.00754156821180013,-0.00377078410590007,0.,0.00754156821180013,0.0113123523177002,
0.0150831364236003,0.0226247046354004,0.0301662728472005,0.0339370569531006,
0.0377078410590007,0.0414786251649007,0.0433640172178507,0.0452494092708008,
0.0490201933767008,0.0527909774826009,0.060332545694401,0.0678741139062012,
0.0754156821180013,0.0829572503298014,0.0904988185416016,0.0980403867534017,
0.101811170859302,0.105581954965202,0.109352739071102,0.113123523177002,
0.116894307282902,0.120665091388802,0.124435875494702,0.128206659600602,
0.131977443706502,0.135748227812402,0.139519011918302,0.143289796024202,
0.150831364236003,0.158372932447803,0.165914500659603,0.173456068871403,
0.177226852977303,0.180997637083203,0.184768421189103,0.188539205295003,
0.196080773506803,0.199851557612703,0.203622341718604,0.211163909930404,
0.218705478142204,0.226247046354004,0.233788614565804,0.237559398671704,
0.241330182777604,0.248871750989404,0.252642535095304,0.256413319201204),
 .UNSPECIFIED.);
#75=B_SPLINE_CURVE_WITH_KNOTS('',3,(#624,#625,#626,#627,#628,#629,#630,
#631,#632,#633,#634,#635,#636,#637,#638,#639,#640,#641,#642,#643,#644,#645,
#646,#647,#648,#649,#650,#651,#652,#653,#654,#655,#656,#657,#658,#659,#660,
#661,#662,#663,#664,#665,#666,#667,#668,#669,#670,#671,#672,#673,#674,#675,
#676,#677,#678,#679),.UNSPECIFIED.,.T.,.F.,(1,1,1,1,1,1,1,1,1,1,1,1,1,1,
1,1,1,1,1,1,1,1,1,1,1,1,1,1,1,1,1,1,1,1,1,1,1,1,1,1,1,1,1,1,1,1,1,1,1,1,
1,1,1,1,1,1,1,1,1,1),(-0.0196324546205359,-0.00981622731026793,-0.00490811365513399,
0.,0.00245405682756698,0.00490811365513396,0.00736217048270094,0.00981622731026793,
0.0147243409654019,0.0196324546205359,0.0294486819308038,0.0392649092410717,
0.0490811365513396,0.0588973638616076,0.0687135911718755,0.0785298184821434,
0.0883460457924113,0.0981622731026793,0.107978500412947,0.112886614068081,
0.117794727723215,0.120248784550782,0.122702841378349,0.127610955033483,
0.132519068688617,0.137427182343751,0.142335295998885,0.147243409654019,
0.152151523309153,0.157059636964287,0.161967750619421,0.166875864274555,
0.171783977929689,0.176692091584823,0.181600205239957,0.186508318895091,
0.196324546205359,0.201232659860492,0.206140773515626,0.215957000825894,
0.225773228136162,0.230681341791296,0.23558945544643,0.245405682756698,
0.250313796411832,0.255221910066966,0.2601300237221,0.265038137377234,0.269946251032368,
0.274854364687502,0.279762478342636,0.28467059199777,0.289578705652904,
0.294486819308038,0.304303046618306,0.30921116027344,0.314119273928574,
0.316573330756141,0.319027387583708,0.321481444411275),.UNSPECIFIED.);
#76=B_SPLINE_CURVE_WITH_KNOTS('',3,(#681,#682,#683,#684,#685,#686,#687,
#688,#689,#690,#691,#692,#693,#694,#695,#696,#697,#698,#699,#700,#701,#702,
#703,#704,#705,#706,#707,#708,#709,#710,#711,#712,#713,#714,#715,#716,#717,
#718,#719,#720,#721,#722,#723,#724,#725,#726,#727,#728,#729,#730,#731,#732,
#733,#734,#735,#736,#737,#738,#739,#740,#741,#742,#743,#744,#745,#746,#747),
 .UNSPECIFIED.,.T.,.F.,(1,1,1,1,1,1,1,1,1,1,1,1,1,1,1,1,1,1,1,1,1,1,1,1,
1,1,1,1,1,1,1,1,1,1,1,1,1,1,1,1,1,1,1,1,1,1,1,1,1,1,1,1,1,1,1,1,1,1,1,1,
1,1,1,1,1,1,1,1,1,1,1),(-0.0360513848686844,-0.0288411078949475,-0.0144205539474738,
3.90312782094782E-18,0.0144205539474738,0.0216308309212107,0.0288411078949475,
0.0360513848686844,0.0432616618424213,0.0468668003292897,0.0504719388161582,
0.0540770773030266,0.0576822157898951,0.0612873542767635,0.064892492763632,
0.0684976312505004,0.0721027697373688,0.0793130467111057,0.0865233236848426,
0.0937336006585795,0.100943877632316,0.108154154606053,0.11536443157979,
0.129784985527264,0.144205539474738,0.158626093422211,0.165836370395948,
0.173046647369685,0.180256924343422,0.187467201317159,0.194677478290896,
0.201887755264633,0.20909803223837,0.212703170725238,0.216308309212107,
0.219913447698975,0.223518586185843,0.227123724672712,0.23072886315958,
0.234334001646449,0.237939140133317,0.245149417107054,0.252359694080791,
0.259569971054528,0.266780248028265,0.273990525002002,0.281200801975738,
0.288411078949475,0.302831632896949,0.317252186844423,0.331672740791897,
0.34609329473937,0.360513848686844,0.367724125660581,0.374934402634318,
0.382144679608055,0.385749818094923,0.389354956581792,0.396565233555529,
0.400170372042397,0.403775510529266,0.407380649016134,0.410985787503002,
0.418196064476739,0.425406341450476,0.432616618424213,0.447037172371687,
0.461457726319161,0.475878280266634,0.483088557240371,0.490298834214108),
 .UNSPECIFIED.);
#77=B_SPLINE_CURVE_WITH_KNOTS('',3,(#750,#751,#752,#753,#754,#755,#756,
#757,#758,#759,#760,#761,#762,#763,#764,#765,#766,#767,#768,#769,#770,#771,
#772,#773,#774,#775,#776,#777,#778,#779,#780,#781,#782,#783,#784,#785,#786,
#787,#788,#789,#790,#791,#792,#793,#794,#795,#796,#797),.UNSPECIFIED.,.T.,
 .F.,(1,1,1,1,1,1,1,1,1,1,1,1,1,1,1,1,1,1,1,1,1,1,1,1,1,1,1,1,1,1,1,1,1,
1,1,1,1,1,1,1,1,1,1,1,1,1,1,1,1,1,1,1),(-0.0228604404282907,-0.0152402936188605,
-0.00762014680943021,0.,0.00762014680943022,0.0152402936188604,0.0228604404282907,
0.0266705138330058,0.0304805872377209,0.0381007340471511,0.0419108074518662,
0.0457208808565813,0.0495309542612964,0.0533410276660115,0.0609611744754418,
0.0647712478801569,0.068581321284872,0.0762014680943022,0.0800115414990173,
0.0838216149037324,0.0914417617131626,0.0990619085225929,0.106682055332023,
0.114302202141453,0.118112275546168,0.121922348950884,0.125732422355599,
0.129542495760314,0.133352569165029,0.137162642569744,0.140972715974459,
0.144782789379174,0.152402936188604,0.160023082998035,0.167643229807465,
0.175263376616895,0.182883523426325,0.190503670235755,0.194313743640471,
0.198123817045186,0.201933890449901,0.205743963854616,0.209554037259331,
0.213364110664046,0.217174184068761,0.220984257473476,0.228604404282907,
0.236224551092337,0.243844697901767,0.251464844711197,0.259084991520627,
0.266705138330058),.UNSPECIFIED.);
#78=B_SPLINE_CURVE_WITH_KNOTS('',3,(#799,#800,#801,#802,#803,#804,#805,
#806,#807,#808,#809,#810,#811,#812,#813,#814,#815,#816,#817,#818,#819,#820,
#821,#822,#823,#824,#825,#826,#827,#828,#829,#830,#831,#832,#833,#834,#835,
#836,#837,#838,#839,#840,#841,#842,#843,#844,#845,#846,#847,#848,#849,#850),
 .UNSPECIFIED.,.T.,.F.,(1,1,1,1,1,1,1,1,1,1,1,1,1,1,1,1,1,1,1,1,1,1,1,1,
1,1,1,1,1,1,1,1,1,1,1,1,1,1,1,1,1,1,1,1,1,1,1,1,1,1,1,1,1,1,1,1),(-0.0147181582494814,
-0.00981210549965428,-0.00490605274982714,0.,0.00490605274982712,0.00981210549965425,
0.0147181582494814,0.0196242109993085,0.0294363164989627,0.0343423692487899,
0.039248421998617,0.0441544747484441,0.0490605274982712,0.0539665802480984,
0.0588726329979255,0.0686847384975797,0.078496843997234,0.0883089494968882,
0.0981210549965425,0.107933160496197,0.117745265995851,0.122651318745678,
0.127557371495505,0.132463424245332,0.137369476995159,0.142275529744987,
0.147181582494814,0.156993687994468,0.161899740744295,0.166805793494122,
0.171711846243949,0.176617898993776,0.181523951743604,0.186430004493431,
0.191336057243258,0.196242109993085,0.201148162742912,0.206054215492739,
0.210960268242566,0.215866320992393,0.225678426492048,0.235490531991702,
0.245302637491356,0.25511474299101,0.264926848490665,0.274738953990319,
0.284551059489973,0.2894571122398,0.294363164989627,0.299269217739454,0.304175270489282,
0.309081323239109,0.313987375988936,0.318893428738763,0.32379948148859,
0.328705534238417),.UNSPECIFIED.);
#79=B_SPLINE_CURVE_WITH_KNOTS('',3,(#852,#853,#854,#855,#856,#857,#858,
#859,#860,#861,#862,#863,#864,#865,#866,#867,#868,#869,#870,#871,#872,#873,
#874,#875,#876,#877,#878,#879,#880,#881,#882,#883,#884,#885,#886,#887,#888,
#889,#890,#891,#892,#893,#894,#895,#896,#897,#898,#899,#900,#901,#902,#903,
#904,#905,#906,#907,#908,#909,#910,#911,#912,#913,#914,#915,#916,#917,#918,
#919),.UNSPECIFIED.,.T.,.F.,(1,1,1,1,1,1,1,1,1,1,1,1,1,1,1,1,1,1,1,1,1,
1,1,1,1,1,1,1,1,1,1,1,1,1,1,1,1,1,1,1,1,1,1,1,1,1,1,1,1,1,1,1,1,1,1,1,1,
1,1,1,1,1,1,1,1,1,1,1,1,1,1,1),(-0.0290509730954744,-0.0145254865477372,
-0.00726274327386861,6.07153216591882E-18,0.00726274327386861,0.0145254865477372,
0.0217882298216058,0.0290509730954744,0.036313716369343,0.0435764596432116,
0.0508392029170803,0.0544705745540146,0.0581019461909489,0.0617333178278832,
0.0653646894648175,0.0689960611017518,0.0726274327386861,0.0798901760125547,
0.0871529192864233,0.0944156625602919,0.101678405834161,0.116203892381898,
0.130729378929635,0.145254865477372,0.159780352025109,0.167043095298978,
0.174305838572847,0.181568581846715,0.188831325120584,0.196094068394452,
0.203356811668321,0.21061955494219,0.217882298216058,0.221513669852993,
0.225145041489927,0.228776413126861,0.232407784763795,0.23603915640073,
0.239670528037664,0.243301899674598,0.246933271311533,0.250564642948467,
0.254196014585401,0.26145875785927,0.268721501133138,0.275984244407007,
0.290509730954744,0.297772474228613,0.305035217502482,0.31229796077635,
0.319560704050219,0.334086190597956,0.348611677145693,0.36313716369343,
0.377662650241168,0.384925393515036,0.392188136788905,0.395819508425839,
0.399450880062773,0.403082251699708,0.406713623336642,0.410344994973576,
0.413976366610511,0.421239109884379,0.428501853158248,0.435764596432117,
0.450290082979854,0.457552826253722,0.464815569527591,0.47207831280146,
0.479341056075328,0.486603799349197),.UNSPECIFIED.);
#80=EDGE_LOOP('',(#20));
#81=EDGE_LOOP('',(#21));
#82=EDGE_LOOP('',(#22));
#83=EDGE_LOOP('',(#23));
#84=EDGE_LOOP('',(#24));
#85=EDGE_LOOP('',(#25));
#86=EDGE_LOOP('',(#26));
#87=EDGE_LOOP('',(#27));
#88=EDGE_LOOP('',(#28));
#89=EDGE_LOOP('',(#29));
#90=EDGE_LOOP('',(#30));
#91=EDGE_LOOP('',(#31));
#92=EDGE_LOOP('',(#32));
#93=EDGE_LOOP('',(#33));
#94=EDGE_LOOP('',(#34));
#95=EDGE_LOOP('',(#35));
#96=EDGE_LOOP('',(#36));
#97=EDGE_LOOP('',(#37));
#98=EDGE_LOOP('',(#38));
#99=EDGE_LOOP('',(#39));
#100=EDGE_LOOP('',(#40));
#101=EDGE_LOOP('',(#41));
#102=EDGE_LOOP('',(#42));
#103=EDGE_LOOP('',(#43));
#104=FACE_BOUND('',#80,.T.);
#105=FACE_BOUND('',#81,.T.);
#106=FACE_BOUND('',#82,.T.);
#107=FACE_BOUND('',#83,.T.);
#108=FACE_BOUND('',#84,.T.);
#109=FACE_BOUND('',#85,.T.);
#110=FACE_BOUND('',#86,.T.);
#111=FACE_BOUND('',#87,.T.);
#112=FACE_BOUND('',#88,.T.);
#113=FACE_BOUND('',#89,.T.);
#114=FACE_BOUND('',#90,.T.);
#115=FACE_BOUND('',#91,.T.);
#116=FACE_BOUND('',#92,.T.);
#117=FACE_BOUND('',#93,.T.);
#118=FACE_BOUND('',#94,.T.);
#119=FACE_BOUND('',#95,.T.);
#120=FACE_BOUND('',#96,.T.);
#121=FACE_BOUND('',#97,.T.);
#122=FACE_BOUND('',#98,.T.);
#123=FACE_BOUND('',#99,.T.);
#124=FACE_BOUND('',#100,.T.);
#125=FACE_BOUND('',#101,.T.);
#126=FACE_BOUND('',#102,.T.);
#127=FACE_BOUND('',#103,.T.);
#128=B_SPLINE_SURFACE_WITH_KNOTS('',3,1,((#164,#165),(#166,#167),(#168,
#169),(#170,#171),(#172,#173),(#174,#175),(#176,#177),(#178,#179),(#180,
#181)),.SURF_OF_LINEAR_EXTRUSION.,.T.,.F.,.F.,(1,3,1,1,1,1,1,3,1),(2,2),
(-0.170321925759601,0.,0.167247758042515,0.329127878996691,0.493073769270281,
0.664029807465581,0.829678074240399,1.,1.16724775804251),(0.,1.),
 .UNSPECIFIED.);
#129=B_SPLINE_SURFACE_WITH_KNOTS('',3,1,((#282,#283),(#284,#285),(#286,
#287),(#288,#289),(#290,#291),(#292,#293),(#294,#295),(#296,#297),(#298,
#299)),.SURF_OF_LINEAR_EXTRUSION.,.T.,.F.,.F.,(1,3,1,1,1,1,1,3,1),(2,2),
(-0.166315784119089,0.,0.137393096074867,0.302120076365828,0.446434852193942,
0.616979485351481,0.833684215880911,1.,1.13739309607487),(0.,1.),
 .UNSPECIFIED.);
#130=B_SPLINE_SURFACE_WITH_KNOTS('',3,1,((#408,#409),(#410,#411),(#412,
#413),(#414,#415),(#416,#417),(#418,#419),(#420,#421),(#422,#423),(#424,
#425),(#426,#427),(#428,#429)),.SURF_OF_LINEAR_EXTRUSION.,.T.,.F.,.F.,(1,
3,1,1,1,1,1,1,1,3,1),(2,2),(-0.13204448966294,0.,0.128866432779339,0.271926358774528,
0.385151863719344,0.498763926367744,0.612606828385241,0.725006818761216,
0.86795551033706,1.,1.12886643277934),(0.,1.),.UNSPECIFIED.);
#131=ADVANCED_FACE('',(#104,#105),#128,.F.);
#132=ADVANCED_FACE('',(#106,#107),#129,.F.);
#133=ADVANCED_FACE('',(#108,#109),#130,.F.);
#134=ADVANCED_FACE('',(#110,#111,#112),#18,.T.);
#135=ADVANCED_FACE('',(#113,#114,#115),#19,.F.);
#136=ADVANCED_FACE('',(#116,#117),#12,.T.);
#137=ADVANCED_FACE('',(#118,#119),#13,.T.);
#138=ADVANCED_FACE('',(#120,#121),#14,.T.);
#139=ADVANCED_FACE('',(#122,#123),#15,.T.);
#140=ADVANCED_FACE('',(#124,#125),#16,.T.);
#141=ADVANCED_FACE('',(#126,#127),#17,.T.);
#142=CLOSED_SHELL('',(#131,#132,#133,#134,#135,#136,#137,#138,#139,#140,
#141));
#143=STYLED_ITEM('',(#144),#151);
#144=PRESENTATION_STYLE_ASSIGNMENT((#145));
#145=SURFACE_STYLE_USAGE(.BOTH.,#146);
#146=SURFACE_SIDE_STYLE('',(#147));
#147=SURFACE_STYLE_FILL_AREA(#148);
#148=FILL_AREA_STYLE('',(#149));
#149=FILL_AREA_STYLE_COLOUR('',#150);
#150=COLOUR_RGB('',0.615686274509804,0.811764705882353,0.929411764705882);
#151=MANIFOLD_SOLID_BREP('Part 1',#142);
#152=SHAPE_DEFINITION_REPRESENTATION(#1989,#153);
#153=SHAPE_REPRESENTATION('Part 1',(#154),#1984);
#154=AXIS2_PLACEMENT_3D('',#163,#157,#158);
#155=AXIS2_PLACEMENT_3D('',#572,#159,#160);
#156=AXIS2_PLACEMENT_3D('',#749,#161,#162);
#157=DIRECTION('',(0.,0.,1.));
#158=DIRECTION('',(1.,0.,0.));
#159=DIRECTION('',(0.,0.,1.));
#160=DIRECTION('',(1.,0.,0.));
#161=DIRECTION('',(0.,0.,1.));
#162=DIRECTION('',(1.,0.,0.));
#163=CARTESIAN_POINT('',(0.,0.,0.));
#164=CARTESIAN_POINT('',(-0.0310931558009157,-0.0458451506434408,0.01));
#165=CARTESIAN_POINT('',(-0.0310931558009157,-0.0458451506434408,0.005));
#166=CARTESIAN_POINT('',(-0.0374646335190681,-0.034374063778194,0.01));
#167=CARTESIAN_POINT('',(-0.0374646335190681,-0.034374063778194,0.005));
#168=CARTESIAN_POINT('',(-0.0401122828432123,-0.00438467029958545,0.01));
#169=CARTESIAN_POINT('',(-0.0401122828432123,-0.00438467029958545,0.005));
#170=CARTESIAN_POINT('',(-0.00190502142858573,-0.0055138547685099,0.01));
#171=CARTESIAN_POINT('',(-0.00190502142858573,-0.0055138547685099,0.005));
#172=CARTESIAN_POINT('',(0.0388345786354104,-0.00401322007779779,0.01));
#173=CARTESIAN_POINT('',(0.0388345786354104,-0.00401322007779779,0.005));
#174=CARTESIAN_POINT('',(0.0303710140857508,-0.0511466600447885,0.01));
#175=CARTESIAN_POINT('',(0.0303710140857508,-0.0511466600447885,0.005));
#176=CARTESIAN_POINT('',(-0.00152340490168135,-0.072861737826221,0.01));
#177=CARTESIAN_POINT('',(-0.00152340490168135,-0.072861737826221,0.005));
#178=CARTESIAN_POINT('',(-0.0246045644583982,-0.0575270866425342,0.01));
#179=CARTESIAN_POINT('',(-0.0246045644583982,-0.0575270866425342,0.005));
#180=CARTESIAN_POINT('',(-0.0310931558009157,-0.0458451506434408,0.01));
#181=CARTESIAN_POINT('',(-0.0310931558009157,-0.0458451506434408,0.005));
#182=CARTESIAN_POINT('',(-0.0275559646900011,-0.0514767491833816,0.00500000000000001));
#183=CARTESIAN_POINT('',(-0.031247524194019,-0.045931773382477,0.005));
#184=CARTESIAN_POINT('',(-0.0340128733394167,-0.039867061147355,0.005));
#185=CARTESIAN_POINT('',(-0.0358938300300362,-0.0334445765920498,0.005));
#186=CARTESIAN_POINT('',(-0.0366569410317238,-0.0280111986334545,0.005));
#187=CARTESIAN_POINT('',(-0.0367052948072838,-0.0236086303636018,0.005));
#188=CARTESIAN_POINT('',(-0.0363910144917067,-0.0202549636150653,0.005));
#189=CARTESIAN_POINT('',(-0.0356627846657747,-0.0170075109187161,0.005));
#190=CARTESIAN_POINT('',(-0.0345989547735988,-0.0143940608160392,0.005));
#191=CARTESIAN_POINT('',(-0.0334399018832246,-0.0125070555048802,0.005));
#192=CARTESIAN_POINT('',(-0.0320214950651306,-0.0107484507392913,0.005));
#193=CARTESIAN_POINT('',(-0.0298729316528375,-0.00898290136766408,0.00500000000000001));
#194=CARTESIAN_POINT('',(-0.0268488947667113,-0.00747247022072638,0.005));
#195=CARTESIAN_POINT('',(-0.0236831969133147,-0.0064879424715974,0.005));
#196=CARTESIAN_POINT('',(-0.020385454398323,-0.00584692788092636,0.005));
#197=CARTESIAN_POINT('',(-0.0159997225277534,-0.00533629553076896,0.005));
#198=CARTESIAN_POINT('',(-0.010492608175984,-0.00510442945504202,0.005));
#199=CARTESIAN_POINT('',(-0.00387635536058024,-0.00509515782184639,0.005));
#200=CARTESIAN_POINT('',(0.00273736079341208,-0.0050481080632244,0.005));
#201=CARTESIAN_POINT('',(0.00936059857976786,-0.00505862324915173,0.005));
#202=CARTESIAN_POINT('',(0.0148583715606735,-0.00535727838860262,0.005));
#203=CARTESIAN_POINT('',(0.0192423618385408,-0.00598884498751705,0.005));
#204=CARTESIAN_POINT('',(0.0224421478560139,-0.00674001576681057,0.00500000000000001));
#205=CARTESIAN_POINT('',(0.0255502587704919,-0.00790673549526496,0.005));
#206=CARTESIAN_POINT('',(0.0283932368153683,-0.00963591665917246,0.005));
#207=CARTESIAN_POINT('',(0.03072143776396,-0.0121117531673978,0.00500000000000001));
#208=CARTESIAN_POINT('',(0.0322039102100641,-0.01507177109929,0.00499999999999999));
#209=CARTESIAN_POINT('',(0.0330597627817765,-0.0183071869750148,0.005));
#210=CARTESIAN_POINT('',(0.0334088019994925,-0.0215676876744258,0.005));
#211=CARTESIAN_POINT('',(0.0333854602199912,-0.0248975203355444,0.00499999999999999));
#212=CARTESIAN_POINT('',(0.0329486502833303,-0.0292568908058728,0.00500000000000001));
#213=CARTESIAN_POINT('',(0.031797044828907,-0.034589984288633,0.005));
#214=CARTESIAN_POINT('',(0.0296028262381833,-0.0408505334467018,0.005));
#215=CARTESIAN_POINT('',(0.0267317685480799,-0.0467161729173899,0.005));
#216=CARTESIAN_POINT('',(0.0230481732041833,-0.0522355694821839,0.005));
#217=CARTESIAN_POINT('',(0.0193610695469077,-0.0562775279413516,0.005));
#218=CARTESIAN_POINT('',(0.0160266976123736,-0.0591151358729606,0.005));
#219=CARTESIAN_POINT('',(0.0123940895352901,-0.0616629720772207,0.005));
#220=CARTESIAN_POINT('',(0.00848930375139109,-0.0636098503107141,0.00500000000000001));
#221=CARTESIAN_POINT('',(0.00422031913241436,-0.0648689193034725,0.005));
#222=CARTESIAN_POINT('',(0.000990751252061599,-0.0653914574432482,0.005));
#223=CARTESIAN_POINT('',(-0.00228326376821963,-0.0654952374923458,0.005));
#224=CARTESIAN_POINT('',(-0.00671226665152841,-0.0650408764821492,0.005));
#225=CARTESIAN_POINT('',(-0.0109317060382684,-0.063810995391781,0.005));
#226=CARTESIAN_POINT('',(-0.014952160896612,-0.0619394895886579,0.00499999999999999));
#227=CARTESIAN_POINT('',(-0.0187303608378245,-0.0597243422904899,0.00500000000000001));
#228=CARTESIAN_POINT('',(-0.0231111188883467,-0.0563005858087108,0.005));
#229=CARTESIAN_POINT('',(-0.0275559646900011,-0.0514767491833816,0.00500000000000001));
#230=CARTESIAN_POINT('',(-0.031247524194019,-0.045931773382477,0.005));
#231=CARTESIAN_POINT('',(-0.0340128733394167,-0.039867061147355,0.005));
#232=CARTESIAN_POINT('',(-0.0310931558009157,-0.0458451506434408,0.005));
#233=CARTESIAN_POINT('',(-0.0339791254028944,-0.0399414005225379,0.01));
#234=CARTESIAN_POINT('',(-0.0317170222633108,-0.0449030112017418,0.01));
#235=CARTESIAN_POINT('',(-0.0293930022482086,-0.0487217516626796,0.01));
#236=CARTESIAN_POINT('',(-0.0268141749954506,-0.0522778953995364,0.01));
#237=CARTESIAN_POINT('',(-0.0231120219422925,-0.0563042914415258,0.01));
#238=CARTESIAN_POINT('',(-0.0178166344355229,-0.0604309660278033,0.01));
#239=CARTESIAN_POINT('',(-0.0120350982642948,-0.0634850328350483,0.01));
#240=CARTESIAN_POINT('',(-0.00663470730987187,-0.0650564715524613,0.00999999999999999));
#241=CARTESIAN_POINT('',(-0.00225399925216631,-0.0654968460438457,0.01));
#242=CARTESIAN_POINT('',(0.00223008806244778,-0.0653455504392399,0.01));
#243=CARTESIAN_POINT('',(0.00653172144888216,-0.0643228540741015,0.01));
#244=CARTESIAN_POINT('',(0.0106421244090328,-0.0625352870009606,0.00999999999999999));
#245=CARTESIAN_POINT('',(0.0144768962956424,-0.0603425637096752,0.01));
#246=CARTESIAN_POINT('',(0.018874735121746,-0.0568581507938442,0.01));
#247=CARTESIAN_POINT('',(0.0232676103540266,-0.0519521630775169,0.00999999999999998));
#248=CARTESIAN_POINT('',(0.0269429186725324,-0.0463508490420119,0.01));
#249=CARTESIAN_POINT('',(0.0297892629596807,-0.0403967331050085,0.01));
#250=CARTESIAN_POINT('',(0.0319207500334887,-0.0341569814467661,0.00999999999999999));
#251=CARTESIAN_POINT('',(0.0330443758516611,-0.0286848320080067,0.01));
#252=CARTESIAN_POINT('',(0.0334149551168485,-0.0242895214784219,0.01));
#253=CARTESIAN_POINT('',(0.0333749518992247,-0.0209364248882679,0.00999999999999999));
#254=CARTESIAN_POINT('',(0.0329325034766811,-0.0176436232575156,0.01));
#255=CARTESIAN_POINT('',(0.0319574792050215,-0.0144268501624551,0.01));
#256=CARTESIAN_POINT('',(0.0302720105483662,-0.0114980430314488,0.01));
#257=CARTESIAN_POINT('',(0.0278150892584728,-0.00920885512026864,0.01));
#258=CARTESIAN_POINT('',(0.0248659545512972,-0.00759747283275578,0.01));
#259=CARTESIAN_POINT('',(0.021712700394648,-0.00653566350062889,0.01));
#260=CARTESIAN_POINT('',(0.0184514509773843,-0.00585155949521847,0.01));
#261=CARTESIAN_POINT('',(0.0141117447999045,-0.00530008166235914,0.01));
#262=CARTESIAN_POINT('',(0.00865128743428644,-0.00504576320252169,0.01));
#263=CARTESIAN_POINT('',(0.00208478874895725,-0.00505622881243524,0.01));
#264=CARTESIAN_POINT('',(-0.00448518530882709,-0.00509306490920551,0.01));
#265=CARTESIAN_POINT('',(-0.0110511044439841,-0.00511438083629329,0.01));
#266=CARTESIAN_POINT('',(-0.016510005494762,-0.00537384163621235,0.00999999999999999));
#267=CARTESIAN_POINT('',(-0.0208450125586558,-0.00591951071328675,0.01));
#268=CARTESIAN_POINT('',(-0.0240991437860525,-0.0065936601255448,0.01));
#269=CARTESIAN_POINT('',(-0.0272331659820652,-0.00762887805079652,0.01));
#270=CARTESIAN_POINT('',(-0.0301884463418611,-0.00919012498128348,0.01));
#271=CARTESIAN_POINT('',(-0.0326987035959237,-0.011379834950151,0.01));
#272=CARTESIAN_POINT('',(-0.0345359699422257,-0.0141614005884624,0.01));
#273=CARTESIAN_POINT('',(-0.0357394411566507,-0.017277898917048,0.01));
#274=CARTESIAN_POINT('',(-0.036423403328781,-0.0204833871700623,0.00999999999999999));
#275=CARTESIAN_POINT('',(-0.0367109286830287,-0.0237997822730116,0.01));
#276=CARTESIAN_POINT('',(-0.0366414004877789,-0.0281743827766926,0.00999999999999999));
#277=CARTESIAN_POINT('',(-0.035861390331518,-0.0335863168013585,0.01));
#278=CARTESIAN_POINT('',(-0.0339791254028944,-0.0399414005225379,0.01));
#279=CARTESIAN_POINT('',(-0.0317170222633108,-0.0449030112017418,0.01));
#280=CARTESIAN_POINT('',(-0.0293930022482086,-0.0487217516626796,0.01));
#281=CARTESIAN_POINT('',(-0.0310931558009157,-0.0458451506434408,0.01));
#282=CARTESIAN_POINT('',(-0.0495891950051628,0.060839175208665,0.01));
#283=CARTESIAN_POINT('',(-0.0495891950051628,0.060839175208665,0.005));
#284=CARTESIAN_POINT('',(-0.0450590879970169,0.0698512575738787,0.01));
#285=CARTESIAN_POINT('',(-0.0450590879970169,0.0698512575738787,0.005));
#286=CARTESIAN_POINT('',(-0.0220935204600026,0.0766784064606542,0.01));
#287=CARTESIAN_POINT('',(-0.0220935204600026,0.0766784064606542,0.005));
#288=CARTESIAN_POINT('',(0.0176992608124514,0.0760390495056285,0.01));
#289=CARTESIAN_POINT('',(0.0176992608124514,0.0760390495056285,0.005));
#290=CARTESIAN_POINT('',(0.058757403991771,0.0683605970471359,0.01));
#291=CARTESIAN_POINT('',(0.058757403991771,0.0683605970471359,0.005));
#292=CARTESIAN_POINT('',(0.0452102677552701,0.00291434184707501,0.01));
#293=CARTESIAN_POINT('',(0.0452102677552701,0.00291434184707501,0.005));
#294=CARTESIAN_POINT('',(-0.047745013751187,0.00487124569420405,0.01));
#295=CARTESIAN_POINT('',(-0.047745013751187,0.00487124569420405,0.005));
#296=CARTESIAN_POINT('',(-0.0550729370615514,0.0499299549644428,0.01));
#297=CARTESIAN_POINT('',(-0.0550729370615514,0.0499299549644428,0.005));
#298=CARTESIAN_POINT('',(-0.0495891950051628,0.060839175208665,0.01));
#299=CARTESIAN_POINT('',(-0.0495891950051628,0.060839175208665,0.005));
#300=CARTESIAN_POINT('',(-0.0512695336744955,0.0567431679884635,0.005));
#301=CARTESIAN_POINT('',(-0.0500079908991835,0.0601990425766684,0.005));
#302=CARTESIAN_POINT('',(-0.0484992946620589,0.0628106153902992,0.005));
#303=CARTESIAN_POINT('',(-0.0467150804174773,0.0651795104541953,0.005));
#304=CARTESIAN_POINT('',(-0.0439897127080772,0.067710817521002,0.005));
#305=CARTESIAN_POINT('',(-0.0401782799428654,0.0700294338661259,0.005));
#306=CARTESIAN_POINT('',(-0.0360907712657856,0.071738548436295,0.005));
#307=CARTESIAN_POINT('',(-0.0318189168240469,0.0730017454859689,0.005));
#308=CARTESIAN_POINT('',(-0.0260961002546313,0.074220834680269,0.005));
#309=CARTESIAN_POINT('',(-0.0188524884874751,0.0752076331996586,0.005));
#310=CARTESIAN_POINT('',(-0.0100869830181989,0.0758539819631701,0.005));
#311=CARTESIAN_POINT('',(-0.0012553783467505,0.0759990126214075,0.005));
#312=CARTESIAN_POINT('',(0.0075449530805952,0.0757240366104161,0.005));
#313=CARTESIAN_POINT('',(0.016346471280847,0.0750623555197813,0.005));
#314=CARTESIAN_POINT('',(0.0250988236216562,0.0741163011353467,0.005));
#315=CARTESIAN_POINT('',(0.0323508862685907,0.0727897794914295,0.005));
#316=CARTESIAN_POINT('',(0.0379540786808676,0.0709901011808983,0.005));
#317=CARTESIAN_POINT('',(0.0419789579149337,0.0691033446790598,0.005));
#318=CARTESIAN_POINT('',(0.0455745009353964,0.0665514618128811,0.00499999999999999));
#319=CARTESIAN_POINT('',(0.0485218533765764,0.063169668754749,0.005));
#320=CARTESIAN_POINT('',(0.050448815701836,0.0591421084624554,0.005));
#321=CARTESIAN_POINT('',(0.0514727875844953,0.0548798513307298,0.005));
#322=CARTESIAN_POINT('',(0.0518069940417914,0.0504501962999421,0.005));
#323=CARTESIAN_POINT('',(0.0515566400872868,0.0461008130274765,0.005));
#324=CARTESIAN_POINT('',(0.0507964208189801,0.0417377387545607,0.005));
#325=CARTESIAN_POINT('',(0.0495808288752675,0.0375183575365347,0.005));
#326=CARTESIAN_POINT('',(0.0479489262988246,0.0334535276097946,0.005));
#327=CARTESIAN_POINT('',(0.0451965168021265,0.0282255497740894,0.005));
#328=CARTESIAN_POINT('',(0.0417452469276825,0.0235759076125183,0.005));
#329=CARTESIAN_POINT('',(0.0374984674591977,0.0194685175916535,0.005));
#330=CARTESIAN_POINT('',(0.0340183693547178,0.0168090225757971,0.00500000000000001));
#331=CARTESIAN_POINT('',(0.0302925186290543,0.0145503458855713,0.00499999999999999));
#332=CARTESIAN_POINT('',(0.0263227591209205,0.0126294444194581,0.00500000000000001));
#333=CARTESIAN_POINT('',(0.0222256075114509,0.0110588010472967,0.005));
#334=CARTESIAN_POINT('',(0.0166693392691085,0.00939330568479769,0.005));
#335=CARTESIAN_POINT('',(0.00953522413218322,0.00802039974284645,0.005));
#336=CARTESIAN_POINT('',(0.000743203335408431,0.00740315197083173,0.005));
#337=CARTESIAN_POINT('',(-0.00793594696197198,0.00777018522767798,0.00500000000000001));
#338=CARTESIAN_POINT('',(-0.0166387199790606,0.00914394820651746,0.005));
#339=CARTESIAN_POINT('',(-0.0236272768485084,0.0111815702338992,0.00500000000000001));
#340=CARTESIAN_POINT('',(-0.0289907931509227,0.0134206171538494,0.005));
#341=CARTESIAN_POINT('',(-0.0342193857757289,0.0161502188425624,0.00500000000000001));
#342=CARTESIAN_POINT('',(-0.0389122409657563,0.0195635148978634,0.005));
#343=CARTESIAN_POINT('',(-0.0429797355896978,0.0238510881127813,0.00500000000000001));
#344=CARTESIAN_POINT('',(-0.0455985527565034,0.0273547571806248,0.00499999999999999));
#345=CARTESIAN_POINT('',(-0.0478027790315291,0.031112486288704,0.005));
#346=CARTESIAN_POINT('',(-0.0502074715059629,0.0365095755661527,0.005));
#347=CARTESIAN_POINT('',(-0.0516874267039202,0.0421257832101947,0.005));
#348=CARTESIAN_POINT('',(-0.052209035961935,0.0480134376091336,0.005));
#349=CARTESIAN_POINT('',(-0.0520519936658424,0.0523854356396317,0.00499999999999999));
#350=CARTESIAN_POINT('',(-0.0512695336744955,0.0567431679884635,0.005));
#351=CARTESIAN_POINT('',(-0.0500079908991835,0.0601990425766684,0.005));
#352=CARTESIAN_POINT('',(-0.0484992946620589,0.0628106153902992,0.005));
#353=CARTESIAN_POINT('',(-0.0495891950051628,0.060839175208665,0.005));
#354=CARTESIAN_POINT('',(-0.0485071045808089,0.0627967018298215,0.01));
#355=CARTESIAN_POINT('',(-0.0500035773085334,0.0602064278277203,0.01));
#356=CARTESIAN_POINT('',(-0.0512702063965969,0.0567462685313842,0.01));
#357=CARTESIAN_POINT('',(-0.0520559479975056,0.0523603096046224,0.01));
#358=CARTESIAN_POINT('',(-0.052206375904712,0.0479811646251974,0.00999999999999999));
#359=CARTESIAN_POINT('',(-0.0518204825941848,0.0435986203408701,0.01));
#360=CARTESIAN_POINT('',(-0.0509261519840527,0.0392550783502614,0.01));
#361=CARTESIAN_POINT('',(-0.0495820755351297,0.0350936907852167,0.00999999999999999));
#362=CARTESIAN_POINT('',(-0.0477697258308991,0.0310467727126649,0.01));
#363=CARTESIAN_POINT('',(-0.0455363067016871,0.0272599069407553,0.01));
#364=CARTESIAN_POINT('',(-0.0429166470645888,0.0237779170714226,0.01));
#365=CARTESIAN_POINT('',(-0.0398620695128145,0.0205717146089138,0.01));
#366=CARTESIAN_POINT('',(-0.0364576803613038,0.017775127271181,0.00999999999999999));
#367=CARTESIAN_POINT('',(-0.0315673132599276,0.0146044383124109,0.01));
#368=CARTESIAN_POINT('',(-0.0248399995950243,0.0115172808865805,0.01));
#369=CARTESIAN_POINT('',(-0.0164909739536722,0.00911431180936967,0.01));
#370=CARTESIAN_POINT('',(-0.00776995054797288,0.00775091992342712,0.01));
#371=CARTESIAN_POINT('',(0.000967748069573406,0.00740770024390324,0.01));
#372=CARTESIAN_POINT('',(0.00969750549787973,0.00804012543544122,0.01));
#373=CARTESIAN_POINT('',(0.018357551596129,0.00973445526457689,0.01));
#374=CARTESIAN_POINT('',(0.0252222138401872,0.0120789776176065,0.01));
#375=CARTESIAN_POINT('',(0.0305268986296303,0.0146766010398353,0.01));
#376=CARTESIAN_POINT('',(0.0342567841466469,0.016971995063867,0.01));
#377=CARTESIAN_POINT('',(0.037701312368021,0.0196459306156763,0.01));
#378=CARTESIAN_POINT('',(0.0408705560727399,0.0227492185494506,0.01));
#379=CARTESIAN_POINT('',(0.0436489434840566,0.0261486854750749,0.01));
#380=CARTESIAN_POINT('',(0.0468411376315066,0.0310158684526049,0.01));
#381=CARTESIAN_POINT('',(0.0492949875308638,0.0364243527999237,0.01));
#382=CARTESIAN_POINT('',(0.0508588532798123,0.0420219296821598,0.01));
#383=CARTESIAN_POINT('',(0.0515887954202392,0.0463654959387073,0.00999999999999999));
#384=CARTESIAN_POINT('',(0.051803686667875,0.0507894339098067,0.01));
#385=CARTESIAN_POINT('',(0.0514278198481598,0.0551660812910188,0.01));
#386=CARTESIAN_POINT('',(0.0503339716521334,0.0594842225725644,0.01));
#387=CARTESIAN_POINT('',(0.04831577555987,0.0634684587639032,0.01));
#388=CARTESIAN_POINT('',(0.0453438473436843,0.0667511777816372,0.01));
#389=CARTESIAN_POINT('',(0.0416887490745782,0.0692686865338299,0.01));
#390=CARTESIAN_POINT('',(0.0376422591228683,0.071106852007873,0.01));
#391=CARTESIAN_POINT('',(0.033461916897263,0.0724159120504729,0.01));
#392=CARTESIAN_POINT('',(0.0291847105497103,0.0733695709901436,0.01));
#393=CARTESIAN_POINT('',(0.0233826822236954,0.0743061717141091,0.01));
#394=CARTESIAN_POINT('',(0.0161117657765636,0.0750833737775253,0.01));
#395=CARTESIAN_POINT('',(0.00738188734336748,0.0757318720410759,0.01));
#396=CARTESIAN_POINT('',(-0.00136106473737327,0.0759986576717054,0.01));
#397=CARTESIAN_POINT('',(-0.0101107365084033,0.0758519334688022,0.01));
#398=CARTESIAN_POINT('',(-0.0188931705454186,0.0752053509816013,0.01));
#399=CARTESIAN_POINT('',(-0.0276219928368729,0.0740066683806966,0.01));
#400=CARTESIAN_POINT('',(-0.0346956413592333,0.0723186268162756,0.01));
#401=CARTESIAN_POINT('',(-0.0401995483097299,0.0700192615850801,0.01));
#402=CARTESIAN_POINT('',(-0.0439880669122115,0.0677134954809054,0.01));
#403=CARTESIAN_POINT('',(-0.0467434008613696,0.0651486320488509,0.01));
#404=CARTESIAN_POINT('',(-0.0485071045808089,0.0627967018298215,0.01));
#405=CARTESIAN_POINT('',(-0.0500035773085334,0.0602064278277203,0.01));
#406=CARTESIAN_POINT('',(-0.0512702063965969,0.0567462685313842,0.01));
#407=CARTESIAN_POINT('',(-0.0495891950051628,0.060839175208665,0.01));
#408=CARTESIAN_POINT('',(-0.00138517054845805,0.0877754029290354,0.01));
#409=CARTESIAN_POINT('',(-0.00138517054845805,0.0877754029290354,0.005));
#410=CARTESIAN_POINT('',(-0.0259307169229888,0.0875931824783101,0.01));
#411=CARTESIAN_POINT('',(-0.0259307169229888,0.0875931824783101,0.005));
#412=CARTESIAN_POINT('',(-0.0756799988457252,0.078370913736762,0.01));
#413=CARTESIAN_POINT('',(-0.0756799988457252,0.078370913736762,0.005));
#414=CARTESIAN_POINT('',(-0.0679261697837355,-0.0141198153451167,0.01));
#415=CARTESIAN_POINT('',(-0.0679261697837355,-0.0141198153451167,0.005));
#416=CARTESIAN_POINT('',(-0.0504660367689831,-0.0569423944451517,0.01));
#417=CARTESIAN_POINT('',(-0.0504660367689831,-0.0569423944451517,0.005));
#418=CARTESIAN_POINT('',(-0.00127285176641696,-0.0890050794464147,0.01));
#419=CARTESIAN_POINT('',(-0.00127285176641696,-0.0890050794464147,0.005));
#420=CARTESIAN_POINT('',(0.0473280979937923,-0.0557381916635288,0.01));
#421=CARTESIAN_POINT('',(0.0473280979937923,-0.0557381916635288,0.005));
#422=CARTESIAN_POINT('',(0.064293341472794,-0.0143165845443491,0.01));
#423=CARTESIAN_POINT('',(0.064293341472794,-0.0143165845443491,0.005));
#424=CARTESIAN_POINT('',(0.0782637827331135,0.0791931216889439,0.01));
#425=CARTESIAN_POINT('',(0.0782637827331135,0.0791931216889439,0.005));
#426=CARTESIAN_POINT('',(0.023765709122998,0.087962117233942,0.01));
#427=CARTESIAN_POINT('',(0.023765709122998,0.087962117233942,0.005));
#428=CARTESIAN_POINT('',(-0.00138517054845805,0.0877754029290354,0.01));
#429=CARTESIAN_POINT('',(-0.00138517054845805,0.0877754029290354,0.005));
#430=CARTESIAN_POINT('',(0.00636198611977922,0.0877404728564307,0.00500000000000001));
#431=CARTESIAN_POINT('',(-0.00140231328866632,0.0878211221484924,0.005));
#432=CARTESIAN_POINT('',(-0.00906375625586228,0.0876274561238119,0.005));
#433=CARTESIAN_POINT('',(-0.0192736074430376,0.0869108543261634,0.005));
#434=CARTESIAN_POINT('',(-0.029423316698823,0.0853385557749499,0.005));
#435=CARTESIAN_POINT('',(-0.0392449950594387,0.082390211268138,0.005));
#436=CARTESIAN_POINT('',(-0.0462836981417962,0.0792985991439555,0.005));
#437=CARTESIAN_POINT('',(-0.0516059795563158,0.0759085879389205,0.005));
#438=CARTESIAN_POINT('',(-0.0555245347793275,0.0725357869747656,0.005));
#439=CARTESIAN_POINT('',(-0.0581638346860053,0.0697341682297049,0.005));
#440=CARTESIAN_POINT('',(-0.0604715133014817,0.0666948711694686,0.005));
#441=CARTESIAN_POINT('',(-0.0624563776632669,0.0633985016864376,0.005));
#442=CARTESIAN_POINT('',(-0.0641301483639364,0.0598996433920959,0.00499999999999999));
#443=CARTESIAN_POINT('',(-0.0659490955289224,0.055135404921908,0.005));
#444=CARTESIAN_POINT('',(-0.0676017787007108,0.0489715373361428,0.005));
#445=CARTESIAN_POINT('',(-0.0692210414330073,0.0388017394177213,0.005));
#446=CARTESIAN_POINT('',(-0.0697252158595148,0.0261648810379221,0.00500000000000001));
#447=CARTESIAN_POINT('',(-0.0688094069907549,0.0110014821889589,0.005));
#448=CARTESIAN_POINT('',(-0.0666872865314212,-0.00417330858621068,0.005));
#449=CARTESIAN_POINT('',(-0.0641528946995364,-0.0165842815547813,0.005));
#450=CARTESIAN_POINT('',(-0.0614647581830783,-0.0263230791566787,0.005));
#451=CARTESIAN_POINT('',(-0.0589559321425878,-0.0334818236151462,0.005));
#452=CARTESIAN_POINT('',(-0.0558056556901775,-0.0404583889486191,0.005));
#453=CARTESIAN_POINT('',(-0.0505282688722711,-0.0494218037650582,0.005));
#454=CARTESIAN_POINT('',(-0.0439490399280584,-0.0572004999457794,0.00500000000000001));
#455=CARTESIAN_POINT('',(-0.0362204669365245,-0.0641238391257788,0.005));
#456=CARTESIAN_POINT('',(-0.0300363272011091,-0.0686745819353547,0.005));
#457=CARTESIAN_POINT('',(-0.0245316976572389,-0.0719115792004874,0.005));
#458=CARTESIAN_POINT('',(-0.0198887328521206,-0.0741056009420901,0.005));
#459=CARTESIAN_POINT('',(-0.0150417816591297,-0.0760103718094801,0.005));
#460=CARTESIAN_POINT('',(-0.0100809153132277,-0.0773486967848551,0.005));
#461=CARTESIAN_POINT('',(-0.00500336588373521,-0.0780219189044114,0.00500000000000001));
#462=CARTESIAN_POINT('',(-0.0010976269117496,-0.0781524800596773,0.005));
#463=CARTESIAN_POINT('',(0.00278649703305354,-0.0778666399452152,0.005));
#464=CARTESIAN_POINT('',(0.00658083852870486,-0.0772174625496044,0.005));
#465=CARTESIAN_POINT('',(0.0103085692422158,-0.0762425753085829,0.005));
#466=CARTESIAN_POINT('',(0.0152180007433594,-0.0745345673104479,0.005));
#467=CARTESIAN_POINT('',(0.0210577735589097,-0.0717715498668896,0.005));
#468=CARTESIAN_POINT('',(0.0275794387697295,-0.0677082485259241,0.005));
#469=CARTESIAN_POINT('',(0.0337408389107215,-0.062953296326269,0.005));
#470=CARTESIAN_POINT('',(0.0394011320315715,-0.0576844562430814,0.00500000000000001));
#471=CARTESIAN_POINT('',(0.0445508679155597,-0.0519636253705267,0.005));
#472=CARTESIAN_POINT('',(0.0491545291880765,-0.0456651439803253,0.005));
#473=CARTESIAN_POINT('',(0.0529894847441503,-0.0389813858460353,0.005));
#474=CARTESIAN_POINT('',(0.0571805021620218,-0.0296517568456947,0.005));
#475=CARTESIAN_POINT('',(0.0602821116126113,-0.0197753968380946,0.005));
#476=CARTESIAN_POINT('',(0.0628054713579152,-0.0098270067662808,0.005));
#477=CARTESIAN_POINT('',(0.0650657237260515,0.00017015776496535,0.00500000000000001));
#478=CARTESIAN_POINT('',(0.0673249623062141,0.0127651231774246,0.005));
#479=CARTESIAN_POINT('',(0.0686236982752623,0.0255089728844601,0.005));
#480=CARTESIAN_POINT('',(0.0688032741135613,0.0358826533390087,0.005));
#481=CARTESIAN_POINT('',(0.0683826357364438,0.043616819706943,0.005));
#482=CARTESIAN_POINT('',(0.0674436783632658,0.050009134844715,0.005));
#483=CARTESIAN_POINT('',(0.0662105866506909,0.0550637489916612,0.005));
#484=CARTESIAN_POINT('',(0.0650210832662394,0.0587446954943467,0.005));
#485=CARTESIAN_POINT('',(0.0635280573042455,0.0623077909059178,0.005));
#486=CARTESIAN_POINT('',(0.0610329919508107,0.0669084863480098,0.005));
#487=CARTESIAN_POINT('',(0.0578324768749005,0.0709264028031524,0.005));
#488=CARTESIAN_POINT('',(0.0539529222379118,0.0744172352471951,0.005));
#489=CARTESIAN_POINT('',(0.04978189679531,0.077466155904509,0.00499999999999999));
#490=CARTESIAN_POINT('',(0.0441283038994545,0.0805381803200607,0.00500000000000001));
#491=CARTESIAN_POINT('',(0.0368209768906011,0.0832760262123705,0.005));
#492=CARTESIAN_POINT('',(0.0293832497192398,0.0851932281602994,0.005));
#493=CARTESIAN_POINT('',(0.0217922981213379,0.086506144539281,0.005));
#494=CARTESIAN_POINT('',(0.014079882449248,0.0873267038954235,0.00500000000000001));
#495=CARTESIAN_POINT('',(0.00636198611977922,0.0877404728564307,0.00500000000000001));
#496=CARTESIAN_POINT('',(-0.00140231328866632,0.0878211221484924,0.005));
#497=CARTESIAN_POINT('',(-0.00906375625586228,0.0876274561238119,0.005));
#498=CARTESIAN_POINT('',(-0.00138517054845805,0.0877754029290354,0.005));
#499=CARTESIAN_POINT('',(-0.0142298449743637,0.0874091749662121,0.01));
#500=CARTESIAN_POINT('',(-0.00141148529084145,0.0879576549752626,0.01));
#501=CARTESIAN_POINT('',(0.0141284347836856,0.08752231870876,0.01));
#502=CARTESIAN_POINT('',(0.0269215200816136,0.0858352343854848,0.01));
#503=CARTESIAN_POINT('',(0.036961520646073,0.0832324290792756,0.01));
#504=CARTESIAN_POINT('',(0.0441601934289821,0.0805181591987931,0.00999999999999999));
#505=CARTESIAN_POINT('',(0.0498054553834312,0.0774554921569685,0.01));
#506=CARTESIAN_POINT('',(0.0540135982124078,0.074367570228369,0.01));
#507=CARTESIAN_POINT('',(0.0568752352800025,0.0717837963617701,0.01));
#508=CARTESIAN_POINT('',(0.0594500983485125,0.0688990812856403,0.01));
#509=CARTESIAN_POINT('',(0.0624527308204329,0.0646107017009551,0.01));
#510=CARTESIAN_POINT('',(0.0646321381789947,0.0599567779609115,0.01));
#511=CARTESIAN_POINT('',(0.066230523157283,0.0549941651297344,0.01));
#512=CARTESIAN_POINT('',(0.0674460829482682,0.0499827782325145,0.01));
#513=CARTESIAN_POINT('',(0.0683807879510525,0.0436352305325372,0.01));
#514=CARTESIAN_POINT('',(0.0688028239418677,0.0358899233664416,0.01));
#515=CARTESIAN_POINT('',(0.0686261170352187,0.0255825396734322,0.01));
#516=CARTESIAN_POINT('',(0.0673434111473568,0.012905587158531,0.01));
#517=CARTESIAN_POINT('',(0.0651054737688152,0.000372434964612708,0.01));
#518=CARTESIAN_POINT('',(0.0628643456200061,-0.00958007482021349,0.01));
#519=CARTESIAN_POINT('',(0.0603628009210944,-0.0194832830504841,0.01));
#520=CARTESIAN_POINT('',(0.0572934357690703,-0.0293360753799841,0.01));
#521=CARTESIAN_POINT('',(0.0531523873230261,-0.0386559030542269,0.01));
#522=CARTESIAN_POINT('',(0.0493683543756297,-0.0453313973092879,0.01));
#523=CARTESIAN_POINT('',(0.0448185337145896,-0.051632514808658,0.00999999999999999));
#524=CARTESIAN_POINT('',(0.0397302554077001,-0.05734520530271,0.01));
#525=CARTESIAN_POINT('',(0.03416371535146,-0.0625882724237311,0.01));
#526=CARTESIAN_POINT('',(0.0280697444069716,-0.0673640776250426,0.01));
#527=CARTESIAN_POINT('',(0.021558633820654,-0.0714919492258614,0.01));
#528=CARTESIAN_POINT('',(0.0158060778217122,-0.0742828720222237,0.01));
#529=CARTESIAN_POINT('',(0.010928312358368,-0.0760487733556908,0.01));
#530=CARTESIAN_POINT('',(0.00721259389956164,-0.0770753228824419,0.01));
#531=CARTESIAN_POINT('',(0.00343855119141757,-0.0777797447673291,0.01));
#532=CARTESIAN_POINT('',(-0.000407565519005849,-0.078130860522029,0.01));
#533=CARTESIAN_POINT('',(-0.00430782108685942,-0.0780744840445232,0.01));
#534=CARTESIAN_POINT('',(-0.00811441810598061,-0.0776356488289462,0.01));
#535=CARTESIAN_POINT('',(-0.0118671681789856,-0.0768589452108273,0.01));
#536=CARTESIAN_POINT('',(-0.0155674700207764,-0.0757703069559529,0.01));
#537=CARTESIAN_POINT('',(-0.0192011108892821,-0.0743979485323102,0.01));
#538=CARTESIAN_POINT('',(-0.0238541892736438,-0.0722698868850368,0.01));
#539=CARTESIAN_POINT('',(-0.0293863836380395,-0.069102270245662,0.01));
#540=CARTESIAN_POINT('',(-0.035658928780206,-0.0645759352732271,0.01));
#541=CARTESIAN_POINT('',(-0.0414419889912068,-0.0594894414830273,0.01));
#542=CARTESIAN_POINT('',(-0.046707212368994,-0.0539295489370978,0.01));
#543=CARTESIAN_POINT('',(-0.0514443740087775,-0.0477790276686508,0.01));
#544=CARTESIAN_POINT('',(-0.0553981329265444,-0.0412251486768435,0.01));
#545=CARTESIAN_POINT('',(-0.0596934834026187,-0.0320235158875916,0.01));
#546=CARTESIAN_POINT('',(-0.0627518369486444,-0.0221703939878248,0.01));
#547=CARTESIAN_POINT('',(-0.0650248095854253,-0.0122331259565841,0.01));
#548=CARTESIAN_POINT('',(-0.0669527694829688,-0.00223462804175859,0.01));
#549=CARTESIAN_POINT('',(-0.0683826706676329,0.00784332914168435,0.01));
#550=CARTESIAN_POINT('',(-0.069232138877798,0.0180064440261049,0.01));
#551=CARTESIAN_POINT('',(-0.0695331540188669,0.0257016350942958,0.01));
#552=CARTESIAN_POINT('',(-0.0694335153755027,0.0333744673714349,0.01));
#553=CARTESIAN_POINT('',(-0.0688574504987512,0.0409824847254472,0.01));
#554=CARTESIAN_POINT('',(-0.067885644146683,0.047267604183682,0.00999999999999998));
#555=CARTESIAN_POINT('',(-0.0667236659120632,0.0522435526037833,0.01));
#556=CARTESIAN_POINT('',(-0.0656188602321117,0.0559631037530644,0.01));
#557=CARTESIAN_POINT('',(-0.0642608477170947,0.0595906456629256,0.01));
#558=CARTESIAN_POINT('',(-0.0626285471619716,0.0630700384480358,0.01));
#559=CARTESIAN_POINT('',(-0.0606820549684654,0.0663842292093819,0.01));
#560=CARTESIAN_POINT('',(-0.0583430124132264,0.0695253136899154,0.01));
#561=CARTESIAN_POINT('',(-0.0557188302536552,0.072346499334107,0.01));
#562=CARTESIAN_POINT('',(-0.0528349721869892,0.0748699385390967,0.00999999999999999));
#563=CARTESIAN_POINT('',(-0.0497088107427886,0.0771151850963559,0.01));
#564=CARTESIAN_POINT('',(-0.0452291692045669,0.0797620291747722,0.01));
#565=CARTESIAN_POINT('',(-0.0393742923261572,0.0823405711018746,0.01));
#566=CARTESIAN_POINT('',(-0.0319875447983067,0.084578293239839,0.01));
#567=CARTESIAN_POINT('',(-0.024392465154855,0.0861142093381858,0.01));
#568=CARTESIAN_POINT('',(-0.0142298449743637,0.0874091749662121,0.01));
#569=CARTESIAN_POINT('',(-0.00141148529084145,0.0879576549752626,0.01));
#570=CARTESIAN_POINT('',(0.0141284347836856,0.08752231870876,0.01));
#571=CARTESIAN_POINT('',(-0.00138517054845805,0.0877754029290354,0.01));
#572=CARTESIAN_POINT('',(0.0012918919436941,0.00153316833970863,0.015));
#573=CARTESIAN_POINT('',(-0.0335191237586082,-0.0515592702505541,0.015));
#574=CARTESIAN_POINT('',(-0.036176816710503,-0.0472031592738726,0.015));
#575=CARTESIAN_POINT('',(-0.0382557112794413,-0.0426164763778725,0.015));
#576=CARTESIAN_POINT('',(-0.0398261672559651,-0.0378337123430755,0.015));
#577=CARTESIAN_POINT('',(-0.0410469121909314,-0.0329042935986573,0.015));
#578=CARTESIAN_POINT('',(-0.0418619506305832,-0.026707851758655,0.015));
#579=CARTESIAN_POINT('',(-0.0415626979787999,-0.0203253661583431,0.015));
#580=CARTESIAN_POINT('',(-0.0404130822451622,-0.0154336034528436,0.015));
#581=CARTESIAN_POINT('',(-0.0389769881243122,-0.0118690639689272,0.015));
#582=CARTESIAN_POINT('',(-0.0372815782931862,-0.00921034458007839,0.015));
#583=CARTESIAN_POINT('',(-0.0355683759712145,-0.00730164473023204,0.015));
#584=CARTESIAN_POINT('',(-0.033694837668269,-0.00562040512573832,0.015));
#585=CARTESIAN_POINT('',(-0.0310146108153399,-0.00387517357789865,0.015));
#586=CARTESIAN_POINT('',(-0.0263531978080702,-0.00189798898466348,0.015));
#587=CARTESIAN_POINT('',(-0.0201012148629887,-0.000624216874880914,0.015));
#588=CARTESIAN_POINT('',(-0.0126031644067106,-0.000133359051984348,0.015));
#589=CARTESIAN_POINT('',(-0.00505150727038069,-9.2157481754959E-5,0.015));
#590=CARTESIAN_POINT('',(0.00249946901014571,-5.09047687419969E-5,0.015));
#591=CARTESIAN_POINT('',(0.0100473210800595,-5.60825920600005E-5,0.015));
#592=CARTESIAN_POINT('',(0.0163140264584554,-0.000456873489817361,0.015));
#593=CARTESIAN_POINT('',(0.0212920599516842,-0.00128827909876269,0.015));
#594=CARTESIAN_POINT('',(0.0250109977122198,-0.00230129457583963,0.015));
#595=CARTESIAN_POINT('',(0.0285053928222212,-0.00379002206576474,0.015));
#596=CARTESIAN_POINT('',(0.031736244612525,-0.00592309730927291,0.015));
#597=CARTESIAN_POINT('',(0.0343978624808331,-0.00868740439782882,0.015));
#598=CARTESIAN_POINT('',(0.0363554010174695,-0.0120102036817886,0.015));
#599=CARTESIAN_POINT('',(0.0376131753597729,-0.0156651443696218,0.015));
#600=CARTESIAN_POINT('',(0.0382681787875354,-0.0194126379949478,0.015));
#601=CARTESIAN_POINT('',(0.0384491306470045,-0.023264124169356,0.015));
#602=CARTESIAN_POINT('',(0.0382355896701849,-0.0270654843561726,0.015));
#603=CARTESIAN_POINT('',(0.03770111985311,-0.0308370281443954,0.015));
#604=CARTESIAN_POINT('',(0.0366029027306149,-0.0358386549318662,0.015));
#605=CARTESIAN_POINT('',(0.0346285479304507,-0.0418362700639705,0.015));
#606=CARTESIAN_POINT('',(0.0313974187325217,-0.0486891002196671,0.015));
#607=CARTESIAN_POINT('',(0.0271748267049113,-0.0551242272420368,0.015));
#608=CARTESIAN_POINT('',(0.0229500787767377,-0.0597920951662809,0.015));
#609=CARTESIAN_POINT('',(0.0190429271957949,-0.0631149863825958,0.015));
#610=CARTESIAN_POINT('',(0.0159103235050325,-0.065302788591038,0.015));
#611=CARTESIAN_POINT('',(0.0125863605519025,-0.0671621438091006,0.015));
#612=CARTESIAN_POINT('',(0.00784997595069064,-0.0691698721812268,0.015));
#613=CARTESIAN_POINT('',(0.00291108832075969,-0.070316302591852,0.015));
#614=CARTESIAN_POINT('',(-0.00223587242897125,-0.0705071016043235,0.015));
#615=CARTESIAN_POINT('',(-0.00726693309100104,-0.0700475047827289,0.015));
#616=CARTESIAN_POINT('',(-0.0134930228009143,-0.0683236509548871,0.015));
#617=CARTESIAN_POINT('',(-0.0201738944802122,-0.0648969426321559,0.015));
#618=CARTESIAN_POINT('',(-0.0262968826466273,-0.0602108553313123,0.015));
#619=CARTESIAN_POINT('',(-0.0305626318367556,-0.0556163401246502,0.015));
#620=CARTESIAN_POINT('',(-0.0335191237586082,-0.0515592702505541,0.015));
#621=CARTESIAN_POINT('',(-0.036176816710503,-0.0472031592738726,0.015));
#622=CARTESIAN_POINT('',(-0.0382557112794413,-0.0426164763778725,0.015));
#623=CARTESIAN_POINT('',(-0.0354641602739496,-0.0482729726914331,0.015));
#624=CARTESIAN_POINT('',(-0.0559599206881715,0.0585659836763549,0.015));
#625=CARTESIAN_POINT('',(-0.05450681775752,0.0623758051810494,0.015));
#626=CARTESIAN_POINT('',(-0.0528653907064948,0.0652646992684249,0.015));
#627=CARTESIAN_POINT('',(-0.0514371796147269,0.0672560239910728,0.015));
#628=CARTESIAN_POINT('',(-0.0498059623737512,0.0690993788947842,0.015));
#629=CARTESIAN_POINT('',(-0.0473549423228069,0.0713566236375779,0.015));
#630=CARTESIAN_POINT('',(-0.0439817751690394,0.0736728484727495,0.015));
#631=CARTESIAN_POINT('',(-0.0379766529649559,0.0765345172816451,0.015));
#632=CARTESIAN_POINT('',(-0.0301506837974192,0.0786533599022221,0.015));
#633=CARTESIAN_POINT('',(-0.0204773684044522,0.0800795746028377,0.015));
#634=CARTESIAN_POINT('',(-0.0107026723880634,0.0808475091025827,0.015));
#635=CARTESIAN_POINT('',(-0.000975096675933624,0.0810094758873722,0.015));
#636=CARTESIAN_POINT('',(0.00874933744420769,0.0806757768648913,0.015));
#637=CARTESIAN_POINT('',(0.0184467315976038,0.0798943403308829,0.015));
#638=CARTESIAN_POINT('',(0.0281797570311533,0.0787502466385582,0.015));
#639=CARTESIAN_POINT('',(0.0377013606861408,0.0766588694309202,0.015));
#640=CARTESIAN_POINT('',(0.0452215946412605,0.0732541088701045,0.015));
#641=CARTESIAN_POINT('',(0.0502580998955487,0.068960398717188,0.015));
#642=CARTESIAN_POINT('',(0.0527097387857988,0.0657303438464511,0.015));
#643=CARTESIAN_POINT('',(0.0542411560292077,0.0627962210172135,0.015));
#644=CARTESIAN_POINT('',(0.0554388698792823,0.0597630079836019,0.015));
#645=CARTESIAN_POINT('',(0.0564062059248408,0.0557424075107132,0.015));
#646=CARTESIAN_POINT('',(0.0568091994822909,0.0508850497472519,0.015));
#647=CARTESIAN_POINT('',(0.0565830979064744,0.0459685045432235,0.015));
#648=CARTESIAN_POINT('',(0.0557920563264124,0.041134973618618,0.015));
#649=CARTESIAN_POINT('',(0.0545089990751186,0.036460037561499,0.015));
#650=CARTESIAN_POINT('',(0.0527443272691128,0.0319009697977601,0.015));
#651=CARTESIAN_POINT('',(0.0505091997095972,0.0275183550726198,0.015));
#652=CARTESIAN_POINT('',(0.0478746553098736,0.0234450006806783,0.015));
#653=CARTESIAN_POINT('',(0.0448181496672587,0.0196478010248118,0.015));
#654=CARTESIAN_POINT('',(0.0413240253823758,0.0161640102824288,0.015));
#655=CARTESIAN_POINT('',(0.0375259685159377,0.0131468895615491,0.015));
#656=CARTESIAN_POINT('',(0.0334141948938905,0.0105518975843877,0.015));
#657=CARTESIAN_POINT('',(0.0275449847980058,0.00760472986579912,0.015));
#658=CARTESIAN_POINT('',(0.0214378129539416,0.00547760069740216,0.015));
#659=CARTESIAN_POINT('',(0.0151265997087423,0.00399875122441328,0.015));
#660=CARTESIAN_POINT('',(0.00866965489169421,0.00293535679109889,0.015));
#661=CARTESIAN_POINT('',(0.000590352227025743,0.00237611614515121,0.015));
#662=CARTESIAN_POINT('',(-0.00750754879635922,0.00275952833918894,0.015));
#663=CARTESIAN_POINT('',(-0.0139841987382695,0.00366119376075122,0.015));
#664=CARTESIAN_POINT('',(-0.0203289814916767,0.00496000915531908,0.015));
#665=CARTESIAN_POINT('',(-0.0264933502049238,0.00687002751875324,0.015));
#666=CARTESIAN_POINT('',(-0.0324747003584676,0.00954132907298788,0.015));
#667=CARTESIAN_POINT('',(-0.0367396161662017,0.0119314944365889,0.015));
#668=CARTESIAN_POINT('',(-0.0407153159023687,0.0147157448528401,0.015));
#669=CARTESIAN_POINT('',(-0.0444003515750442,0.0179948155226379,0.015));
#670=CARTESIAN_POINT('',(-0.0476417030753762,0.0216474960788897,0.015));
#671=CARTESIAN_POINT('',(-0.0504314012440727,0.0256087843786137,0.015));
#672=CARTESIAN_POINT('',(-0.0528006731960903,0.0299157242992205,0.015));
#673=CARTESIAN_POINT('',(-0.0546789884018186,0.0344456023497369,0.015));
#674=CARTESIAN_POINT('',(-0.0560550989276303,0.0391173962860746,0.015));
#675=CARTESIAN_POINT('',(-0.0572104029820445,0.0455995837592703,0.015));
#676=CARTESIAN_POINT('',(-0.0572638408467237,0.0521000132601264,0.015));
#677=CARTESIAN_POINT('',(-0.0559599206881715,0.0585659836763549,0.015));
#678=CARTESIAN_POINT('',(-0.05450681775752,0.0623758051810494,0.015));
#679=CARTESIAN_POINT('',(-0.0528653907064948,0.0652646992684249,0.015));
#680=CARTESIAN_POINT('',(-0.0540565489358884,0.0630847817765283,0.015));
#681=CARTESIAN_POINT('',(0.0131654010967002,0.0825532149362263,0.015));
#682=CARTESIAN_POINT('',(-0.00136241549002906,0.0829392107904204,0.015));
#683=CARTESIAN_POINT('',(-0.0133971155093279,0.0824425235710594,0.015));
#684=CARTESIAN_POINT('',(-0.0229347769591127,0.08127524578786,0.015));
#685=CARTESIAN_POINT('',(-0.0300603091573193,0.0798926415777036,0.015));
#686=CARTESIAN_POINT('',(-0.0370257847126037,0.0778647140069157,0.015));
#687=CARTESIAN_POINT('',(-0.0425800981574673,0.0754919821304481,0.015));
#688=CARTESIAN_POINT('',(-0.0467999981335608,0.0730412072660653,0.015));
#689=CARTESIAN_POINT('',(-0.049734950406404,0.0709470699414744,0.015));
#690=CARTESIAN_POINT('',(-0.0524257439323275,0.0685753943693584,0.015));
#691=CARTESIAN_POINT('',(-0.0548581981464558,0.0658924785780238,0.015));
#692=CARTESIAN_POINT('',(-0.0569736268682081,0.0629062193236411,0.015));
#693=CARTESIAN_POINT('',(-0.0587008668661229,0.0597549839150229,0.015));
#694=CARTESIAN_POINT('',(-0.0601334214973957,0.0564495179916039,0.015));
#695=CARTESIAN_POINT('',(-0.0617050607740941,0.0518511532220936,0.015));
#696=CARTESIAN_POINT('',(-0.0630699497092286,0.046022567218383,0.015));
#697=CARTESIAN_POINT('',(-0.0640344444682269,0.0389519151909747,0.015));
#698=CARTESIAN_POINT('',(-0.0644803020220467,0.0318219173003882,0.015));
#699=CARTESIAN_POINT('',(-0.0645064553347009,0.0246307309363984,0.015));
#700=CARTESIAN_POINT('',(-0.0641790192238633,0.0174417022851242,0.015));
#701=CARTESIAN_POINT('',(-0.0633484554212655,0.00793797159423022,0.015));
#702=CARTESIAN_POINT('',(-0.0616490192225951,-0.00384802074927881,0.015));
#703=CARTESIAN_POINT('',(-0.058785992733612,-0.0178373427400111,0.015));
#704=CARTESIAN_POINT('',(-0.0553139166579547,-0.029387182453972,0.015));
#705=CARTESIAN_POINT('',(-0.051402928046881,-0.0380558039134333,0.015));
#706=CARTESIAN_POINT('',(-0.0477975581983422,-0.0442287032989039,0.015));
#707=CARTESIAN_POINT('',(-0.0434374690114182,-0.0500445193222114,0.015));
#708=CARTESIAN_POINT('',(-0.0385609465345222,-0.0553042835886821,0.015));
#709=CARTESIAN_POINT('',(-0.0332100971585234,-0.0601154546170246,0.015));
#710=CARTESIAN_POINT('',(-0.0273828043985367,-0.0644272043574327,0.015));
#711=CARTESIAN_POINT('',(-0.0222426288659552,-0.0674595339145107,0.015));
#712=CARTESIAN_POINT('',(-0.0179179285897863,-0.0695076877746714,0.015));
#713=CARTESIAN_POINT('',(-0.0145417025988145,-0.0708341938493335,0.015));
#714=CARTESIAN_POINT('',(-0.0110805618187962,-0.071897673620703,0.015));
#715=CARTESIAN_POINT('',(-0.00757364727627749,-0.072656525092589,0.015));
#716=CARTESIAN_POINT('',(-0.00401171925093924,-0.0730838036989804,0.015));
#717=CARTESIAN_POINT('',(-0.000356243673941286,-0.0731248483268796,0.015));
#718=CARTESIAN_POINT('',(0.00323745985584998,-0.0727550507790057,0.015));
#719=CARTESIAN_POINT('',(0.00793270254449896,-0.0718030619939212,0.015));
#720=CARTESIAN_POINT('',(0.0136875198757776,-0.0698179398384977,0.015));
#721=CARTESIAN_POINT('',(0.0200852640866543,-0.0665650832598529,0.015));
#722=CARTESIAN_POINT('',(0.0261301317383088,-0.0625884164435366,0.015));
#723=CARTESIAN_POINT('',(0.0317504560381431,-0.0580461044522116,0.015));
#724=CARTESIAN_POINT('',(0.0368931588934678,-0.0530706403762283,0.015));
#725=CARTESIAN_POINT('',(0.0415871556824985,-0.0476501418330969,0.015));
#726=CARTESIAN_POINT('',(0.0471370366740714,-0.0396895312512184,0.015));
#727=CARTESIAN_POINT('',(0.052239643961188,-0.028916015202829,0.015));
#728=CARTESIAN_POINT('',(0.0564418642496616,-0.0150593553735926,0.015));
#729=CARTESIAN_POINT('',(0.0597334205419879,-0.00113042070041665,0.015));
#730=CARTESIAN_POINT('',(0.0622797252678454,0.0129419664215859,0.015));
#731=CARTESIAN_POINT('',(0.0635407091153706,0.0248008380555233,0.015));
#732=CARTESIAN_POINT('',(0.0638088545401218,0.0344189867830064,0.015));
#733=CARTESIAN_POINT('',(0.0635245220950522,0.0416868637160048,0.015));
#734=CARTESIAN_POINT('',(0.0627723778678166,0.0476477604522519,0.015));
#735=CARTESIAN_POINT('',(0.0617563182137464,0.052353794261197,0.015));
#736=CARTESIAN_POINT('',(0.0603915051294443,0.0570341453465038,0.015));
#737=CARTESIAN_POINT('',(0.0584772658787435,0.0614630764028237,0.015));
#738=CARTESIAN_POINT('',(0.0557443951196778,0.0655269015425737,0.015));
#739=CARTESIAN_POINT('',(0.053343308249619,0.0682468158893891,0.015));
#740=CARTESIAN_POINT('',(0.0506525982595947,0.070655322217705,0.015));
#741=CARTESIAN_POINT('',(0.046676353368736,0.0735051042124861,0.015));
#742=CARTESIAN_POINT('',(0.0413590676167252,0.0762806530688456,0.015));
#743=CARTESIAN_POINT('',(0.0345701064405483,0.0787259835002692,0.015));
#744=CARTESIAN_POINT('',(0.0251521067142157,0.0810498164580273,0.015));
#745=CARTESIAN_POINT('',(0.0131654010967002,0.0825532149362263,0.015));
#746=CARTESIAN_POINT('',(-0.00136241549002906,0.0829392107904204,0.015));
#747=CARTESIAN_POINT('',(-0.0133971155093279,0.0824425235710594,0.015));
#748=CARTESIAN_POINT('',(-0.00134805272943395,0.0827755407041825,0.015));
#749=CARTESIAN_POINT('',(0.0012918919436941,0.00153316833970863,0.));
#750=CARTESIAN_POINT('',(-0.0388085208628948,-0.0414016988184663,2.09527939820923E-18));
#751=CARTESIAN_POINT('',(-0.0356464333899337,-0.048374698561095,-8.57626409514665E-19));
#752=CARTESIAN_POINT('',(-0.0313907072210678,-0.0547373430857524,1.33522623984943E-18));
#753=CARTESIAN_POINT('',(-0.0262659818165943,-0.0602330663581303,7.20891878047353E-19));
#754=CARTESIAN_POINT('',(-0.0211965667897429,-0.0641182380664846,9.41295876250872E-19));
#755=CARTESIAN_POINT('',(-0.0168162019277402,-0.0666140233120102,7.6357426110417E-19));
#756=CARTESIAN_POINT('',(-0.0121636370239309,-0.0687018007369005,1.41615246103134E-18));
#757=CARTESIAN_POINT('',(-0.00730411427239987,-0.0700408059917588,-2.55902341577518E-18));
#758=CARTESIAN_POINT('',(-0.00221352736829182,-0.0705071913551224,1.52216764838353E-18));
#759=CARTESIAN_POINT('',(0.00154154309747325,-0.0703682129740754,6.54225484131827E-19));
#760=CARTESIAN_POINT('',(0.00524978681431672,-0.069770142479685,1.06510084301959E-18));
#761=CARTESIAN_POINT('',(0.0101577683525464,-0.0683479668383137,3.10218146204641E-20));
#762=CARTESIAN_POINT('',(0.0146617901161485,-0.0661495960793016,5.93078478143925E-18));
#763=CARTESIAN_POINT('',(0.0188548935970109,-0.0632581549220518,-7.7845436072086E-18));
#764=CARTESIAN_POINT('',(0.0227121726600485,-0.0600196299254244,6.0820073422762E-18));
#765=CARTESIAN_POINT('',(0.0261063886762916,-0.0563271913867843,-1.02753611123813E-18));
#766=CARTESIAN_POINT('',(0.0290884275479083,-0.0522102331179107,2.87977157306289E-18));
#767=CARTESIAN_POINT('',(0.0317264533411833,-0.0479288726152879,-9.31219942323199E-18));
#768=CARTESIAN_POINT('',(0.034451401669723,-0.0422845115320597,4.35880659464314E-18));
#769=CARTESIAN_POINT('',(0.0368817151480425,-0.0350578986048744,-1.84655323835109E-19));
#770=CARTESIAN_POINT('',(0.038322316977843,-0.0276950151181021,1.58398512862772E-18));
#771=CARTESIAN_POINT('',(0.038514097214174,-0.0213075167251403,-5.2526478084985E-19));
#772=CARTESIAN_POINT('',(0.03777068142187,-0.0163325464305756,3.2307647937694E-18));
#773=CARTESIAN_POINT('',(0.036629914914695,-0.0126599384105784,-8.13263135995211E-18));
#774=CARTESIAN_POINT('',(0.0348547709807387,-0.00932266074903083,3.27890850638696E-18));
#775=CARTESIAN_POINT('',(0.0322841196653106,-0.00639426191160628,2.2116776233472E-19));
#776=CARTESIAN_POINT('',(0.0292084109101468,-0.00418068883324965,1.04059087220458E-18));
#777=CARTESIAN_POINT('',(0.0257215194253181,-0.00255371362933432,8.20639176777397E-19));
#778=CARTESIAN_POINT('',(0.0221132665158554,-0.00147540468237022,8.81022848616261E-19));
#779=CARTESIAN_POINT('',(0.0171273769559995,-0.000540638145431119,8.5224552604522E-19));
#780=CARTESIAN_POINT('',(0.010802858418889,-7.56277723714301E-5,9.35102092337769E-19));
#781=CARTESIAN_POINT('',(0.00319877897975817,-4.13545241530623E-5,6.28087845792636E-19));
#782=CARTESIAN_POINT('',(-0.00439910977235695,-9.55907975431869E-5,1.75671695242211E-18));
#783=CARTESIAN_POINT('',(-0.0120031282868042,-0.000117641748117062,-2.45078522755066E-18));
#784=CARTESIAN_POINT('',(-0.019572601348183,-0.000561837187000301,2.8422535298501E-18));
#785=CARTESIAN_POINT('',(-0.0258963909708564,-0.00176885889984139,-2.62133979829109E-18));
#786=CARTESIAN_POINT('',(-0.0306208831981875,-0.00367307525855262,6.75204614491917E-18));
#787=CARTESIAN_POINT('',(-0.0339090878883963,-0.00571121093954804,-7.09339127536035E-19));
#788=CARTESIAN_POINT('',(-0.0366951367911465,-0.00837219752752011,1.28948079315538E-18));
#789=CARTESIAN_POINT('',(-0.0388284570289252,-0.0115746096276179,7.55586382844906E-19));
#790=CARTESIAN_POINT('',(-0.0403227115137079,-0.0151439649249497,8.92344103395416E-19));
#791=CARTESIAN_POINT('',(-0.0412357078303475,-0.018856018922106,8.79207631503855E-19));
#792=CARTESIAN_POINT('',(-0.0416755498803328,-0.0226961078022055,7.94995798519585E-19));
#793=CARTESIAN_POINT('',(-0.0417110076720878,-0.0277662157608587,1.26164087029111E-18));
#794=CARTESIAN_POINT('',(-0.0409158087885559,-0.0340089557371018,-2.31932075539184E-18));
#795=CARTESIAN_POINT('',(-0.0388085208628948,-0.0414016988184663,2.09527939820923E-18));
#796=CARTESIAN_POINT('',(-0.0356464333899337,-0.048374698561095,-8.57626409514665E-19));
#797=CARTESIAN_POINT('',(-0.0313907072210678,-0.0547373430857524,1.33522623984943E-18));
#798=CARTESIAN_POINT('',(-0.0354641602739496,-0.0482729726914331,0.));
#799=CARTESIAN_POINT('',(-0.0515033146468356,0.0673853380976466,1.35756994589049E-18));
#800=CARTESIAN_POINT('',(-0.0542182807789196,0.0631428489218631,-7.63546143888606E-19));
#801=CARTESIAN_POINT('',(-0.0559628558528164,0.0585519568740707,1.69661462966393E-18));
#802=CARTESIAN_POINT('',(-0.0569383574427732,0.0537181134290122,-8.1874194683669E-19));
#803=CARTESIAN_POINT('',(-0.0572300272193198,0.0488740918274712,6.78252358561325E-18));
#804=CARTESIAN_POINT('',(-0.0568139808298413,0.0423072867397637,-2.64817486982337E-18));
#805=CARTESIAN_POINT('',(-0.0553282029118308,0.0360289747228301,1.81547060217141E-18));
#806=CARTESIAN_POINT('',(-0.0528207412465167,0.0299581278501838,8.70553776210923E-20));
#807=CARTESIAN_POINT('',(-0.0504840966800861,0.0256972356194669,3.47258212141223E-18));
#808=CARTESIAN_POINT('',(-0.0477074429212932,0.0217275346589032,-8.77321343533958E-18));
#809=CARTESIAN_POINT('',(-0.0444392114367062,0.0180348668585548,5.599419480294E-18));
#810=CARTESIAN_POINT('',(-0.0408182520385955,0.0148006517070431,-8.42029405790601E-18));
#811=CARTESIAN_POINT('',(-0.0355509563754751,0.0110807404939071,5.55463750153924E-18));
#812=CARTESIAN_POINT('',(-0.028202765150576,0.00741377769150619,5.12015884550297E-18));
#813=CARTESIAN_POINT('',(-0.0189576411204976,0.00451926261705382,-1.01316475106259E-19));
#814=CARTESIAN_POINT('',(-0.00928404981741212,0.00285527340203526,4.89277482852486E-19));
#815=CARTESIAN_POINT('',(0.000365943727769597,0.00237279213596126,3.34837697162674E-18));
#816=CARTESIAN_POINT('',(0.0101466016389333,0.0030298690780313,-8.67861494142901E-18));
#817=CARTESIAN_POINT('',(0.0180799951371178,0.0045723448227234,3.00792305512615E-18));
#818=CARTESIAN_POINT('',(0.0242488773022605,0.00645883622241574,-1.07645329697605E-18));
#819=CARTESIAN_POINT('',(0.0288004343520663,0.0082465535481561,7.52315464873402E-18));
#820=CARTESIAN_POINT('',(0.0331839425505316,0.0104248415388682,-2.99531315830793E-18));
#821=CARTESIAN_POINT('',(0.0372953503617997,0.0129845604586746,9.66226841242814E-18));
#822=CARTESIAN_POINT('',(0.0411349749680529,0.0159951131115424,-9.63290835175247E-18));
#823=CARTESIAN_POINT('',(0.0458034231312485,0.020601930841856,7.00898659049039E-18));
#824=CARTESIAN_POINT('',(0.0496034359286074,0.0258023236804489,-1.22931870561963E-19));
#825=CARTESIAN_POINT('',(0.0526252922319055,0.0316370567433337,1.06496933982604E-18));
#826=CARTESIAN_POINT('',(0.0544102820274915,0.0361646410185604,7.70249636591212E-19));
#827=CARTESIAN_POINT('',(0.0557349204192084,0.0408680288000463,1.05820254173953E-18));
#828=CARTESIAN_POINT('',(0.0565535362368541,0.0457197957834176,2.01110624381075E-19));
#829=CARTESIAN_POINT('',(0.0568133537977775,0.0505560933731653,3.34152538866658E-18));
#830=CARTESIAN_POINT('',(0.0564456785707435,0.0554765869946816,-8.36304175111693E-18));
#831=CARTESIAN_POINT('',(0.0553536330808257,0.0602283226157067,4.08978947614907E-18));
#832=CARTESIAN_POINT('',(0.0533993678128857,0.0647514049665204,-2.79194572554888E-18));
#833=CARTESIAN_POINT('',(0.0504490881263888,0.0687605633869893,1.87382299811603E-18));
#834=CARTESIAN_POINT('',(0.046754819093219,0.0719856650066894,5.00824161015171E-19));
#835=CARTESIAN_POINT('',(0.0424900777907488,0.0744845391238871,1.32705078575371E-18));
#836=CARTESIAN_POINT('',(0.0364262550558266,0.0769190630472671,-1.24882609671736E-18));
#837=CARTESIAN_POINT('',(0.0284013321065572,0.0787194020091512,-8.40624512813823E-18));
#838=CARTESIAN_POINT('',(0.0186920401573102,0.0798698283771005,7.42147066333402E-18));
#839=CARTESIAN_POINT('',(0.00890887268816599,0.080667622147466,4.74121461445425E-18));
#840=CARTESIAN_POINT('',(-0.00087282605235825,0.0810098569903859,-3.6547698149889E-19));
#841=CARTESIAN_POINT('',(-0.0106917296284438,0.0808489099852671,1.92486373947174E-18));
#842=CARTESIAN_POINT('',(-0.02042867692285,0.0800827810017699,-2.12980754845766E-18));
#843=CARTESIAN_POINT('',(-0.028466850427409,0.0789065106566316,8.03528763947438E-19));
#844=CARTESIAN_POINT('',(-0.034806127888139,0.0773907283677181,1.58169494855135E-18));
#845=CARTESIAN_POINT('',(-0.0395175820776783,0.075802952661523,-2.12067967637336E-18));
#846=CARTESIAN_POINT('',(-0.0439354473899484,0.0736995623848165,1.69685332901169E-18));
#847=CARTESIAN_POINT('',(-0.048053680015002,0.0708727642258509,5.37436788257059E-19));
#848=CARTESIAN_POINT('',(-0.0515033146468356,0.0673853380976466,1.35756994589049E-18));
#849=CARTESIAN_POINT('',(-0.0542182807789196,0.0631428489218631,-7.63546143888606E-19));
#850=CARTESIAN_POINT('',(-0.0559628558528164,0.0585519568740707,1.69661462966393E-18));
#851=CARTESIAN_POINT('',(-0.0540565489358884,0.0630847817765283,0.));
#852=CARTESIAN_POINT('',(-0.0085287234165836,0.0826407148772558,1.43054739113365E-18));
#853=CARTESIAN_POINT('',(-0.00137176668961219,0.0828165914844264,-1.27929371595606E-18));
#854=CARTESIAN_POINT('',(0.00592747379842862,0.0827461634101337,3.68662747269059E-18));
#855=CARTESIAN_POINT('',(0.0131707650117244,0.0823755744704532,-8.26304574687586E-18));
#856=CARTESIAN_POINT('',(0.020416375248293,0.0816391565221563,3.34470337516076E-18));
#857=CARTESIAN_POINT('',(0.0275670502889489,0.0804569374416616,8.84026741632352E-20));
#858=CARTESIAN_POINT('',(0.0346085124863383,0.0787159093169392,1.50585635611672E-18));
#859=CARTESIAN_POINT('',(0.041503085450328,0.076224391248517,-9.07657670699692E-19));
#860=CARTESIAN_POINT('',(0.0468282551124079,0.0734097304755211,5.95617768372711E-18));
#861=CARTESIAN_POINT('',(0.0507476260511687,0.0705796653482389,-7.93750308260364E-18));
#862=CARTESIAN_POINT('',(0.0534699786718474,0.0681209423486615,3.24640269861802E-18));
#863=CARTESIAN_POINT('',(0.0558363772177516,0.0654035255437636,1.5606271606196E-19));
#864=CARTESIAN_POINT('',(0.0578588848565684,0.062370614696841,1.33351686506455E-18));
#865=CARTESIAN_POINT('',(0.0594956324978396,0.0590974215476358,-2.85959748389755E-19));
#866=CARTESIAN_POINT('',(0.0612091551297906,0.0545964863035394,6.7813099913631E-18));
#867=CARTESIAN_POINT('',(0.0626560108744489,0.0486677175148315,5.45013916881116E-18));
#868=CARTESIAN_POINT('',(0.0635401368676591,0.0414795101316549,-2.827248691466E-18));
#869=CARTESIAN_POINT('',(0.0638097749050159,0.0342211000429285,6.54685169122422E-19));
#870=CARTESIAN_POINT('',(0.0635225971734138,0.0245329589103183,6.99867620083483E-18));
#871=CARTESIAN_POINT('',(0.0622338082225588,0.0126197475058113,-1.20938130399538E-18));
#872=CARTESIAN_POINT('',(0.0596512683115017,-0.00151947575575229,1.40140794211106E-18));
#873=CARTESIAN_POINT('',(0.0563255878747906,-0.0155145813948443,8.07919963481577E-19));
#874=CARTESIAN_POINT('',(0.0527712484435119,-0.0270857735493239,6.10555520491144E-19));
#875=CARTESIAN_POINT('',(0.0489458540866626,-0.0358667745013198,1.34150128438484E-18));
#876=CARTESIAN_POINT('',(0.0454507634633897,-0.0421599331513477,-9.55126671073491E-19));
#877=CARTESIAN_POINT('',(0.0412198219082698,-0.0481174320600099,7.68317582783955E-18));
#878=CARTESIAN_POINT('',(0.0364557886954889,-0.0535304727760131,-3.7567245006326E-18));
#879=CARTESIAN_POINT('',(0.0312216585584804,-0.0585140863855727,2.13955174676041E-18));
#880=CARTESIAN_POINT('',(0.0255059034363864,-0.063041168144304,4.02687941521376E-19));
#881=CARTESIAN_POINT('',(0.0194476154991963,-0.0669332342846516,1.45386691508451E-18));
#882=CARTESIAN_POINT('',(0.014039552855494,-0.0695959660547633,-6.02676492426742E-19));
#883=CARTESIAN_POINT('',(0.00945816681070272,-0.0712682188207616,3.39612951731644E-18));
#884=CARTESIAN_POINT('',(0.00597688463940478,-0.0722283186604314,-8.77737265134438E-18));
#885=CARTESIAN_POINT('',(0.00243096726487077,-0.0728715781365185,5.69250894840898E-18));
#886=CARTESIAN_POINT('',(-0.00120571230317679,-0.0731547049155511,-8.78849271436118E-18));
#887=CARTESIAN_POINT('',(-0.00486234953996695,-0.0730150217024683,3.44060976938354E-18));
#888=CARTESIAN_POINT('',(-0.00842114479968925,-0.0725036289380168,2.30224064757345E-19));
#889=CARTESIAN_POINT('',(-0.0119223123172958,-0.071667214904063,8.42664399517485E-19));
#890=CARTESIAN_POINT('',(-0.0153720987948644,-0.0705345098604724,1.60328876510314E-18));
#891=CARTESIAN_POINT('',(-0.0187434269093014,-0.0691414921368075,-2.0516490319996E-18));
#892=CARTESIAN_POINT('',(-0.0230461516654816,-0.0670187394559884,2.54939892395299E-18));
#893=CARTESIAN_POINT('',(-0.0281476561273994,-0.0639093230589086,3.24080914247097E-19));
#894=CARTESIAN_POINT('',(-0.0338854888635774,-0.059557165852417,9.13384245047868E-19));
#895=CARTESIAN_POINT('',(-0.0410237494671706,-0.0529892482669553,1.33094196297318E-18));
#896=CARTESIAN_POINT('',(-0.0470784822317477,-0.0456172696560039,-2.56178986514289E-18));
#897=CARTESIAN_POINT('',(-0.0518716855791109,-0.0371356906014216,1.54831155929156E-18));
#898=CARTESIAN_POINT('',(-0.0547087225300946,-0.0305843151184946,5.45188699798483E-19));
#899=CARTESIAN_POINT('',(-0.0569802504216632,-0.0238612655841466,1.47510406944494E-18));
#900=CARTESIAN_POINT('',(-0.0594314884595767,-0.0147322325584559,-2.14694742267872E-18));
#901=CARTESIAN_POINT('',(-0.0617798994452462,-0.00311527955841741,-1.06341961294226E-18));
#902=CARTESIAN_POINT('',(-0.063769968928315,0.01107680238814,1.41316100846462E-18));
#903=CARTESIAN_POINT('',(-0.0646839845191189,0.025261770863105,6.14946007014196E-19));
#904=CARTESIAN_POINT('',(-0.0643225054322877,0.0370795968253479,1.21184549400988E-18));
#905=CARTESIAN_POINT('',(-0.0629666733864213,0.0465984878690911,2.97774123344587E-19));
#906=CARTESIAN_POINT('',(-0.0615431764071284,0.0524124896288091,2.57441758989786E-18));
#907=CARTESIAN_POINT('',(-0.0599530175201886,0.0569081118850399,-7.29559170045025E-18));
#908=CARTESIAN_POINT('',(-0.0584800334411604,0.0602055812888008,3.05459939483815E-18));
#909=CARTESIAN_POINT('',(-0.0566883694455777,0.063354414180333,2.81364549028135E-19));
#910=CARTESIAN_POINT('',(-0.0545761468762872,0.0662327383817212,1.02411283697977E-18));
#911=CARTESIAN_POINT('',(-0.0521236440494094,0.0688709293634125,8.26354530983217E-19));
#912=CARTESIAN_POINT('',(-0.0484484759224495,0.0720211003073136,8.90734445695975E-19));
#913=CARTESIAN_POINT('',(-0.0434362607798272,0.075137137065777,8.62043403646193E-19));
#914=CARTESIAN_POINT('',(-0.0367959130154521,0.0779452519879229,8.59524159239717E-19));
#915=CARTESIAN_POINT('',(-0.0275897857308317,0.0805895177446408,9.18865796687241E-19));
#916=CARTESIAN_POINT('',(-0.0180821757188908,0.0819973855382025,5.38183642091286E-19));
#917=CARTESIAN_POINT('',(-0.0085287234165836,0.0826407148772558,1.43054739113365E-18));
#918=CARTESIAN_POINT('',(-0.00137176668961219,0.0828165914844264,-1.27929371595606E-18));
#919=CARTESIAN_POINT('',(0.00592747379842862,0.0827461634101337,3.68662747269059E-18));
#920=CARTESIAN_POINT('',(-0.00134805272943395,0.0827755407041825,0.));
#921=CARTESIAN_POINT('',(-0.0333183364151687,-0.0517650467563319,-7.70371977754894E-34));
#922=CARTESIAN_POINT('',(-0.0291773806266255,-0.0489628181508589,-1.36183812376644E-33));
#923=CARTESIAN_POINT('',(-0.0291773806266255,-0.0489628181508589,0.005));
#924=CARTESIAN_POINT('',(-0.0340305015753778,-0.0507119832157615,2.22549447118308E-18));
#925=CARTESIAN_POINT('',(-0.0298131315178586,-0.0480228433054626,2.06079981219628E-18));
#926=CARTESIAN_POINT('',(-0.0298131315178586,-0.0480228433054626,0.005));
#927=CARTESIAN_POINT('',(-0.0353772761741785,-0.0485355912401621,9.89568610558471E-18));
#928=CARTESIAN_POINT('',(-0.0310147928372829,-0.0460810006079364,9.97212111408017E-18));
#929=CARTESIAN_POINT('',(-0.0310147928372829,-0.0460810006079364,0.00500000000000001));
#930=CARTESIAN_POINT('',(-0.0370994689025684,-0.0451599042371955,-1.54395008080818E-18));
#931=CARTESIAN_POINT('',(-0.0325562602553815,-0.0430603040162433,-1.56443062206205E-18));
#932=CARTESIAN_POINT('',(-0.0325562602553815,-0.0430603040162433,0.005));
#933=CARTESIAN_POINT('',(-0.0385614723248246,-0.0416592695935953,1.48428464557842E-18));
#934=CARTESIAN_POINT('',(-0.0338746768099888,-0.0399044643221776,1.48977180209846E-18));
#935=CARTESIAN_POINT('',(-0.0338746768099888,-0.0399044643221776,0.005));
#936=CARTESIAN_POINT('',(-0.0397691008122212,-0.038031817424465,8.10981926424935E-19));
#937=CARTESIAN_POINT('',(-0.0349654391649022,-0.0366280809460629,8.09513841598633E-19));
#938=CARTESIAN_POINT('',(-0.0349654391649022,-0.0366280809460629,0.005));
#939=CARTESIAN_POINT('',(-0.0407051536174741,-0.0343191750019538,4.75958076652264E-19));
#940=CARTESIAN_POINT('',(-0.0358095985103506,-0.0332786377486382,4.76343259437429E-19));
#941=CARTESIAN_POINT('',(-0.0358095985103506,-0.0332786377486382,0.005));
#942=CARTESIAN_POINT('',(-0.0415606510722197,-0.0293467957006813,3.16048890097782E-18));
#943=CARTESIAN_POINT('',(-0.0365770603251531,-0.0288174209740371,3.16026364496362E-18));
#944=CARTESIAN_POINT('',(-0.0365770603251531,-0.0288174209740372,0.005));
#945=CARTESIAN_POINT('',(-0.041825313990114,-0.0243104886585629,-3.21057290173209E-18));
#946=CARTESIAN_POINT('',(-0.0368038079907488,-0.0243631895036594,-3.21053684077338E-18));
#947=CARTESIAN_POINT('',(-0.0368038079907488,-0.0243631895036594,0.005));
#948=CARTESIAN_POINT('',(-0.0412913716576179,-0.0191826382656866,7.43046556675192E-18));
#949=CARTESIAN_POINT('',(-0.0363448403066944,-0.0199958443895235,7.43045877407772E-18));
#950=CARTESIAN_POINT('',(-0.0363448403066944,-0.0199958443895235,0.005));
#951=CARTESIAN_POINT('',(-0.0404242338630294,-0.0154627991321509,-3.15069684274448E-18));
#952=CARTESIAN_POINT('',(-0.0356290917930949,-0.0169456191399899,-3.15069501959816E-18));
#953=CARTESIAN_POINT('',(-0.0356290917930948,-0.0169456191399899,0.005));
#954=CARTESIAN_POINT('',(-0.0389770505953913,-0.0118642703916809,5.172321804226E-18));
#955=CARTESIAN_POINT('',(-0.0344927882397188,-0.0141414229616283,5.17232130431491E-18));
#956=CARTESIAN_POINT('',(-0.0344927882397189,-0.0141414229616283,0.00500000000000001));
#957=CARTESIAN_POINT('',(-0.0372614651927794,-0.00918057188951329,-9.41662965448657E-18));
#958=CARTESIAN_POINT('',(-0.0332338473883846,-0.0121840435068637,-9.41662959072342E-18));
#959=CARTESIAN_POINT('',(-0.0332338473883846,-0.0121840435068637,0.00499999999999999));
#960=CARTESIAN_POINT('',(-0.0355266433406794,-0.00725941034732626,2.90504294740458E-18));
#961=CARTESIAN_POINT('',(-0.0320006216830551,-0.0108184916105125,2.90504293261312E-18));
#962=CARTESIAN_POINT('',(-0.0320006216830551,-0.0108184916105125,0.005));
#963=CARTESIAN_POINT('',(-0.0336321450674766,-0.00557163969109895,-1.07473412603369E-18));
#964=CARTESIAN_POINT('',(-0.0306321944718584,-0.00959816829263957,-1.07473410104809E-18));
#965=CARTESIAN_POINT('',(-0.0306321944718584,-0.00959816829263957,0.005));
#966=CARTESIAN_POINT('',(-0.0298287859281866,-0.00312307648176294,-6.36375699339411E-18));
#967=CARTESIAN_POINT('',(-0.0278008856695094,-0.00776258139410055,-6.36375721466672E-18));
#968=CARTESIAN_POINT('',(-0.0278008856695094,-0.00776258139410055,0.005));
#969=CARTESIAN_POINT('',(-0.0249490012770079,-0.00156239008050405,-6.21876760275951E-18));
#970=CARTESIAN_POINT('',(-0.0237833051501668,-0.00644011192636469,-6.2187662945126E-18));
#971=CARTESIAN_POINT('',(-0.0237833051501668,-0.00644011192636469,0.00499999999999999));
#972=CARTESIAN_POINT('',(-0.0198966528096267,-0.000725512443852773,2.06544169731684E-18));
#973=CARTESIAN_POINT('',(-0.0192717047485556,-0.00569042464429979,2.06543946320288E-18));
#974=CARTESIAN_POINT('',(-0.0192717047485556,-0.00569042464429979,0.005));
#975=CARTESIAN_POINT('',(-0.0148533960537684,-0.000246025305868734,7.65011322765715E-19));
#976=CARTESIAN_POINT('',(-0.0146035230885391,-0.00524392972004564,7.65023419202537E-19));
#977=CARTESIAN_POINT('',(-0.0146035230885391,-0.00524392972004564,0.005));
#978=CARTESIAN_POINT('',(-0.00978870713604374,-0.000111468644474551,-3.20850519276652E-18));
#979=CARTESIAN_POINT('',(-0.00972240506045595,-0.00511111280514475,-3.20858093136844E-18));
#980=CARTESIAN_POINT('',(-0.00972240506045595,-0.00511111280514475,0.005));
#981=CARTESIAN_POINT('',(-0.00472137696304581,-8.98799799113359E-5,8.02571647061519E-18));
#982=CARTESIAN_POINT('',(-0.00472055225909196,-0.005089954682622,8.02584598905934E-18));
#983=CARTESIAN_POINT('',(-0.00472055225909196,-0.005089954682622,0.005));
#984=CARTESIAN_POINT('',(0.000345954709916282,-7.83240379463548E-5,-3.31243020748123E-18));
#985=CARTESIAN_POINT('',(0.000392008511018748,-0.00507805965749266,-3.31313157954422E-18));
#986=CARTESIAN_POINT('',(0.000392008511018748,-0.00507805965749265,0.005));
#987=CARTESIAN_POINT('',(0.0066839833373674,-1.64387342896942E-5,2.69371558408127E-18));
#988=CARTESIAN_POINT('',(0.00667630142928713,-0.00501731890283191,2.69938034042744E-18));
#989=CARTESIAN_POINT('',(0.00667630142928712,-0.00501731890283191,0.005));
#990=CARTESIAN_POINT('',(0.0142746170992968,-0.000238420867835006,-1.05703254260093E-18));
#991=CARTESIAN_POINT('',(0.0139437511891763,-0.00523384513515077,-1.07771697024077E-18));
#992=CARTESIAN_POINT('',(0.0139437511891763,-0.00523384513515077,0.005));
#993=CARTESIAN_POINT('',(0.020596612158803,-0.0010569295637594,1.10250673150188E-18));
#994=CARTESIAN_POINT('',(0.0196775403766171,-0.00599269266927768,1.16328678873958E-18));
#995=CARTESIAN_POINT('',(0.0196775403766171,-0.00599269266927768,0.005));
#996=CARTESIAN_POINT('',(0.02542533554805,-0.00244556490675388,8.2897960578202E-19));
#997=CARTESIAN_POINT('',(0.0237344811370432,-0.00716904470436185,7.23712388282127E-19));
#998=CARTESIAN_POINT('',(0.0237344811370432,-0.00716904470436185,0.005));
#999=CARTESIAN_POINT('',(0.0289314367149324,-0.00402342156945526,8.5412705473043E-19));
#1000=CARTESIAN_POINT('',(0.026482387769954,-0.00841425637357208,1.2559276861767E-18));
#1001=CARTESIAN_POINT('',(0.026482387769954,-0.00841425637357209,0.005));
#1002=CARTESIAN_POINT('',(0.0320450002380165,-0.00618420640539691,9.58682603226682E-19));
#1003=CARTESIAN_POINT('',(0.0287502236337722,-0.0100028963233028,-5.43252705058513E-19));
#1004=CARTESIAN_POINT('',(0.0287502236337722,-0.0100028963233028,0.005));
#1005=CARTESIAN_POINT('',(0.0346714953754753,-0.00905911173728782,5.15312960293266E-19));
#1006=CARTESIAN_POINT('',(0.0305593057688623,-0.0119837536596444,9.17083134057349E-19));
#1007=CARTESIAN_POINT('',(0.0305593057688623,-0.0119837536596444,0.005));
#1008=CARTESIAN_POINT('',(0.0365096516775914,-0.0123718334554424,-3.01993444439975E-18));
#1009=CARTESIAN_POINT('',(0.0318847667974487,-0.0143525789070034,-3.12507983117089E-18));
#1010=CARTESIAN_POINT('',(0.0318847667974487,-0.0143525789070034,0.005));
#1011=CARTESIAN_POINT('',(0.0380946473947491,-0.0172401105871672,9.48698400063367E-18));
#1012=CARTESIAN_POINT('',(0.0331225125838542,-0.018111483124085,9.54711429398469E-18));
#1013=CARTESIAN_POINT('',(0.0331225125838542,-0.018111483124085,0.005));
#1014=CARTESIAN_POINT('',(0.0385215282233705,-0.0222837935803665,-2.28744594753256E-18));
#1015=CARTESIAN_POINT('',(0.0335053659625663,-0.0223573848248519,-2.28777645390509E-18));
#1016=CARTESIAN_POINT('',(0.0335053659625663,-0.0223573848248519,0.005));
#1017=CARTESIAN_POINT('',(0.0382061943872472,-0.0273510268263795,1.63128440802356E-18));
#1018=CARTESIAN_POINT('',(0.0332286854470881,-0.0268167806665089,1.61683022083774E-18));
#1019=CARTESIAN_POINT('',(0.0332286854470881,-0.0268167806665089,0.005));
#1020=CARTESIAN_POINT('',(0.0374725648228642,-0.032308808415266,-5.61366596701552E-19));
#1021=CARTESIAN_POINT('',(0.0325724576076583,-0.0312638135878233,-4.743109672141E-19));
#1022=CARTESIAN_POINT('',(0.0325724576076583,-0.0312638135878233,0.005));
#1023=CARTESIAN_POINT('',(0.035880882297101,-0.0384110592964617,9.9063034000222E-18));
#1024=CARTESIAN_POINT('',(0.0311225010824039,-0.036834548218714,9.19507367056424E-18));
#1025=CARTESIAN_POINT('',(0.0311225010824039,-0.036834548218714,0.00500000000000001));
#1026=CARTESIAN_POINT('',(0.03305056014715,-0.0454566763955342,-5.41120008529587E-19));
#1027=CARTESIAN_POINT('',(0.028521873836582,-0.0433055574262853,2.05708620802576E-18));
#1028=CARTESIAN_POINT('',(0.028521873836582,-0.0433055574262853,0.005));
#1029=CARTESIAN_POINT('',(0.0299964422559186,-0.0509204184590633,-2.20489744973283E-18));
#1030=CARTESIAN_POINT('',(0.0257449172231638,-0.0482687193465192,-9.83985902760982E-18));
#1031=CARTESIAN_POINT('',(0.0257449172231638,-0.0482687193465192,0.005));
#1032=CARTESIAN_POINT('',(0.0270405906342616,-0.0550567918579631,-1.1271310167054E-18));
#1033=CARTESIAN_POINT('',(0.0230829363254368,-0.0519928905036446,1.68781772430122E-18));
#1034=CARTESIAN_POINT('',(0.0230829363254368,-0.0519928905036445,0.005));
#1035=CARTESIAN_POINT('',(0.0238038093017193,-0.0589121064866808,2.02878964605805E-18));
#1036=CARTESIAN_POINT('',(0.0201850763742945,-0.0554438074089826,-7.22594122210473E-18));
#1037=CARTESIAN_POINT('',(0.0201850763742945,-0.0554438074089826,0.005));
#1038=CARTESIAN_POINT('',(0.0201394086160057,-0.0623390447622078,7.15337400276076E-19));
#1039=CARTESIAN_POINT('',(0.0169376196113539,-0.0584762511944973,2.19695423408485E-18));
#1040=CARTESIAN_POINT('',(0.0169376196113539,-0.0584762511944973,0.005));
#1041=CARTESIAN_POINT('',(0.0159674786791201,-0.0652673137520473,8.43047351967563E-19));
#1042=CARTESIAN_POINT('',(0.0132956120794348,-0.0610311636656013,5.63900609842914E-19));
#1043=CARTESIAN_POINT('',(0.0132956120794348,-0.0610311636656014,0.005));
#1044=CARTESIAN_POINT('',(0.0126797744737907,-0.0671120643532551,1.08471613186122E-18));
#1045=CARTESIAN_POINT('',(0.0104561738721751,-0.0626232798359381,1.1598771605344E-18));
#1046=CARTESIAN_POINT('',(0.0104561738721751,-0.0626232798359381,0.005));
#1047=CARTESIAN_POINT('',(0.0092164508062478,-0.0686021217081723,2.22585485179716E-20));
#1048=CARTESIAN_POINT('',(0.00749831829428363,-0.0638949958529154,7.61175949922473E-22));
#1049=CARTESIAN_POINT('',(0.00749831829428363,-0.0638949958529155,0.005));
#1050=CARTESIAN_POINT('',(0.00431925059907241,-0.0700674225593801,-8.51131385465743E-18));
#1051=CARTESIAN_POINT('',(0.00335875715281448,-0.0651314116745505,-8.48971011500273E-18));
#1052=CARTESIAN_POINT('',(0.00335875715281448,-0.0651314116745504,0.00499999999999999));
#1053=CARTESIAN_POINT('',(-0.000640018900384998,-0.0706157879259572,7.44845850922593E-18));
#1054=CARTESIAN_POINT('',(-0.000761816607501876,-0.0655855598051835,7.38322182191515E-18));
#1055=CARTESIAN_POINT('',(-0.000761816607501873,-0.0655855598051835,0.005));
#1056=CARTESIAN_POINT('',(-0.00573398725216049,-0.0702029061638205,-8.30488871351583E-18));
#1057=CARTESIAN_POINT('',(-0.00501865801283801,-0.0652420974506235,-8.19612544563566E-18));
#1058=CARTESIAN_POINT('',(-0.00501865801283802,-0.0652420974506236,0.005));
#1059=CARTESIAN_POINT('',(-0.00944147026150088,-0.0694459029078943,3.68858101087067E-18));
#1060=CARTESIAN_POINT('',(-0.00816710826144531,-0.0646007502080648,3.27526463786305E-18));
#1061=CARTESIAN_POINT('',(-0.00816710826144531,-0.0646007502080648,0.005));
#1062=CARTESIAN_POINT('',(-0.0130477224484083,-0.0682885018827249,-1.24526490203652E-18));
#1063=CARTESIAN_POINT('',(-0.0112663282176511,-0.0636070242331776,2.99237322113797E-19));
#1064=CARTESIAN_POINT('',(-0.0112663282176511,-0.0636070242331777,0.005));
#1065=CARTESIAN_POINT('',(-0.0177148117767378,-0.0662353390751781,2.13839309704601E-18));
#1066=CARTESIAN_POINT('',(-0.0153229088526887,-0.0618238064295672,8.76196228111622E-19));
#1067=CARTESIAN_POINT('',(-0.0153229088526887,-0.0618238064295672,0.005));
#1068=CARTESIAN_POINT('',(-0.0219857098139369,-0.0635682010641292,4.20648784684842E-19));
#1069=CARTESIAN_POINT('',(-0.0190863273345897,-0.0594769892677744,3.07801797062429E-18));
#1070=CARTESIAN_POINT('',(-0.0190863273345897,-0.0594769892677744,0.005));
#1071=CARTESIAN_POINT('',(-0.0259218344025927,-0.0603326341023593,1.33135156650524E-18));
#1072=CARTESIAN_POINT('',(-0.0225800778336551,-0.05660538878014,-3.00349529165521E-18));
#1073=CARTESIAN_POINT('',(-0.0225800778336551,-0.05660538878014,0.005));
#1074=CARTESIAN_POINT('',(-0.0295248434492699,-0.056819569775808,-1.46986427980903E-18));
#1075=CARTESIAN_POINT('',(-0.0257891047813341,-0.0534770133576398,1.06516597149251E-18));
#1076=CARTESIAN_POINT('',(-0.0257891047813341,-0.0534770133576398,0.005));
#1077=CARTESIAN_POINT('',(-0.0318940060947503,-0.0538711738374727,-4.45098894236616E-18));
#1078=CARTESIAN_POINT('',(-0.0279058788441593,-0.0508427678416515,-4.12159962439256E-18));
#1079=CARTESIAN_POINT('',(-0.0279058788441593,-0.0508427678416516,0.005));
#1080=CARTESIAN_POINT('',(-0.0333183364151687,-0.0517650467563319,-7.70371977754894E-34));
#1081=CARTESIAN_POINT('',(-0.0291773806266255,-0.0489628181508589,-1.36183812376644E-33));
#1082=CARTESIAN_POINT('',(-0.0291773806266255,-0.0489628181508589,0.005));
#1083=CARTESIAN_POINT('',(-0.0455830707032506,0.0193709756531938,-2.40741243048404E-35));
#1084=CARTESIAN_POINT('',(-0.0418961741517317,0.0227483701842485,6.80919061883222E-35));
#1085=CARTESIAN_POINT('',(-0.0418961741517317,0.0227483701842485,0.005));
#1086=CARTESIAN_POINT('',(-0.0466873822183545,0.0205773875167702,-9.47278874659615E-20));
#1087=CARTESIAN_POINT('',(-0.0428698532452397,0.0238120959337273,-1.68875526563174E-19));
#1088=CARTESIAN_POINT('',(-0.0428698532452397,0.0238120959337273,0.005));
#1089=CARTESIAN_POINT('',(-0.0487710400862218,0.023137037639007,1.33843422031163E-18));
#1090=CARTESIAN_POINT('',(-0.0447103874694365,0.0260726707226882,9.36976218993724E-19));
#1091=CARTESIAN_POINT('',(-0.0447103874694365,0.0260726707226882,0.005));
#1092=CARTESIAN_POINT('',(-0.0522759827674359,0.028600010171032,4.36178577281004E-19));
#1093=CARTESIAN_POINT('',(-0.0478162746149455,0.0309123449066375,2.59176386206496E-18));
#1094=CARTESIAN_POINT('',(-0.0478162746149455,0.0309123449066375,0.005));
#1095=CARTESIAN_POINT('',(-0.0548980654213695,0.0347107541451933,2.0013539336473E-18));
#1096=CARTESIAN_POINT('',(-0.0501510349767063,0.036351571139142,-1.14819110545688E-17));
#1097=CARTESIAN_POINT('',(-0.0501510349767063,0.036351571139142,0.005));
#1098=CARTESIAN_POINT('',(-0.0564605933937312,0.0410220270993948,-1.00932881423781E-18));
#1099=CARTESIAN_POINT('',(-0.0515396018557587,0.0419625007876362,1.23080688222262E-18));
#1100=CARTESIAN_POINT('',(-0.0515396018557587,0.0419625007876362,0.005));
#1101=CARTESIAN_POINT('',(-0.0571152456337513,0.0459080011813422,7.99280243820565E-18));
#1102=CARTESIAN_POINT('',(-0.0521179291048202,0.0462850879583794,8.58467446941084E-18));
#1103=CARTESIAN_POINT('',(-0.0521179291048202,0.0462850879583794,0.005));
#1104=CARTESIAN_POINT('',(-0.0571864191865546,0.0508526506561221,-4.94102879893267E-18));
#1105=CARTESIAN_POINT('',(-0.0521782345168271,0.0506144426571095,-4.34448219228347E-18));
#1106=CARTESIAN_POINT('',(-0.0521782345168271,0.0506144426571095,0.005));
#1107=CARTESIAN_POINT('',(-0.0566288916404566,0.055716913291222,1.3629719016642E-18));
#1108=CARTESIAN_POINT('',(-0.0516963504902971,0.0547950539270644,-1.6150865561378E-18));
#1109=CARTESIAN_POINT('',(-0.0516963504902971,0.0547950539270643,0.005));
#1110=CARTESIAN_POINT('',(-0.0553281932088391,0.0605290047874721,4.69331162020628E-18));
#1111=CARTESIAN_POINT('',(-0.0506015959607535,0.0588140007534902,5.60065798890425E-18));
#1112=CARTESIAN_POINT('',(-0.0506015959607535,0.0588140007534902,0.005));
#1113=CARTESIAN_POINT('',(-0.0535634933738853,0.0642219453076487,-1.1661154692098E-17));
#1114=CARTESIAN_POINT('',(-0.0491961306512481,0.061742612022181,-1.20527028114733E-17));
#1115=CARTESIAN_POINT('',(-0.0491961306512481,0.061742612022181,0.00499999999999999));
#1116=CARTESIAN_POINT('',(-0.0516730235143998,0.0669576219847575,1.83681962397875E-18));
#1117=CARTESIAN_POINT('',(-0.0477082339093651,0.0638962558834583,2.36013696511462E-18));
#1118=CARTESIAN_POINT('',(-0.0477082339093651,0.0638962558834583,0.005));
#1119=CARTESIAN_POINT('',(-0.0500764627989601,0.0688167695462355,6.14355304509425E-18));
#1120=CARTESIAN_POINT('',(-0.0464464021701895,0.0653661751802977,4.21311543479825E-18));
#1121=CARTESIAN_POINT('',(-0.0464464021701896,0.0653661751802977,0.005));
#1122=CARTESIAN_POINT('',(-0.0483012811562982,0.0705094739629376,-3.90179664703664E-19));
#1123=CARTESIAN_POINT('',(-0.0450282079518191,0.0667192868443676,6.80825343534449E-18));
#1124=CARTESIAN_POINT('',(-0.0450282079518191,0.0667192868443676,0.005));
#1125=CARTESIAN_POINT('',(-0.0443831475202848,0.0735812385821687,1.63285174800531E-18));
#1126=CARTESIAN_POINT('',(-0.0418467336415922,0.0692167133150479,-7.2504666525319E-18));
#1127=CARTESIAN_POINT('',(-0.0418467336415922,0.0692167133150479,0.005));
#1128=CARTESIAN_POINT('',(-0.0391882834629205,0.0760493352376706,1.26039544346477E-17));
#1129=CARTESIAN_POINT('',(-0.0374074473145226,0.0713568718136231,1.44440853753192E-17));
#1130=CARTESIAN_POINT('',(-0.0374074473145226,0.0713568718136231,0.00500000000000001));
#1131=CARTESIAN_POINT('',(-0.0328661993513506,0.0779015430020905,-3.85871160392688E-18));
#1132=CARTESIAN_POINT('',(-0.0316687815622929,0.0730418128743807,-4.47513081635296E-18));
#1133=CARTESIAN_POINT('',(-0.0316687815622929,0.0730418128743807,0.005));
#1134=CARTESIAN_POINT('',(-0.0265095228161763,0.0792322371123302,3.60942128500633E-18));
#1135=CARTESIAN_POINT('',(-0.0257349024440018,0.0742870361975893,5.46780561889143E-18));
#1136=CARTESIAN_POINT('',(-0.0257349024440018,0.0742870361975893,0.005));
#1137=CARTESIAN_POINT('',(-0.0184635681333422,0.0802900641239853,-1.80807475596532E-19));
#1138=CARTESIAN_POINT('',(-0.0179717276020899,0.0753114887824091,-8.13744348605987E-19));
#1139=CARTESIAN_POINT('',(-0.0179717276020899,0.0753114887824091,0.005));
#1140=CARTESIAN_POINT('',(-0.00871382857226943,0.0809260166472235,1.55993329318964E-18));
#1141=CARTESIAN_POINT('',(-0.00854924840207168,0.075925537225205,1.73503220996344E-18));
#1142=CARTESIAN_POINT('',(-0.00854924840207168,0.075925537225205,0.005));
#1143=CARTESIAN_POINT('',(0.00108992566523099,0.0809797094717468,-8.547552692316E-19));
#1144=CARTESIAN_POINT('',(0.000989030863564564,0.0759785574497984,-9.22214063317352E-19));
#1145=CARTESIAN_POINT('',(0.000989030863564563,0.0759785574497984,0.005));
#1146=CARTESIAN_POINT('',(0.010859301349562,0.0805408673063457,7.06325821166718E-18));
#1147=CARTESIAN_POINT('',(0.0105111509672476,0.0755517011071553,7.15799447123639E-18));
#1148=CARTESIAN_POINT('',(0.0105111509672476,0.0755517011071553,0.00500000000000001));
#1149=CARTESIAN_POINT('',(0.0206234655054469,0.0796764308726398,-6.58159586571545E-18));
#1150=CARTESIAN_POINT('',(0.0201133401740589,0.0747012307997251,-6.89308210990652E-18));
#1151=CARTESIAN_POINT('',(0.0201133401740589,0.0747012307997251,0.005));
#1152=CARTESIAN_POINT('',(0.0303123576935115,0.0784014766301213,8.85478439533376E-18));
#1153=CARTESIAN_POINT('',(0.0294387930474763,0.0734693381573646,1.00059931125289E-17));
#1154=CARTESIAN_POINT('',(0.0294387930474763,0.0734693381573646,0.00500000000000001));
#1155=CARTESIAN_POINT('',(0.0382587009193825,0.076355733673858,-8.71443914083932E-19));
#1156=CARTESIAN_POINT('',(0.0366776452149639,0.0715799249174255,-4.25736631504251E-18));
#1157=CARTESIAN_POINT('',(0.0366776452149639,0.0715799249174255,0.005));
#1158=CARTESIAN_POINT('',(0.0442159421076037,0.0735872759506137,-2.02357833715674E-19));
#1159=CARTESIAN_POINT('',(0.0417637801931139,0.0692041745658058,5.66206074457072E-18));
#1160=CARTESIAN_POINT('',(0.0417637801931139,0.0692041745658058,0.005));
#1161=CARTESIAN_POINT('',(0.0482596346205946,0.0708279841409528,6.71777415678493E-18));
#1162=CARTESIAN_POINT('',(0.0450415337809262,0.066957336110198,5.15011871150835E-18));
#1163=CARTESIAN_POINT('',(0.0450415337809262,0.066957336110198,0.005));
#1164=CARTESIAN_POINT('',(0.0517079277992433,0.0672839319255748,-6.47886653771987E-19));
#1165=CARTESIAN_POINT('',(0.0477228830306493,0.0641901184692863,-2.41683450952046E-19));
#1166=CARTESIAN_POINT('',(0.0477228830306493,0.0641901184692863,0.005));
#1167=CARTESIAN_POINT('',(0.0542780461329141,0.0630245825536265,1.0779428862334E-18));
#1168=CARTESIAN_POINT('',(0.049697451024784,0.0609274799478454,1.02078552023022E-18));
#1169=CARTESIAN_POINT('',(0.049697451024784,0.0609274799478455,0.005));
#1170=CARTESIAN_POINT('',(0.0558633905163923,0.0584321817145785,1.54028553676882E-18));
#1171=CARTESIAN_POINT('',(0.0509886084628033,0.057220800559867,1.36271179796157E-18));
#1172=CARTESIAN_POINT('',(0.0509886084628033,0.057220800559867,0.005));
#1173=CARTESIAN_POINT('',(0.0569373380138536,0.0519454882795075,3.71224591781327E-18));
#1174=CARTESIAN_POINT('',(0.0519012971903951,0.0517522311609583,4.79470692572526E-18));
#1175=CARTESIAN_POINT('',(0.0519012971903951,0.0517522311609583,0.005));
#1176=CARTESIAN_POINT('',(0.0566424823530158,0.0454652975421199,-1.13301818600465E-17));
#1177=CARTESIAN_POINT('',(0.0516559597448878,0.0460619318562042,-1.81971139602014E-17));
#1178=CARTESIAN_POINT('',(0.0516559597448878,0.0460619318562042,0.00499999999999999));
#1179=CARTESIAN_POINT('',(0.055284633665588,0.0390465461465597,3.28724549183679E-18));
#1180=CARTESIAN_POINT('',(0.0504465190138116,0.0403448033420262,1.50337614151298E-17));
#1181=CARTESIAN_POINT('',(0.0504465190138116,0.0403448033420262,0.005));
#1182=CARTESIAN_POINT('',(0.0537855200093217,0.0344247353234408,-2.68986517341068E-19));
#1183=CARTESIAN_POINT('',(0.0491050681096128,0.0362072133776912,-3.40811669277707E-18));
#1184=CARTESIAN_POINT('',(0.0491050681096128,0.0362072133776912,0.005));
#1185=CARTESIAN_POINT('',(0.0518195712636884,0.0299504400135886,2.9928710054579E-18));
#1186=CARTESIAN_POINT('',(0.0473428150677817,0.0321967570846242,3.80287578390883E-18));
#1187=CARTESIAN_POINT('',(0.0473428150677817,0.0321967570846243,0.005));
#1188=CARTESIAN_POINT('',(0.048590178569628,0.0242674671660005,-9.66205977056612E-18));
#1189=CARTESIAN_POINT('',(0.0444515541745221,0.0271092728719134,-1.00665799478734E-17));
#1190=CARTESIAN_POINT('',(0.044451554174522,0.0271092728719134,0.00499999999999999));
#1191=CARTESIAN_POINT('',(0.0445912914510069,0.0192208666382444,3.62123009282705E-18));
#1192=CARTESIAN_POINT('',(0.0408853049585342,0.022612471288011,3.21285222017415E-18));
#1193=CARTESIAN_POINT('',(0.0408853049585342,0.022612471288011,0.005));
#1194=CARTESIAN_POINT('',(0.0397252869280568,0.0148053671039544,-1.31955250584059E-18));
#1195=CARTESIAN_POINT('',(0.0365754744495393,0.0187024854679773,-5.03761184371206E-19));
#1196=CARTESIAN_POINT('',(0.0365754744495393,0.0187024854679773,0.005));
#1197=CARTESIAN_POINT('',(0.0357889671617013,0.0119802581745854,8.09634600813263E-18));
#1198=CARTESIAN_POINT('',(0.0330904772592214,0.0162002617798114,4.93551629637743E-18));
#1199=CARTESIAN_POINT('',(0.0330904772592214,0.0162002617798114,0.00500000000000001));
#1200=CARTESIAN_POINT('',(0.031583147834082,0.00957034044983842,-5.04497938703781E-18));
#1201=CARTESIAN_POINT('',(0.0293047228471072,0.014028903059461,-3.62579271734726E-18));
#1202=CARTESIAN_POINT('',(0.0293047228471072,0.014028903059461,0.005));
#1203=CARTESIAN_POINT('',(0.0256247193210521,0.00685588805055353,3.91530070788965E-18));
#1204=CARTESIAN_POINT('',(0.0238808195003317,0.0115565754899166,8.76825286501172E-20));
#1205=CARTESIAN_POINT('',(0.0238808195003317,0.0115565754899166,0.005));
#1206=CARTESIAN_POINT('',(0.0179311799324071,0.00444783234832548,2.99761663400826E-18));
#1207=CARTESIAN_POINT('',(0.0167746631580813,0.00932754236137007,4.3293947590592E-18));
#1208=CARTESIAN_POINT('',(0.0167746631580813,0.00932754236137007,0.005));
#1209=CARTESIAN_POINT('',(0.00995978081247467,0.00309233343711707,-4.23453323003041E-18));
#1210=CARTESIAN_POINT('',(0.00932788278534642,0.00805955001795836,-4.40224942594369E-18));
#1211=CARTESIAN_POINT('',(0.00932788278534642,0.00805955001795836,0.005));
#1212=CARTESIAN_POINT('',(0.00346051882708709,0.00259774723042705,1.81846605932266E-18));
#1213=CARTESIAN_POINT('',(0.00323151759428517,0.00759548224045162,1.85399958695639E-18));
#1214=CARTESIAN_POINT('',(0.00323151759428517,0.00759548224045161,0.005));
#1215=CARTESIAN_POINT('',(-0.00299868440731656,0.0024941469457824,2.62630778001695E-19));
#1216=CARTESIAN_POINT('',(-0.00283532821094547,0.00749806042357466,2.17145808112592E-19));
#1217=CARTESIAN_POINT('',(-0.00283532821094547,0.00749806042357466,0.005));
#1218=CARTESIAN_POINT('',(-0.0110419288000891,0.00306497722360232,1.55441877119752E-18));
#1219=CARTESIAN_POINT('',(-0.0103907863868357,0.00803472564586748,1.78611586203078E-18));
#1220=CARTESIAN_POINT('',(-0.0103907863868357,0.00803472564586748,0.005));
#1221=CARTESIAN_POINT('',(-0.0206644258817939,0.00494991270343316,-1.01777783622217E-18));
#1222=CARTESIAN_POINT('',(-0.0193826792629761,0.00979871292761463,-1.84364481752167E-18));
#1223=CARTESIAN_POINT('',(-0.0193826792629761,0.00979871292761463,0.005));
#1224=CARTESIAN_POINT('',(-0.0298023882987076,0.00807476604331211,2.51669257369118E-18));
#1225=CARTESIAN_POINT('',(-0.0278204937859318,0.012688809750499,5.58846340805588E-18));
#1226=CARTESIAN_POINT('',(-0.0278204937859318,0.012688809750499,0.005));
#1227=CARTESIAN_POINT('',(-0.0370305278232538,0.0119739369636557,-2.78456959656157E-18));
#1228=CARTESIAN_POINT('',(-0.0343603626734177,0.0162287696817397,-3.15000404108286E-18));
#1229=CARTESIAN_POINT('',(-0.0343603626734177,0.0162287696817397,0.005));
#1230=CARTESIAN_POINT('',(-0.0421451709955986,0.0158985664575485,1.90680154510737E-18));
#1231=CARTESIAN_POINT('',(-0.0388683129083888,0.0196903162258156,1.95022937837274E-18));
#1232=CARTESIAN_POINT('',(-0.0388683129083888,0.0196903162258156,0.005));
#1233=CARTESIAN_POINT('',(-0.0444787591881468,0.0181645637896174,9.47278874659604E-20));
#1234=CARTESIAN_POINT('',(-0.0409224950582238,0.0216846444347697,1.68875526563172E-19));
#1235=CARTESIAN_POINT('',(-0.0409224950582238,0.0216846444347697,0.005));
#1236=CARTESIAN_POINT('',(-0.0455830707032506,0.0193709756531938,-2.40741243048404E-35));
#1237=CARTESIAN_POINT('',(-0.0418961741517317,0.0227483701842485,6.80919061883222E-35));
#1238=CARTESIAN_POINT('',(-0.0418961741517317,0.0227483701842485,0.005));
#1239=CARTESIAN_POINT('',(0.0169158297886954,0.0819776513125664,-2.16667118743564E-34));
#1240=CARTESIAN_POINT('',(0.0174338961802539,0.0869507396099866,-1.02137859282483E-34));
#1241=CARTESIAN_POINT('',(0.0174338961802539,0.0869507396099866,0.005));
#1242=CARTESIAN_POINT('',(0.0121289210296353,0.0824769844664168,4.04540540903495E-19));
#1243=CARTESIAN_POINT('',(0.0124613154358739,0.0874695159198368,4.03521004326406E-19));
#1244=CARTESIAN_POINT('',(0.0124613154358739,0.0874695159198368,0.005));
#1245=CARTESIAN_POINT('',(0.00261582760912889,0.0829295315865768,1.05622726618378E-17));
#1246=CARTESIAN_POINT('',(0.00265969006335367,0.087932624816271,1.05627350968382E-17));
#1247=CARTESIAN_POINT('',(0.00265969006335367,0.087932624816271,0.00500000000000001));
#1248=CARTESIAN_POINT('',(-0.00929804704468509,0.082679782518492,8.05735333410722E-19));
#1249=CARTESIAN_POINT('',(-0.00952564085473615,0.0876787080440777,8.05738057881163E-19));
#1250=CARTESIAN_POINT('',(-0.00952564085473615,0.0876787080440777,0.005));
#1251=CARTESIAN_POINT('',(-0.0188044414433148,0.0818350970631806,-9.60692918541655E-19));
#1252=CARTESIAN_POINT('',(-0.0193871886735479,0.0868041258995351,-9.60790309588516E-19));
#1253=CARTESIAN_POINT('',(-0.0193871886735479,0.0868041258995351,0.005));
#1254=CARTESIAN_POINT('',(-0.0259431176428925,0.0807605302480485,8.68281383167441E-18));
#1255=CARTESIAN_POINT('',(-0.0268621447837845,0.085680222632508,8.68322570027074E-18));
#1256=CARTESIAN_POINT('',(-0.0268621447837845,0.085680222632508,0.005));
#1257=CARTESIAN_POINT('',(-0.032927188062819,0.0791511074845832,-2.54553984057347E-18));
#1258=CARTESIAN_POINT('',(-0.0342750569341444,0.0839747298180774,-2.54708992391193E-18));
#1259=CARTESIAN_POINT('',(-0.0342750569341444,0.0839747298180774,0.005));
#1260=CARTESIAN_POINT('',(-0.0397811316864532,0.0768161422084311,1.49934553061946E-18));
#1261=CARTESIAN_POINT('',(-0.0416863003934947,0.0814550841431498,1.50513399537698E-18));
#1262=CARTESIAN_POINT('',(-0.0416863003934947,0.0814550841431498,0.005));
#1263=CARTESIAN_POINT('',(-0.0451030803936598,0.0741518837094834,1.7101643767916E-18));
#1264=CARTESIAN_POINT('',(-0.047589127714975,0.0785079031922353,1.69312597450819E-18));
#1265=CARTESIAN_POINT('',(-0.0475891277149749,0.0785079031922353,0.005));
#1266=CARTESIAN_POINT('',(-0.0490311694801825,0.0714897386158583,-7.76079770383568E-19));
#1267=CARTESIAN_POINT('',(-0.0520383094417383,0.0754950066981227,-7.46568339224931E-19));
#1268=CARTESIAN_POINT('',(-0.0520383094417383,0.0754950066981228,0.005));
#1269=CARTESIAN_POINT('',(-0.051813153285181,0.0691645917686916,2.01571574153646E-18));
#1270=CARTESIAN_POINT('',(-0.0552318720058392,0.0728273565903065,1.90307096082481E-18));
#1271=CARTESIAN_POINT('',(-0.0552318720058392,0.0728273565903065,0.005));
#1272=CARTESIAN_POINT('',(-0.0543107266481646,0.0665496143593506,-7.28678319576227E-18));
#1273=CARTESIAN_POINT('',(-0.0581266034377288,0.0697984562109483,-6.86571550407432E-18));
#1274=CARTESIAN_POINT('',(-0.0581266034377288,0.0697984562109483,0.00499999999999999));
#1275=CARTESIAN_POINT('',(-0.0564635079813892,0.0636973248985357,1.1105649018605E-18));
#1276=CARTESIAN_POINT('',(-0.0606369265294577,0.0664716273565727,-4.61061084179668E-19));
#1277=CARTESIAN_POINT('',(-0.0606369265294578,0.0664716273565727,0.005));
#1278=CARTESIAN_POINT('',(-0.0582919513717089,0.0605757163789638,8.04869401625065E-18));
#1279=CARTESIAN_POINT('',(-0.0627426649954385,0.0628725367676713,1.39141302687233E-17));
#1280=CARTESIAN_POINT('',(-0.0627426649954385,0.0628725367676713,0.00500000000000001));
#1281=CARTESIAN_POINT('',(-0.0603060037703457,0.0561833539478246,-1.23955497750315E-17));
#1282=CARTESIAN_POINT('',(-0.0650029280919973,0.0579355324571214,-1.57819449420276E-17));
#1283=CARTESIAN_POINT('',(-0.0650029280919973,0.0579355324571214,0.00499999999999999));
#1284=CARTESIAN_POINT('',(-0.0621117084736766,0.0505102082204867,6.26434754490025E-18));
#1285=CARTESIAN_POINT('',(-0.0669729348289323,0.0517245255881246,7.41472278550104E-18));
#1286=CARTESIAN_POINT('',(-0.0669729348289323,0.0517245255881246,0.00500000000000001));
#1287=CARTESIAN_POINT('',(-0.0634997969504788,0.043405004343669,-8.92986094058309E-18));
#1288=CARTESIAN_POINT('',(-0.0684531745096647,0.044129757643636,-9.2376126544709E-18));
#1289=CARTESIAN_POINT('',(-0.0684531745096647,0.0441297576436361,0.005));
#1290=CARTESIAN_POINT('',(-0.0642556570282403,0.0362844884187872,3.43424407778E-18));
#1291=CARTESIAN_POINT('',(-0.0692470367151235,0.0366345136434887,3.51487569273042E-18));
#1292=CARTESIAN_POINT('',(-0.0692470367151235,0.0366345136434887,0.005));
#1293=CARTESIAN_POINT('',(-0.0646252970444996,0.0268054047030769,-6.15341282735322E-19));
#1294=CARTESIAN_POINT('',(-0.0696309125204998,0.02675741584456,-6.61918148937318E-19));
#1295=CARTESIAN_POINT('',(-0.0696309125204997,0.02675741584456,0.005));
#1296=CARTESIAN_POINT('',(-0.0641334756896215,0.0149745901533626,1.37727722554398E-18));
#1297=CARTESIAN_POINT('',(-0.0691206445207457,0.0145558016250752,1.39331094660983E-18));
#1298=CARTESIAN_POINT('',(-0.0691206445207457,0.0145558016250752,0.005));
#1299=CARTESIAN_POINT('',(-0.0627093648088965,0.00312247564220726,8.20318296045416E-19));
#1300=CARTESIAN_POINT('',(-0.0676611437418898,0.00241477198054416,8.18793999049856E-19));
#1301=CARTESIAN_POINT('',(-0.0676611437418898,0.00241477198054416,0.005));
#1302=CARTESIAN_POINT('',(-0.0611056895108246,-0.00627012164396823,8.50056835974667E-19));
#1303=CARTESIAN_POINT('',(-0.0660209943260018,-0.00719098007113487,8.49593826353504E-19));
#1304=CARTESIAN_POINT('',(-0.0660209943260019,-0.00719098007113487,0.005));
#1305=CARTESIAN_POINT('',(-0.059217201460036,-0.0155713634584955,1.01823459201381E-18));
#1306=CARTESIAN_POINT('',(-0.064091891367758,-0.0166918393280963,1.02253694673635E-18));
#1307=CARTESIAN_POINT('',(-0.064091891367758,-0.0166918393280963,0.005));
#1308=CARTESIAN_POINT('',(-0.0568378241372474,-0.0247378128390451,-1.19528632134478E-19));
#1309=CARTESIAN_POINT('',(-0.0616331984018473,-0.026189923769553,-1.47793076707599E-19));
#1310=CARTESIAN_POINT('',(-0.0616331984018473,-0.026189923769553,0.005));
#1311=CARTESIAN_POINT('',(-0.0534907783878196,-0.0336080942056261,2.5567016721971E-18));
#1312=CARTESIAN_POINT('',(-0.058094224949461,-0.0355785993118687,2.60508886151942E-18));
#1313=CARTESIAN_POINT('',(-0.0580942249494611,-0.0355785993118687,0.005));
#1314=CARTESIAN_POINT('',(-0.050312219773899,-0.040106964114515,-3.67994776875959E-19));
#1315=CARTESIAN_POINT('',(-0.0546870954751329,-0.0425497750361019,-5.52441998066009E-19));
#1316=CARTESIAN_POINT('',(-0.0546870954751329,-0.0425497750361019,0.005));
#1317=CARTESIAN_POINT('',(-0.0464031703353528,-0.0462427830738373,-1.08472256469328E-18));
#1318=CARTESIAN_POINT('',(-0.0504665601862298,-0.0491749121585198,-3.953208692554E-19));
#1319=CARTESIAN_POINT('',(-0.0504665601862298,-0.0491749121585198,0.005));
#1320=CARTESIAN_POINT('',(-0.0418926628698879,-0.0518184031120275,-4.97285392281357E-19));
#1321=CARTESIAN_POINT('',(-0.0456188925408481,-0.0551642189881687,-3.0704449528428E-18));
#1322=CARTESIAN_POINT('',(-0.0456188925408481,-0.0551642189881687,0.005));
#1323=CARTESIAN_POINT('',(-0.0368272216251658,-0.0569654797992056,8.27803456174914E-18));
#1324=CARTESIAN_POINT('',(-0.0402304448372013,-0.0606379477083713,1.7881271108557E-17));
#1325=CARTESIAN_POINT('',(-0.0402304448372013,-0.0606379477083713,0.005));
#1326=CARTESIAN_POINT('',(-0.0312615028301054,-0.0616571150722565,-1.38983028713265E-18));
#1327=CARTESIAN_POINT('',(-0.034303848346765,-0.0656349634114513,-6.0045943462203E-18));
#1328=CARTESIAN_POINT('',(-0.0343038483467651,-0.0656349634114513,0.005));
#1329=CARTESIAN_POINT('',(-0.025349504582854,-0.0657261226800728,2.48545701471191E-18));
#1330=CARTESIAN_POINT('',(-0.0279751759718704,-0.0699922661589116,9.32935848393767E-19));
#1331=CARTESIAN_POINT('',(-0.0279751759718704,-0.0699922661589116,0.005));
#1332=CARTESIAN_POINT('',(-0.0190295945424927,-0.0691431068350726,-3.34782734378456E-18));
#1333=CARTESIAN_POINT('',(-0.0211400422741583,-0.0736918155325783,-2.9313194752852E-18));
#1334=CARTESIAN_POINT('',(-0.0211400422741583,-0.0736918155325783,0.005));
#1335=CARTESIAN_POINT('',(-0.0121667912086028,-0.071751249651613,5.7016819324959E-18));
#1336=CARTESIAN_POINT('',(-0.0135879355020046,-0.0765672709421538,5.5881716248166E-18));
#1337=CARTESIAN_POINT('',(-0.0135879355020046,-0.0765672709421538,0.005));
#1338=CARTESIAN_POINT('',(-0.00630224037681179,-0.0729371946080458,-1.09286613098079E-17));
#1339=CARTESIAN_POINT('',(-0.00698543178349734,-0.0779126562408123,-1.09163018925729E-17));
#1340=CARTESIAN_POINT('',(-0.00698543178349734,-0.0779126562408123,0.00499999999999999));
#1341=CARTESIAN_POINT('',(-0.00143247808005528,-0.0731590012772565,8.12291311529422E-18));
#1342=CARTESIAN_POINT('',(-0.00136747070821555,-0.0781698186405975,8.12336822580713E-18));
#1343=CARTESIAN_POINT('',(-0.00136747070821555,-0.0781698186405976,0.00500000000000001));
#1344=CARTESIAN_POINT('',(0.00343154698974905,-0.0728121404879564,-3.11434786242119E-18));
#1345=CARTESIAN_POINT('',(0.00424041254790126,-0.0777684499688468,-3.12943794273368E-18));
#1346=CARTESIAN_POINT('',(0.00424041254790126,-0.0777684499688467,0.005));
#1347=CARTESIAN_POINT('',(0.00928861270290132,-0.0714754174214175,4.24991255146038E-19));
#1348=CARTESIAN_POINT('',(0.0108239492008606,-0.0762555112388446,5.58526425393785E-19));
#1349=CARTESIAN_POINT('',(0.0108239492008606,-0.0762555112388446,0.005));
#1350=CARTESIAN_POINT('',(0.0160929979855276,-0.0687136822155979,2.12225066535053E-18));
#1351=CARTESIAN_POINT('',(0.0182960485235501,-0.0732174233671494,1.63292511478407E-18));
#1352=CARTESIAN_POINT('',(0.0182960485235501,-0.0732174233671494,0.005));
#1353=CARTESIAN_POINT('',(0.0223601266443072,-0.0651725802311443,-3.70982348861772E-18));
#1354=CARTESIAN_POINT('',(0.0250595169239054,-0.0693919188117891,-1.88605645659963E-18));
#1355=CARTESIAN_POINT('',(0.0250595169239054,-0.0693919188117891,0.005));
#1356=CARTESIAN_POINT('',(0.0282651997323267,-0.0609657211196232,7.51287286118992E-18));
#1357=CARTESIAN_POINT('',(0.0313662066958455,-0.0648974263166589,7.07130283684057E-19));
#1358=CARTESIAN_POINT('',(0.0313662066958455,-0.0648974263166589,0.005));
#1359=CARTESIAN_POINT('',(0.0337741002456289,-0.0561935503219138,-3.20815816489847E-19));
#1360=CARTESIAN_POINT('',(0.0372182197430422,-0.0598268067182257,-6.14663510606707E-18));
#1361=CARTESIAN_POINT('',(0.0372182197430422,-0.0598268067182257,0.005));
#1362=CARTESIAN_POINT('',(0.0387858549331438,-0.0510092955876575,-1.02543916730013E-18));
#1363=CARTESIAN_POINT('',(0.0425355893901024,-0.0543279947328748,-2.14144199906792E-18));
#1364=CARTESIAN_POINT('',(0.0425355893901024,-0.0543279947328748,0.005));
#1365=CARTESIAN_POINT('',(0.0433230508704554,-0.0453338080980365,-7.81597942240061E-19));
#1366=CARTESIAN_POINT('',(0.0473997545839641,-0.0482464605259945,9.5082326744082E-18));
#1367=CARTESIAN_POINT('',(0.047399754583964,-0.0482464605259945,0.005));
#1368=CARTESIAN_POINT('',(0.0472150365820542,-0.0391800152498625,-1.05233949167005E-18));
#1369=CARTESIAN_POINT('',(0.0515897023662587,-0.0416209254888552,-4.66646613098241E-18));
#1370=CARTESIAN_POINT('',(0.0515897023662587,-0.0416209254888552,0.005));
#1371=CARTESIAN_POINT('',(0.0503936070506898,-0.032737314566449,-2.13214519010159E-19));
#1372=CARTESIAN_POINT('',(0.0549821574645594,-0.0347392170318847,3.95346142159095E-18));
#1373=CARTESIAN_POINT('',(0.0549821574645594,-0.0347392170318847,0.005));
#1374=CARTESIAN_POINT('',(0.0530117434529649,-0.0260243843887031,1.90519756771067E-18));
#1375=CARTESIAN_POINT('',(0.0577356179465444,-0.0276732590631122,-1.11473795553814E-17));
#1376=CARTESIAN_POINT('',(0.0577356179465444,-0.0276732590631122,0.005));
#1377=CARTESIAN_POINT('',(0.0552088614469952,-0.0191031325735183,-2.20340532390211E-18));
#1378=CARTESIAN_POINT('',(0.0600126175021172,-0.0204957324002901,4.20686380442173E-18));
#1379=CARTESIAN_POINT('',(0.0600126175021172,-0.0204957324002902,0.005));
#1380=CARTESIAN_POINT('',(0.0570864934144697,-0.0121284233749092,1.70425329996735E-18));
#1381=CARTESIAN_POINT('',(0.0619352124011965,-0.0133514871687508,-1.08842460902359E-17));
#1382=CARTESIAN_POINT('',(0.0619352124011965,-0.0133514871687508,0.005));
#1383=CARTESIAN_POINT('',(0.059327649039761,-0.0027837693200814,2.19332302628369E-19));
#1384=CARTESIAN_POINT('',(0.0642136350240888,-0.00385093930956888,7.49598544475709E-18));
#1385=CARTESIAN_POINT('',(0.0642136350240888,-0.00385093930956888,0.005));
#1386=CARTESIAN_POINT('',(0.061658808822464,0.00897687016110861,2.51516884633399E-18));
#1387=CARTESIAN_POINT('',(0.0665947701354562,0.00815659618886497,-3.2212481808351E-20));
#1388=CARTESIAN_POINT('',(0.0665947701354562,0.00815659618886496,0.005));
#1389=CARTESIAN_POINT('',(0.0631951606508911,0.0208735534347451,-3.42803015168832E-18));
#1390=CARTESIAN_POINT('',(0.0681743717199606,0.0203717718555473,-3.06253930939003E-18));
#1391=CARTESIAN_POINT('',(0.0681743717199606,0.0203717718555473,0.005));
#1392=CARTESIAN_POINT('',(0.0637537913631847,0.0305037108840702,3.06533528980699E-18));
#1393=CARTESIAN_POINT('',(0.0687543098267197,0.0303508047183504,2.91692803929853E-18));
#1394=CARTESIAN_POINT('',(0.0687543098267198,0.0303508047183504,0.005));
#1395=CARTESIAN_POINT('',(0.0637445758826982,0.0378030067739074,-4.83115120525971E-20));
#1396=CARTESIAN_POINT('',(0.0687459724001808,0.0379810439162949,3.08301170884633E-19));
#1397=CARTESIAN_POINT('',(0.0687459724001808,0.0379810439162949,0.005));
#1398=CARTESIAN_POINT('',(0.0631937607325454,0.0450222575314061,2.33208118633383E-18));
#1399=CARTESIAN_POINT('',(0.0681651565675942,0.0456246827460102,1.05403770509338E-18));
#1400=CARTESIAN_POINT('',(0.0681651565675941,0.0456246827460102,0.005));
#1401=CARTESIAN_POINT('',(0.0621329812561762,0.0510184445026295,-3.00785547340465E-18));
#1402=CARTESIAN_POINT('',(0.0670249565176689,0.0520981711853368,-3.59470370853293E-18));
#1403=CARTESIAN_POINT('',(0.067024956517669,0.0520981711853368,0.005));
#1404=CARTESIAN_POINT('',(0.0607936104871014,0.0556829958290231,7.5498088288268E-18));
#1405=CARTESIAN_POINT('',(0.0655472890638595,0.0572515298550893,8.86174434830578E-18));
#1406=CARTESIAN_POINT('',(0.0655472890638595,0.0572515298550893,0.005));
#1407=CARTESIAN_POINT('',(0.0595100131779456,0.059064739527849,-3.80994377780832E-18));
#1408=CARTESIAN_POINT('',(0.0641037477217109,0.0610594397701562,-8.94553355924784E-18));
#1409=CARTESIAN_POINT('',(0.0641037477217109,0.0610594397701562,0.005));
#1410=CARTESIAN_POINT('',(0.0578752410600351,0.0623424380560335,7.68996628240644E-18));
#1411=CARTESIAN_POINT('',(0.0622244692237532,0.0648353704496994,1.13078786048942E-17));
#1412=CARTESIAN_POINT('',(0.0622244692237532,0.0648353704496994,0.005));
#1413=CARTESIAN_POINT('',(0.0558532941747138,0.0653817966512752,-9.29069212165426E-19));
#1414=CARTESIAN_POINT('',(0.0598354930428381,0.0684290694819623,-1.02651287206769E-17));
#1415=CARTESIAN_POINT('',(0.0598354930428381,0.0684290694819623,0.005));
#1416=CARTESIAN_POINT('',(0.0534866026227474,0.0681042327930834,1.23048099418556E-18));
#1417=CARTESIAN_POINT('',(0.0570605192471538,0.0716179488473881,3.73178413816113E-18));
#1418=CARTESIAN_POINT('',(0.0570605192471538,0.071617948847388,0.005));
#1419=CARTESIAN_POINT('',(0.0507633410812418,0.0705672171662356,6.41548609128391E-18));
#1420=CARTESIAN_POINT('',(0.0539059681469179,0.074468948904704,5.746333023893E-18));
#1421=CARTESIAN_POINT('',(0.0539059681469179,0.074468948904704,0.005));
#1422=CARTESIAN_POINT('',(0.0478200024313602,0.072694774905397,-8.71573219669166E-19));
#1423=CARTESIAN_POINT('',(0.050552182396776,0.0768909453424898,-6.9626409408105E-19));
#1424=CARTESIAN_POINT('',(0.050552182396776,0.0768909453424898,0.005));
#1425=CARTESIAN_POINT('',(0.0436755576051339,0.0751384797042355,3.32382736032049E-18));
#1426=CARTESIAN_POINT('',(0.0459062156457325,0.0796280176715816,3.22261307184241E-18));
#1427=CARTESIAN_POINT('',(0.0459062156457325,0.0796280176715816,0.005));
#1428=CARTESIAN_POINT('',(0.0380830965728989,0.0775767975159766,4.64271995113366E-19));
#1429=CARTESIAN_POINT('',(0.0397776837783969,0.0822931688186369,4.98654963475574E-19));
#1430=CARTESIAN_POINT('',(0.0397776837783969,0.0822931688186369,0.005));
#1431=CARTESIAN_POINT('',(0.0311634119180411,0.079648413209869,-5.48655985884989E-19));
#1432=CARTESIAN_POINT('',(0.0323659813244774,0.0845082892463078,-5.57854119487674E-19));
#1433=CARTESIAN_POINT('',(0.0323659813244774,0.0845082892463078,0.005));
#1434=CARTESIAN_POINT('',(0.024111373951689,0.0810921217849057,1.73035194842658E-18));
#1435=CARTESIAN_POINT('',(0.024928651325884,0.0860289642143948,1.73276151447511E-18));
#1436=CARTESIAN_POINT('',(0.024928651325884,0.0860289642143948,0.005));
#1437=CARTESIAN_POINT('',(0.0193092841682255,0.0817279847356412,-2.02270270451747E-19));
#1438=CARTESIAN_POINT('',(0.019920186552444,0.0866913514550615,-2.01760502163202E-19));
#1439=CARTESIAN_POINT('',(0.019920186552444,0.0866913514550615,0.005));
#1440=CARTESIAN_POINT('',(0.0169158297886954,0.0819776513125664,-2.16667118743564E-34));
#1441=CARTESIAN_POINT('',(0.0174338961802539,0.0869507396099866,-1.02137859282483E-34));
#1442=CARTESIAN_POINT('',(0.0174338961802539,0.0869507396099866,0.005));
#1443=CARTESIAN_POINT('',(-0.0346790455968332,-0.0496319792316869,0.015));
#1444=CARTESIAN_POINT('',(-0.0303923469862773,-0.0470582241885141,0.015));
#1445=CARTESIAN_POINT('',(-0.0303923469862773,-0.0470582241885141,0.01));
#1446=CARTESIAN_POINT('',(-0.0340261808891097,-0.0507191757068484,0.015));
#1447=CARTESIAN_POINT('',(-0.0298090170636609,-0.0480296170415931,0.015));
#1448=CARTESIAN_POINT('',(-0.0298090170636609,-0.0480296170415931,0.01));
#1449=CARTESIAN_POINT('',(-0.032623352146275,-0.0528524914157012,0.015));
#1450=CARTESIAN_POINT('',(-0.0285569352903959,-0.0499335986441251,0.015));
#1451=CARTESIAN_POINT('',(-0.0285569352903959,-0.0499335986441251,0.00999999999999999));
#1452=CARTESIAN_POINT('',(-0.029526166732683,-0.0568163984532098,0.015));
#1453=CARTESIAN_POINT('',(-0.0257910912706596,-0.0534736051960081,0.015));
#1454=CARTESIAN_POINT('',(-0.0257910912706596,-0.0534736051960081,0.01));
#1455=CARTESIAN_POINT('',(-0.025971437743489,-0.060387040575818,0.015));
#1456=CARTESIAN_POINT('',(-0.0226216469257746,-0.0566558232693896,0.015));
#1457=CARTESIAN_POINT('',(-0.0226216469257746,-0.0566558232693895,0.01));
#1458=CARTESIAN_POINT('',(-0.0219204331054889,-0.0635263637490154,0.015));
#1459=CARTESIAN_POINT('',(-0.0190311549167634,-0.0594375547005188,0.015));
#1460=CARTESIAN_POINT('',(-0.0190311549167634,-0.0594375547005188,0.01));
#1461=CARTESIAN_POINT('',(-0.0176733445502086,-0.0662475670922369,0.015));
#1462=CARTESIAN_POINT('',(-0.01528883505923,-0.0618347889334454,0.015));
#1463=CARTESIAN_POINT('',(-0.01528883505923,-0.0618347889334454,0.01));
#1464=CARTESIAN_POINT('',(-0.0131187630782193,-0.0683600988108284,0.015));
#1465=CARTESIAN_POINT('',(-0.0113189091109763,-0.0636713087586752,0.015));
#1466=CARTESIAN_POINT('',(-0.0113189091109763,-0.0636713087586752,0.01));
#1467=CARTESIAN_POINT('',(-0.00816874367150203,-0.0697576697631799,0.015));
#1468=CARTESIAN_POINT('',(-0.00708196613590751,-0.0648660532246869,0.015));
#1469=CARTESIAN_POINT('',(-0.00708196613590751,-0.0648660532246869,0.01));
#1470=CARTESIAN_POINT('',(-0.00441545333808894,-0.0703631783696598,0.015));
#1471=CARTESIAN_POINT('',(-0.00390966640556664,-0.0653761201226615,0.015));
#1472=CARTESIAN_POINT('',(-0.00390966640556664,-0.0653761201226614,0.01));
#1473=CARTESIAN_POINT('',(-0.000607414663722567,-0.0705095177057053,0.015));
#1474=CARTESIAN_POINT('',(-0.000742787886436368,-0.0654971974593986,0.015));
#1475=CARTESIAN_POINT('',(-0.000742787886436367,-0.0654971974593986,0.01));
#1476=CARTESIAN_POINT('',(0.00451488019901387,-0.0700373562653645,0.015));
#1477=CARTESIAN_POINT('',(0.00352552498044884,-0.0651045544214368,0.015));
#1478=CARTESIAN_POINT('',(0.00352552498044884,-0.0651045544214368,0.01));
#1479=CARTESIAN_POINT('',(0.00939832690795022,-0.0686366122817613,0.015));
#1480=CARTESIAN_POINT('',(0.00764492927357491,-0.0639282002232063,0.015));
#1481=CARTESIAN_POINT('',(0.00764492927357491,-0.0639282002232063,0.01));
#1482=CARTESIAN_POINT('',(0.0140235247829968,-0.066413735611424,0.015));
#1483=CARTESIAN_POINT('',(0.0116128487389306,-0.0620227598963398,0.015));
#1484=CARTESIAN_POINT('',(0.0116128487389306,-0.0620227598963397,0.01));
#1485=CARTESIAN_POINT('',(0.0183389525058219,-0.063750224988674,0.015));
#1486=CARTESIAN_POINT('',(0.015356427408444,-0.0597137403262871,0.015));
#1487=CARTESIAN_POINT('',(0.015356427408444,-0.0597137403262872,0.01));
#1488=CARTESIAN_POINT('',(0.0232610026177742,-0.0596042318043895,0.015));
#1489=CARTESIAN_POINT('',(0.0196957475745585,-0.0560648809192003,0.015));
#1490=CARTESIAN_POINT('',(0.0196957475745585,-0.0560648809192003,0.01));
#1491=CARTESIAN_POINT('',(0.028139967131638,-0.0538292807212273,0.015));
#1492=CARTESIAN_POINT('',(0.024066560196102,-0.0508966027407096,0.015));
#1493=CARTESIAN_POINT('',(0.024066560196102,-0.0508966027407096,0.00999999999999999));
#1494=CARTESIAN_POINT('',(0.0321622163172995,-0.0472592883750282,0.015));
#1495=CARTESIAN_POINT('',(0.02770817110157,-0.0449543253782147,0.015));
#1496=CARTESIAN_POINT('',(0.02770817110157,-0.0449543253782147,0.01));
#1497=CARTESIAN_POINT('',(0.0351993700551747,-0.0403521685793799,0.015));
#1498=CARTESIAN_POINT('',(0.0304970281712869,-0.0386169602226657,0.015));
#1499=CARTESIAN_POINT('',(0.0304970281712869,-0.0386169602226657,0.01));
#1500=CARTESIAN_POINT('',(0.0373873399396893,-0.0330383416226594,0.015));
#1501=CARTESIAN_POINT('',(0.0324976096556316,-0.0319207150002606,0.015));
#1502=CARTESIAN_POINT('',(0.0324976096556316,-0.0319207150002606,0.01));
#1503=CARTESIAN_POINT('',(0.0385401267307507,-0.025480186726916,0.015));
#1504=CARTESIAN_POINT('',(0.0335284320505827,-0.0251213035293817,0.015));
#1505=CARTESIAN_POINT('',(0.0335284320505827,-0.0251213035293817,0.01));
#1506=CARTESIAN_POINT('',(0.0383522280419339,-0.0190581724421286,0.015));
#1507=CARTESIAN_POINT('',(0.0333434777712953,-0.019608337202043,0.015));
#1508=CARTESIAN_POINT('',(0.0333434777712952,-0.019608337202043,0.01));
#1509=CARTESIAN_POINT('',(0.0371612148469815,-0.0140968822946069,0.015));
#1510=CARTESIAN_POINT('',(0.0323862668846922,-0.0156615145790839,0.015));
#1511=CARTESIAN_POINT('',(0.0323862668846922,-0.0156615145790839,0.01));
#1512=CARTESIAN_POINT('',(0.0356246823597159,-0.0105619702330455,0.015));
#1513=CARTESIAN_POINT('',(0.0312290103692905,-0.0130305847510843,0.015));
#1514=CARTESIAN_POINT('',(0.0312290103692905,-0.0130305847510843,0.01));
#1515=CARTESIAN_POINT('',(0.0333425483871006,-0.00743131519658299,0.015));
#1516=CARTESIAN_POINT('',(0.029651763311545,-0.0108744210297072,0.015));
#1517=CARTESIAN_POINT('',(0.029651763311545,-0.0108744210297072,0.01));
#1518=CARTESIAN_POINT('',(0.030431386440175,-0.00494701927084137,0.015));
#1519=CARTESIAN_POINT('',(0.0275941956465236,-0.00910636985355668,0.015));
#1520=CARTESIAN_POINT('',(0.0275941956465236,-0.00910636985355668,0.01));
#1521=CARTESIAN_POINT('',(0.0270529624264001,-0.00309060473518292,0.015));
#1522=CARTESIAN_POINT('',(0.0250367189811296,-0.00769004733375042,0.015));
#1523=CARTESIAN_POINT('',(0.0250367189811296,-0.00769004733375042,0.01));
#1524=CARTESIAN_POINT('',(0.0234596157730416,-0.00182115276344792,0.015));
#1525=CARTESIAN_POINT('',(0.0221063341112676,-0.00664658165940305,0.015));
#1526=CARTESIAN_POINT('',(0.0221063341112676,-0.00664658165940305,0.01));
#1527=CARTESIAN_POINT('',(0.0197133810777326,-0.000985170788931702,0.015));
#1528=CARTESIAN_POINT('',(0.0188596944885765,-0.00591786375429508,0.015));
#1529=CARTESIAN_POINT('',(0.0188596944885765,-0.00591786375429508,0.01));
#1530=CARTESIAN_POINT('',(0.01473091876437,-0.000316987616437914,0.015));
#1531=CARTESIAN_POINT('',(0.0143463727592366,-0.00530917733543142,0.015));
#1532=CARTESIAN_POINT('',(0.0143463727592366,-0.00530917733543141,0.01));
#1533=CARTESIAN_POINT('',(0.00845489038776971,-2.93882640182516E-5,0.015));
#1534=CARTESIAN_POINT('',(0.00839146141900321,-0.0050302682950186,0.015));
#1535=CARTESIAN_POINT('',(0.00839146141900321,-0.0050302682950186,0.01));
#1536=CARTESIAN_POINT('',(0.00216410462328316,-5.90771936904422E-5,0.015));
#1537=CARTESIAN_POINT('',(0.00221756777872332,-0.0050588102620012,0.015));
#1538=CARTESIAN_POINT('',(0.00221756777872332,-0.0050588102620012,0.01));
#1539=CARTESIAN_POINT('',(-0.00286984062757539,-8.91848309993546E-5,0.015));
#1540=CARTESIAN_POINT('',(-0.00286303766609051,-0.00508921719018348,0.015));
#1541=CARTESIAN_POINT('',(-0.00286303766609051,-0.00508921719018348,0.01));
#1542=CARTESIAN_POINT('',(-0.00790258058439999,-9.48479336355161E-5,0.015));
#1543=CARTESIAN_POINT('',(-0.00787905868631885,-0.00509474724103168,0.015));
#1544=CARTESIAN_POINT('',(-0.00787905868631885,-0.00509474724103168,0.01));
#1545=CARTESIAN_POINT('',(-0.0141889384815741,-0.000187963425690694,0.015));
#1546=CARTESIAN_POINT('',(-0.0139888714240542,-0.00518738305903589,0.015));
#1547=CARTESIAN_POINT('',(-0.0139888714240542,-0.0051873830590359,0.01));
#1548=CARTESIAN_POINT('',(-0.021688923249394,-0.00083362039365885,0.015));
#1549=CARTESIAN_POINT('',(-0.0209609850666673,-0.00579759664890741,0.015));
#1550=CARTESIAN_POINT('',(-0.0209609850666673,-0.00579759664890741,0.01));
#1551=CARTESIAN_POINT('',(-0.0278769249664599,-0.00236954488697054,0.015));
#1552=CARTESIAN_POINT('',(-0.026239803693722,-0.00714411734002745,0.015));
#1553=CARTESIAN_POINT('',(-0.026239803693722,-0.00714411734002745,0.01));
#1554=CARTESIAN_POINT('',(-0.0324292592943048,-0.00468889419691137,0.015));
#1555=CARTESIAN_POINT('',(-0.0297542582442354,-0.00894878214875774,0.015));
#1556=CARTESIAN_POINT('',(-0.0297542582442354,-0.00894878214875775,0.01));
#1557=CARTESIAN_POINT('',(-0.0354250936028447,-0.00701522982766858,0.015));
#1558=CARTESIAN_POINT('',(-0.031933999372772,-0.0106514322823252,0.015));
#1559=CARTESIAN_POINT('',(-0.031933999372772,-0.0106514322823252,0.01));
#1560=CARTESIAN_POINT('',(-0.037883094121884,-0.00997527607358818,0.015));
#1561=CARTESIAN_POINT('',(-0.0336740594547298,-0.0127424046165256,0.015));
#1562=CARTESIAN_POINT('',(-0.0336740594547298,-0.0127424046165256,0.01));
#1563=CARTESIAN_POINT('',(-0.0396546764793688,-0.0133399722794689,0.015));
#1564=CARTESIAN_POINT('',(-0.0350180081409268,-0.0152726723702925,0.015));
#1565=CARTESIAN_POINT('',(-0.0350180081409268,-0.0152726723702925,0.01));
#1566=CARTESIAN_POINT('',(-0.0408378552670813,-0.0169688969100282,0.015));
#1567=CARTESIAN_POINT('',(-0.0359663990605132,-0.0181645472996017,0.015));
#1568=CARTESIAN_POINT('',(-0.0359663990605132,-0.0181645472996017,0.01));
#1569=CARTESIAN_POINT('',(-0.0414990720091468,-0.0206800796731468,0.015));
#1570=CARTESIAN_POINT('',(-0.0365219024078271,-0.0212592709401329,0.015));
#1571=CARTESIAN_POINT('',(-0.0365219024078271,-0.0212592709401329,0.01));
#1572=CARTESIAN_POINT('',(-0.0417341536748654,-0.0244970072911004,0.015));
#1573=CARTESIAN_POINT('',(-0.0367264392685452,-0.0245460593500519,0.015));
#1574=CARTESIAN_POINT('',(-0.0367264392685452,-0.0245460593500519,0.01));
#1575=CARTESIAN_POINT('',(-0.0415499582178885,-0.0295076033882386,0.015));
#1576=CARTESIAN_POINT('',(-0.0365663386741146,-0.0289558562005827,0.015));
#1577=CARTESIAN_POINT('',(-0.0365663386741146,-0.0289558562005827,0.01));
#1578=CARTESIAN_POINT('',(-0.0407338812971575,-0.0344789955229216,0.015));
#1579=CARTESIAN_POINT('',(-0.0358363394290116,-0.033420935694902,0.015));
#1580=CARTESIAN_POINT('',(-0.0358363394290116,-0.033420935694902,0.01));
#1581=CARTESIAN_POINT('',(-0.0393615691255598,-0.0393565666309106,0.015));
#1582=CARTESIAN_POINT('',(-0.034597430974683,-0.0378244632036303,0.015));
#1583=CARTESIAN_POINT('',(-0.034597430974683,-0.0378244632036303,0.01));
#1584=CARTESIAN_POINT('',(-0.037652071153288,-0.0440727651314686,0.015));
#1585=CARTESIAN_POINT('',(-0.0330527308152619,-0.0420848476122412,0.015));
#1586=CARTESIAN_POINT('',(-0.0330527308152619,-0.0420848476122412,0.01));
#1587=CARTESIAN_POINT('',(-0.0359847750122803,-0.0474575862813639,0.015));
#1588=CARTESIAN_POINT('',(-0.0315590068315099,-0.0451154384823561,0.015));
#1589=CARTESIAN_POINT('',(-0.0315590068315099,-0.0451154384823561,0.01));
#1590=CARTESIAN_POINT('',(-0.0346790455968332,-0.0496319792316869,0.015));
#1591=CARTESIAN_POINT('',(-0.0303923469862773,-0.0470582241885141,0.015));
#1592=CARTESIAN_POINT('',(-0.0303923469862773,-0.0470582241885141,0.01));
#1593=CARTESIAN_POINT('',(-0.0525160500291736,0.0295364286864357,0.015));
#1594=CARTESIAN_POINT('',(-0.0480320774771453,0.0317486651459167,0.015));
#1595=CARTESIAN_POINT('',(-0.0480320774771453,0.0317486651459167,0.01));
#1596=CARTESIAN_POINT('',(-0.0517912005619562,0.0280662004466075,0.015));
#1597=CARTESIAN_POINT('',(-0.0473880246136371,0.0304423318542315,0.015));
#1598=CARTESIAN_POINT('',(-0.0473880246136371,0.0304423318542315,0.01));
#1599=CARTESIAN_POINT('',(-0.0501904424549357,0.0252289759216125,0.015));
#1600=CARTESIAN_POINT('',(-0.0459670767353466,0.0279243965245137,0.015));
#1601=CARTESIAN_POINT('',(-0.0459670767353466,0.0279243965245137,0.01));
#1602=CARTESIAN_POINT('',(-0.0473618251283035,0.0212968360807016,0.015));
#1603=CARTESIAN_POINT('',(-0.0434650871470383,0.0244465972291997,0.015));
#1604=CARTESIAN_POINT('',(-0.0434650871470383,0.0244465972291997,0.01));
#1605=CARTESIAN_POINT('',(-0.0440782270222425,0.0176753942882531,0.015));
#1606=CARTESIAN_POINT('',(-0.040566941108832,0.0212516155515992,0.015));
#1607=CARTESIAN_POINT('',(-0.040566941108832,0.0212516155515992,0.01));
#1608=CARTESIAN_POINT('',(-0.0403664824983694,0.0144446861503659,0.015));
#1609=CARTESIAN_POINT('',(-0.0373087385097454,0.0184146921900377,0.015));
#1610=CARTESIAN_POINT('',(-0.0373087385097454,0.0184146921900377,0.01));
#1611=CARTESIAN_POINT('',(-0.0363684411184836,0.0117016138061853,0.015));
#1612=CARTESIAN_POINT('',(-0.0337515000573501,0.0159717180361805,0.015));
#1613=CARTESIAN_POINT('',(-0.0337515000573501,0.0159717180361805,0.01));
#1614=CARTESIAN_POINT('',(-0.0320811183366699,0.00934676318742489,0.015));
#1615=CARTESIAN_POINT('',(-0.0298778495997696,0.0138424862194117,0.015));
#1616=CARTESIAN_POINT('',(-0.0298778495997696,0.0138424862194117,0.01));
#1617=CARTESIAN_POINT('',(-0.0275885430078974,0.00737985339034036,0.015));
#1618=CARTESIAN_POINT('',(-0.0257706739229931,0.0120432747090825,0.015));
#1619=CARTESIAN_POINT('',(-0.0257706739229931,0.0120432747090825,0.01));
#1620=CARTESIAN_POINT('',(-0.0214857880571341,0.00526600485506856,0.015));
#1621=CARTESIAN_POINT('',(-0.0201393229037582,0.0100916688408814,0.015));
#1622=CARTESIAN_POINT('',(-0.0201393229037582,0.0100916688408814,0.01));
#1623=CARTESIAN_POINT('',(-0.0136080598525238,0.0034431632819475,0.015));
#1624=CARTESIAN_POINT('',(-0.0127955318357079,0.00838968985626579,0.015));
#1625=CARTESIAN_POINT('',(-0.0127955318357079,0.0083896898562658,0.01));
#1626=CARTESIAN_POINT('',(-0.00384546098895111,0.00244509570216905,0.015));
#1627=CARTESIAN_POINT('',(-0.00363254982256193,0.00745192700911676,0.015));
#1628=CARTESIAN_POINT('',(-0.00363254982256193,0.00745192700911676,0.01));
#1629=CARTESIAN_POINT('',(0.00582545109543897,0.00259463710123055,0.015));
#1630=CARTESIAN_POINT('',(0.00545550908216244,0.00759285508042231,0.015));
#1631=CARTESIAN_POINT('',(0.00545550908216244,0.00759285508042231,0.01));
#1632=CARTESIAN_POINT('',(0.0155553074482718,0.00392025901739062,0.015));
#1633=CARTESIAN_POINT('',(0.0145626676277096,0.00883534602576332,0.015));
#1634=CARTESIAN_POINT('',(0.0145626676277096,0.00883534602576332,0.01));
#1635=CARTESIAN_POINT('',(0.0233510171720857,0.00606523948455659,0.015));
#1636=CARTESIAN_POINT('',(0.0217880652905178,0.0108275290769613,0.015));
#1637=CARTESIAN_POINT('',(0.0217880652905178,0.0108275290769613,0.01));
#1638=CARTESIAN_POINT('',(0.029359638239361,0.00849743897545232,0.015));
#1639=CARTESIAN_POINT('',(0.0272859485508957,0.0130539045411039,0.015));
#1640=CARTESIAN_POINT('',(0.0272859485508957,0.0130539045411039,0.01));
#1641=CARTESIAN_POINT('',(0.0352038777771797,0.011485189844708,0.015));
#1642=CARTESIAN_POINT('',(0.0325796059095373,0.0157635560497149,0.015));
#1643=CARTESIAN_POINT('',(0.0325796059095373,0.0157635560497149,0.00999999999999999));
#1644=CARTESIAN_POINT('',(0.0404439580690328,0.0152393696920617,0.015));
#1645=CARTESIAN_POINT('',(0.0372075530871846,0.0190834618863208,0.015));
#1646=CARTESIAN_POINT('',(0.0372075530871846,0.0190834618863208,0.01));
#1647=CARTESIAN_POINT('',(0.0450616040596678,0.0199217239600214,0.015));
#1648=CARTESIAN_POINT('',(0.0413071041681471,0.023238429192049,0.015));
#1649=CARTESIAN_POINT('',(0.0413071041681471,0.023238429192049,0.01));
#1650=CARTESIAN_POINT('',(0.0480822748072247,0.0237352500049727,0.015));
#1651=CARTESIAN_POINT('',(0.0439990630159118,0.0266365160455577,0.015));
#1652=CARTESIAN_POINT('',(0.0439990630159118,0.0266365160455577,0.01));
#1653=CARTESIAN_POINT('',(0.05068501488877,0.0278260903273453,0.015));
#1654=CARTESIAN_POINT('',(0.0463264579615211,0.0302939091513345,0.015));
#1655=CARTESIAN_POINT('',(0.0463264579615211,0.0302939091513345,0.01));
#1656=CARTESIAN_POINT('',(0.052887934328555,0.0322258312276173,0.015));
#1657=CARTESIAN_POINT('',(0.0483004856200548,0.0342362128633973,0.015));
#1658=CARTESIAN_POINT('',(0.0483004856200548,0.0342362128633973,0.01));
#1659=CARTESIAN_POINT('',(0.0546155369740276,0.0367878075421735,0.015));
#1660=CARTESIAN_POINT('',(0.0498484055664858,0.0383241180161317,0.015));
#1661=CARTESIAN_POINT('',(0.0498484055664858,0.0383241180161317,0.01));
#1662=CARTESIAN_POINT('',(0.0558639339429352,0.0414676159139548,0.015));
#1663=CARTESIAN_POINT('',(0.0509631962754126,0.0425051528506201,0.015));
#1664=CARTESIAN_POINT('',(0.0509631962754125,0.0425051528506201,0.01));
#1665=CARTESIAN_POINT('',(0.0566179905814343,0.0463117045762039,0.015));
#1666=CARTESIAN_POINT('',(0.0516307990023845,0.0468018541176717,0.015));
#1667=CARTESIAN_POINT('',(0.0516307990023844,0.0468018541176717,0.01));
#1668=CARTESIAN_POINT('',(0.0568022862146956,0.0512173390008751,0.015));
#1669=CARTESIAN_POINT('',(0.0517898842580676,0.0510943688692026,0.015));
#1670=CARTESIAN_POINT('',(0.0517898842580676,0.0510943688692026,0.01));
#1671=CARTESIAN_POINT('',(0.0563528639662231,0.0560731542437774,0.015));
#1672=CARTESIAN_POINT('',(0.0514009988981745,0.0552502622307638,0.015));
#1673=CARTESIAN_POINT('',(0.0514009988981745,0.0552502622307638,0.01));
#1674=CARTESIAN_POINT('',(0.0553415365488819,0.0600756076300132,0.015));
#1675=CARTESIAN_POINT('',(0.050559486183573,0.0585563233198006,0.015));
#1676=CARTESIAN_POINT('',(0.050559486183573,0.0585563233198006,0.00999999999999999));
#1677=CARTESIAN_POINT('',(0.0541037218021938,0.0630934920568821,0.015));
#1678=CARTESIAN_POINT('',(0.0495713788614247,0.0609597305609311,0.015));
#1679=CARTESIAN_POINT('',(0.0495713788614247,0.0609597305609311,0.01));
#1680=CARTESIAN_POINT('',(0.0525315223691123,0.0660007120803576,0.015));
#1681=CARTESIAN_POINT('',(0.0483536522009005,0.0632085400684419,0.015));
#1682=CARTESIAN_POINT('',(0.0483536522009005,0.0632085400684419,0.01));
#1683=CARTESIAN_POINT('',(0.0500361963209036,0.0691903608531422,0.015));
#1684=CARTESIAN_POINT('',(0.0464322721916476,0.0656685693725758,0.015));
#1685=CARTESIAN_POINT('',(0.0464322721916476,0.0656685693725758,0.01));
#1686=CARTESIAN_POINT('',(0.0462184198219549,0.0723596013042136,0.015));
#1687=CARTESIAN_POINT('',(0.0434083855566385,0.0681894538061778,0.015));
#1688=CARTESIAN_POINT('',(0.0434083855566385,0.0681894538061778,0.01));
#1689=CARTESIAN_POINT('',(0.0419355674407016,0.0747435004343801,0.015));
#1690=CARTESIAN_POINT('',(0.0398407654667452,0.0701855322590115,0.015));
#1691=CARTESIAN_POINT('',(0.0398407654667452,0.0701855322590115,0.01));
#1692=CARTESIAN_POINT('',(0.0373459079774992,0.0765052521094379,0.015));
#1693=CARTESIAN_POINT('',(0.0358247056747973,0.0717329351223386,0.015));
#1694=CARTESIAN_POINT('',(0.0358247056747973,0.0717329351223385,0.01));
#1695=CARTESIAN_POINT('',(0.0310928630388233,0.0781850802147165,0.015));
#1696=CARTESIAN_POINT('',(0.0301348133717533,0.0732666811464094,0.015));
#1697=CARTESIAN_POINT('',(0.0301348133717533,0.0732666811464094,0.01));
#1698=CARTESIAN_POINT('',(0.0230100659137239,0.0794218048597617,0.015));
#1699=CARTESIAN_POINT('',(0.0224544252988846,0.0744511427530008,0.015));
#1700=CARTESIAN_POINT('',(0.0224544252988845,0.0744511427530008,0.01));
#1701=CARTESIAN_POINT('',(0.0133207181660541,0.0803541478566483,0.015));
#1702=CARTESIAN_POINT('',(0.0129175859991169,0.0753693595047907,0.015));
#1703=CARTESIAN_POINT('',(0.0129175859991169,0.0753693595047907,0.01));
#1704=CARTESIAN_POINT('',(0.00361368477563993,0.0809116201083246,0.015));
#1705=CARTESIAN_POINT('',(0.00344947098384168,0.0759122398928695,0.015));
#1706=CARTESIAN_POINT('',(0.00344947098384168,0.0759122398928695,0.01));
#1707=CARTESIAN_POINT('',(-0.00610487817046668,0.0809903055893264,0.015));
#1708=CARTESIAN_POINT('',(-0.00601678624835343,0.0759883619474124,0.015));
#1709=CARTESIAN_POINT('',(-0.00601678624835343,0.0759883619474123,0.01));
#1710=CARTESIAN_POINT('',(-0.0158405513571675,0.0805261418305609,0.015));
#1711=CARTESIAN_POINT('',(-0.0154384014851417,0.0755391048182483,0.015));
#1712=CARTESIAN_POINT('',(-0.0154384014851417,0.0755391048182483,0.01));
#1713=CARTESIAN_POINT('',(-0.0255903254764137,0.0794186456610209,0.015));
#1714=CARTESIAN_POINT('',(-0.0248680984418676,0.074466415810914,0.015));
#1715=CARTESIAN_POINT('',(-0.0248680984418676,0.074466415810914,0.01));
#1716=CARTESIAN_POINT('',(-0.0335362047381531,0.0778350946633224,0.015));
#1717=CARTESIAN_POINT('',(-0.032316922098923,0.0729699192848075,0.015));
#1718=CARTESIAN_POINT('',(-0.032316922098923,0.0729699192848074,0.01));
#1719=CARTESIAN_POINT('',(-0.0397027043348863,0.0757307378620325,0.015));
#1720=CARTESIAN_POINT('',(-0.0378235765104103,0.0710838443552904,0.015));
#1721=CARTESIAN_POINT('',(-0.0378235765104103,0.0710838443552904,0.01));
#1722=CARTESIAN_POINT('',(-0.0441866108940926,0.0735543161183327,0.015));
#1723=CARTESIAN_POINT('',(-0.0416691528514297,0.0692103897720031,0.015));
#1724=CARTESIAN_POINT('',(-0.0416691528514297,0.0692103897720031,0.01));
#1725=CARTESIAN_POINT('',(-0.0475395116380813,0.0712115186582272,0.015));
#1726=CARTESIAN_POINT('',(-0.0444183603442215,0.0672816664943927,0.015));
#1727=CARTESIAN_POINT('',(-0.0444183603442215,0.0672816664943927,0.01));
#1728=CARTESIAN_POINT('',(-0.0499674695692765,0.0689327497079627,0.015));
#1729=CARTESIAN_POINT('',(-0.0463598999005344,0.065458440973267,0.015));
#1730=CARTESIAN_POINT('',(-0.0463598999005344,0.065458440973267,0.01));
#1731=CARTESIAN_POINT('',(-0.0521104278668033,0.0664655362265363,0.015));
#1732=CARTESIAN_POINT('',(-0.048054462260528,0.0635056773246833,0.015));
#1733=CARTESIAN_POINT('',(-0.048054462260528,0.0635056773246833,0.01));
#1734=CARTESIAN_POINT('',(-0.0538549905440045,0.0636883067880445,0.015));
#1735=CARTESIAN_POINT('',(-0.0494227423128355,0.0613311522427261,0.015));
#1736=CARTESIAN_POINT('',(-0.0494227423128355,0.0613311522427261,0.01));
#1737=CARTESIAN_POINT('',(-0.0551699817949026,0.0606321974093732,0.015));
#1738=CARTESIAN_POINT('',(-0.050481999385611,0.0588736451424701,0.015));
#1739=CARTESIAN_POINT('',(-0.050481999385611,0.0588736451424701,0.01));
#1740=CARTESIAN_POINT('',(-0.0561867228761553,0.0575133414657911,0.015));
#1741=CARTESIAN_POINT('',(-0.0513217709419689,0.0563022383512833,0.015));
#1742=CARTESIAN_POINT('',(-0.0513217709419689,0.0563022383512834,0.01));
#1743=CARTESIAN_POINT('',(-0.0569771699273279,0.0534290380473378,0.015));
#1744=CARTESIAN_POINT('',(-0.0519955409468281,0.0528417396233295,0.015));
#1745=CARTESIAN_POINT('',(-0.051995540946828,0.0528417396233295,0.01));
#1746=CARTESIAN_POINT('',(-0.0572268562914342,0.0485226547032327,0.015));
#1747=CARTESIAN_POINT('',(-0.0522149381514537,0.0485816144055614,0.015));
#1748=CARTESIAN_POINT('',(-0.0522149381514537,0.0485816144055614,0.01));
#1749=CARTESIAN_POINT('',(-0.0568806913623734,0.043622782401401,0.015));
#1750=CARTESIAN_POINT('',(-0.0519114248946079,0.0442673588156181,0.015));
#1751=CARTESIAN_POINT('',(-0.0519114248946079,0.0442673588156181,0.01));
#1752=CARTESIAN_POINT('',(-0.055962843564055,0.0387340295399341,0.015));
#1753=CARTESIAN_POINT('',(-0.0510977206520505,0.0399299249146328,0.015));
#1754=CARTESIAN_POINT('',(-0.0510977206520505,0.0399299249146328,0.01));
#1755=CARTESIAN_POINT('',(-0.05453953925824,0.0340503453605817,0.015));
#1756=CARTESIAN_POINT('',(-0.0498313939163958,0.0357623962746246,0.015));
#1757=CARTESIAN_POINT('',(-0.0498313939163958,0.0357623962746246,0.01));
#1758=CARTESIAN_POINT('',(-0.053240899496391,0.0310066569262639,0.015));
#1759=CARTESIAN_POINT('',(-0.0486761303406535,0.0330549984376018,0.015));
#1760=CARTESIAN_POINT('',(-0.0486761303406535,0.0330549984376018,0.01));
#1761=CARTESIAN_POINT('',(-0.0525160500291736,0.0295364286864357,0.015));
#1762=CARTESIAN_POINT('',(-0.0480320774771453,0.0317486651459167,0.015));
#1763=CARTESIAN_POINT('',(-0.0480320774771453,0.0317486651459167,0.01));
#1764=CARTESIAN_POINT('',(-0.0297965678303104,0.0798420753475709,0.015));
#1765=CARTESIAN_POINT('',(-0.0309577353018118,0.0847053756779152,0.015));
#1766=CARTESIAN_POINT('',(-0.0309577353018118,0.0847053756779152,0.01));
#1767=CARTESIAN_POINT('',(-0.0286172187450445,0.080123512660988,0.015));
#1768=CARTESIAN_POINT('',(-0.0297042111580565,0.0850044955846831,0.015));
#1769=CARTESIAN_POINT('',(-0.0297042111580565,0.085004495584683,0.01));
#1770=CARTESIAN_POINT('',(-0.0262348804780153,0.0806350944355481,0.015));
#1771=CARTESIAN_POINT('',(-0.0271822473613171,0.0855458698653153,0.015));
#1772=CARTESIAN_POINT('',(-0.0271822473613171,0.0855458698653153,0.01));
#1773=CARTESIAN_POINT('',(-0.0214825071804192,0.0814583169696055,0.015));
#1774=CARTESIAN_POINT('',(-0.022186641802279,0.0864109406819633,0.015));
#1775=CARTESIAN_POINT('',(-0.022186641802279,0.0864109406819633,0.01));
#1776=CARTESIAN_POINT('',(-0.0131341450152991,0.0824611432734252,0.015));
#1777=CARTESIAN_POINT('',(-0.0134840177599901,0.0874544653313285,0.015));
#1778=CARTESIAN_POINT('',(-0.0134840177599901,0.0874544653313284,0.01));
#1779=CARTESIAN_POINT('',(-0.00116595400214189,0.082935935556146,0.015));
#1780=CARTESIAN_POINT('',(-0.00119689838012385,0.0879389504274505,0.015));
#1781=CARTESIAN_POINT('',(-0.00119689838012385,0.0879389504274505,0.01));
#1782=CARTESIAN_POINT('',(0.0108416276497759,0.0826153758150202,0.015));
#1783=CARTESIAN_POINT('',(0.0111213674106659,0.08761247797845,0.015));
#1784=CARTESIAN_POINT('',(0.0111213674106659,0.0876124779784499,0.00999999999999999));
#1785=CARTESIAN_POINT('',(0.0204864502438172,0.08162942477864,0.015));
#1786=CARTESIAN_POINT('',(0.0211396454019525,0.086589848241003,0.015));
#1787=CARTESIAN_POINT('',(0.0211396454019525,0.0865898482410031,0.01));
#1788=CARTESIAN_POINT('',(0.0276203476379269,0.0804470079746098,0.015));
#1789=CARTESIAN_POINT('',(0.0286168570171877,0.0853518824910429,0.015));
#1790=CARTESIAN_POINT('',(0.0286168570171878,0.0853518824910429,0.01));
#1791=CARTESIAN_POINT('',(0.0346903245821455,0.0786899932501795,0.015));
#1792=CARTESIAN_POINT('',(0.0361263945188634,0.0834884770255356,0.015));
#1793=CARTESIAN_POINT('',(0.0361263945188634,0.0834884770255355,0.01));
#1794=CARTESIAN_POINT('',(0.0414742141529429,0.0762311063520731,0.015));
#1795=CARTESIAN_POINT('',(0.0434695333059127,0.080832129697768,0.015));
#1796=CARTESIAN_POINT('',(0.0434695333059127,0.0808321296977681,0.01));
#1797=CARTESIAN_POINT('',(0.0467894830065819,0.0734374758477159,0.015));
#1798=CARTESIAN_POINT('',(0.0493779591045296,0.0777361671059264,0.015));
#1799=CARTESIAN_POINT('',(0.0493779591045297,0.0777361671059264,0.01));
#1800=CARTESIAN_POINT('',(0.0507567773016191,0.0705717715901623,0.015));
#1801=CARTESIAN_POINT('',(0.0538985391224925,0.0744741234865532,0.015));
#1802=CARTESIAN_POINT('',(0.0538985391224925,0.0744741234865533,0.01));
#1803=CARTESIAN_POINT('',(0.0534377119584763,0.0681518348016561,0.015));
#1804=CARTESIAN_POINT('',(0.0570035759998301,0.0716733026184839,0.015));
#1805=CARTESIAN_POINT('',(0.0570035759998301,0.0716733026184839,0.01));
#1806=CARTESIAN_POINT('',(0.0558292520110792,0.065417079548623,0.015));
#1807=CARTESIAN_POINT('',(0.0598071909604612,0.0684707336648709,0.015));
#1808=CARTESIAN_POINT('',(0.0598071909604613,0.0684707336648709,0.01));
#1809=CARTESIAN_POINT('',(0.0585413671398698,0.0613398208325129,0.015));
#1810=CARTESIAN_POINT('',(0.0630110029245246,0.0636496558643187,0.015));
#1811=CARTESIAN_POINT('',(0.0630110029245246,0.0636496558643187,0.01));
#1812=CARTESIAN_POINT('',(0.0604404825725737,0.0568991031675543,0.015));
#1813=CARTESIAN_POINT('',(0.0651567316711245,0.0585952939344933,0.015));
#1814=CARTESIAN_POINT('',(0.0651567316711246,0.0585952939344933,0.01));
#1815=CARTESIAN_POINT('',(0.0617911760488,0.0522140836826223,0.015));
#1816=CARTESIAN_POINT('',(0.0666481866122949,0.0534188836563672,0.015));
#1817=CARTESIAN_POINT('',(0.0666481866122949,0.0534188836563672,0.01));
#1818=CARTESIAN_POINT('',(0.0627956246655208,0.0475039180629216,0.015));
#1819=CARTESIAN_POINT('',(0.0677394794898948,0.0482944723440804,0.015));
#1820=CARTESIAN_POINT('',(0.0677394794898948,0.0482944723440805,0.01));
#1821=CARTESIAN_POINT('',(0.0635362204537084,0.0415381717027168,0.015));
#1822=CARTESIAN_POINT('',(0.0685274541960704,0.0419211104187414,0.015));
#1823=CARTESIAN_POINT('',(0.0685274541960704,0.0419211104187414,0.01));
#1824=CARTESIAN_POINT('',(0.0638091996874425,0.0342651498720521,0.015));
#1825=CARTESIAN_POINT('',(0.0688128084683922,0.0342727919646758,0.015));
#1826=CARTESIAN_POINT('',(0.0688128084683922,0.0342727919646757,0.01));
#1827=CARTESIAN_POINT('',(0.0635292960767094,0.0246452384916732,0.015));
#1828=CARTESIAN_POINT('',(0.0685201642717259,0.0242634850518908,0.015));
#1829=CARTESIAN_POINT('',(0.0685201642717259,0.0242634850518908,0.01));
#1830=CARTESIAN_POINT('',(0.0622535894199043,0.0127808404270646,0.015));
#1831=CARTESIAN_POINT('',(0.0672040598353568,0.0120507157550465,0.015));
#1832=CARTESIAN_POINT('',(0.0672040598353568,0.0120507157550465,0.01));
#1833=CARTESIAN_POINT('',(0.0601325985139653,0.00105201567236125,0.015));
#1834=CARTESIAN_POINT('',(0.0650355654455545,6.42580259301512E-5,0.015));
#1835=CARTESIAN_POINT('',(0.0650355654455545,6.4258025930148E-5,0.01));
#1836=CARTESIAN_POINT('',(0.0580338390636168,-0.00826685776829741,0.015));
#1837=CARTESIAN_POINT('',(0.06289763673941,-0.00942834163851275,0.015));
#1838=CARTESIAN_POINT('',(0.06289763673941,-0.00942834163851275,0.01));
#1839=CARTESIAN_POINT('',(0.0557021579383009,-0.0175398429402908,0.015));
#1840=CARTESIAN_POINT('',(0.0605237162855443,-0.0188687151639394,0.015));
#1841=CARTESIAN_POINT('',(0.0605237162855443,-0.0188687151639393,0.01));
#1842=CARTESIAN_POINT('',(0.0528775121912847,-0.0267779271606208,0.015));
#1843=CARTESIAN_POINT('',(0.0576059818870559,-0.0284371195180884,0.015));
#1844=CARTESIAN_POINT('',(0.0576059818870559,-0.0284371195180884,0.01));
#1845=CARTESIAN_POINT('',(0.0490976541708579,-0.0355542239729008,0.015));
#1846=CARTESIAN_POINT('',(0.0536043678771625,-0.0377374525770878,0.015));
#1847=CARTESIAN_POINT('',(0.0536043678771625,-0.0377374525770878,0.01));
#1848=CARTESIAN_POINT('',(0.0456476483001886,-0.0418429614755244,0.015));
#1849=CARTESIAN_POINT('',(0.0499044275496821,-0.0444856431585725,0.015));
#1850=CARTESIAN_POINT('',(0.0499044275496821,-0.0444856431585725,0.01));
#1851=CARTESIAN_POINT('',(0.0414655965817968,-0.0478055781482484,0.015));
#1852=CARTESIAN_POINT('',(0.0454012148857212,-0.0509042934770453,0.015));
#1853=CARTESIAN_POINT('',(0.0454012148857212,-0.0509042934770453,0.01));
#1854=CARTESIAN_POINT('',(0.0367562908957192,-0.0532145645302593,0.015));
#1855=CARTESIAN_POINT('',(0.0403805549416454,-0.0566683564662288,0.015));
#1856=CARTESIAN_POINT('',(0.0403805549416454,-0.0566683564662288,0.01));
#1857=CARTESIAN_POINT('',(0.031598837510994,-0.058180411540906,0.015));
#1858=CARTESIAN_POINT('',(0.034909387033917,-0.0619361247300584,0.015));
#1859=CARTESIAN_POINT('',(0.034909387033917,-0.0619361247300584,0.01));
#1860=CARTESIAN_POINT('',(0.0259605697564049,-0.0627125205519765,0.015));
#1861=CARTESIAN_POINT('',(0.0289107663714921,-0.0667591979029775,0.015));
#1862=CARTESIAN_POINT('',(0.0289107663714921,-0.0667591979029775,0.01));
#1863=CARTESIAN_POINT('',(0.0199029810276561,-0.0666714671372903,0.015));
#1864=CARTESIAN_POINT('',(0.0224180648212947,-0.0710047386814419,0.015));
#1865=CARTESIAN_POINT('',(0.0224180648212947,-0.0710047386814419,0.01));
#1866=CARTESIAN_POINT('',(0.0145609153638424,-0.0693626238003253,0.015));
#1867=CARTESIAN_POINT('',(0.016618350821328,-0.0739303258217214,0.015));
#1868=CARTESIAN_POINT('',(0.016618350821328,-0.0739303258217214,0.01));
#1869=CARTESIAN_POINT('',(0.0100235418681429,-0.0710822953121382,0.015));
#1870=CARTESIAN_POINT('',(0.0116176218135333,-0.0758268690528097,0.015));
#1871=CARTESIAN_POINT('',(0.0116176218135333,-0.0758268690528097,0.01));
#1872=CARTESIAN_POINT('',(0.00654798055860806,-0.072092804204942,0.015));
#1873=CARTESIAN_POINT('',(0.00774100121515002,-0.0769550422089866,0.015));
#1874=CARTESIAN_POINT('',(0.00774100121515002,-0.0769550422089867,0.00999999999999999));
#1875=CARTESIAN_POINT('',(0.00302013210338938,-0.0727882836852739,0.015));
#1876=CARTESIAN_POINT('',(0.00375461931131933,-0.0777423268272026,0.015));
#1877=CARTESIAN_POINT('',(0.00375461931131933,-0.0777423268272026,0.01));
#1878=CARTESIAN_POINT('',(-0.000581642028266187,-0.0731348794925623,0.015));
#1879=CARTESIAN_POINT('',(-0.000377761916738704,-0.0781416348955318,0.015));
#1880=CARTESIAN_POINT('',(-0.000377761916738705,-0.0781416348955318,0.01));
#1881=CARTESIAN_POINT('',(-0.0042354888676394,-0.0730677284324057,0.015));
#1882=CARTESIAN_POINT('',(-0.00461009584100606,-0.0780636287224435,0.015));
#1883=CARTESIAN_POINT('',(-0.00461009584100606,-0.0780636287224435,0.01));
#1884=CARTESIAN_POINT('',(-0.00779516564166434,-0.0726183914045212,0.015));
#1885=CARTESIAN_POINT('',(-0.00865995845596305,-0.0775502213956856,0.015));
#1886=CARTESIAN_POINT('',(-0.00865995845596305,-0.0775502213956856,0.01));
#1887=CARTESIAN_POINT('',(-0.0112999064114961,-0.0718394728005742,0.015));
#1888=CARTESIAN_POINT('',(-0.0125998694093575,-0.0766737338492579,0.015));
#1889=CARTESIAN_POINT('',(-0.0125998694093575,-0.0766737338492579,0.01));
#1890=CARTESIAN_POINT('',(-0.0147614285442958,-0.0707564999069303,0.015));
#1891=CARTESIAN_POINT('',(-0.0164423344796083,-0.0754704903778886,0.015));
#1892=CARTESIAN_POINT('',(-0.0164423344796083,-0.0754704903778886,0.01));
#1893=CARTESIAN_POINT('',(-0.0181293410353369,-0.0694153364137773,0.015));
#1894=CARTESIAN_POINT('',(-0.0201413922066014,-0.0739967595552303,0.015));
#1895=CARTESIAN_POINT('',(-0.0201413922066014,-0.0739967595552304,0.01));
#1896=CARTESIAN_POINT('',(-0.0224471993748838,-0.0673487687277858,0.015));
#1897=CARTESIAN_POINT('',(-0.0248417507052264,-0.0717463180766253,0.015));
#1898=CARTESIAN_POINT('',(-0.0248417507052264,-0.0717463180766252,0.01));
#1899=CARTESIAN_POINT('',(-0.0275794062471424,-0.0642961313653798,0.015));
#1900=CARTESIAN_POINT('',(-0.0303683975571996,-0.068456593582395,0.015));
#1901=CARTESIAN_POINT('',(-0.0303683975571996,-0.068456593582395,0.01));
#1902=CARTESIAN_POINT('',(-0.033397284229809,-0.059961935928276,0.015));
#1903=CARTESIAN_POINT('',(-0.036580219629799,-0.0638275850693831,0.015));
#1904=CARTESIAN_POINT('',(-0.036580219629799,-0.0638275850693831,0.01));
#1905=CARTESIAN_POINT('',(-0.0387336288494156,-0.0551338539010628,0.015));
#1906=CARTESIAN_POINT('',(-0.0422570926584018,-0.0586909282367503,0.015));
#1907=CARTESIAN_POINT('',(-0.0422570926584018,-0.0586909282367503,0.01));
#1908=CARTESIAN_POINT('',(-0.0435972094901091,-0.0498541071678521,0.015));
#1909=CARTESIAN_POINT('',(-0.0474434635536572,-0.0530631412882121,0.015));
#1910=CARTESIAN_POINT('',(-0.0474434635536572,-0.0530631412882121,0.01));
#1911=CARTESIAN_POINT('',(-0.0479364625479725,-0.0440184212269904,0.015));
#1912=CARTESIAN_POINT('',(-0.0521230751158528,-0.0467724477135266,0.015));
#1913=CARTESIAN_POINT('',(-0.0521230751158528,-0.0467724477135266,0.01));
#1914=CARTESIAN_POINT('',(-0.0515179285913353,-0.037831222835226,0.015));
#1915=CARTESIAN_POINT('',(-0.055983831445046,-0.0401005123059443,0.015));
#1916=CARTESIAN_POINT('',(-0.055983831445046,-0.0401005123059443,0.01));
#1917=CARTESIAN_POINT('',(-0.0553999374080126,-0.0291430889723393,0.015));
#1918=CARTESIAN_POINT('',(-0.060126942848067,-0.030819023612114,0.015));
#1919=CARTESIAN_POINT('',(-0.060126942848067,-0.030819023612114,0.01));
#1920=CARTESIAN_POINT('',(-0.0581673286724905,-0.0198898505753481,0.015));
#1921=CARTESIAN_POINT('',(-0.0630104272733452,-0.0211454764987788,0.015));
#1922=CARTESIAN_POINT('',(-0.0630104272733452,-0.0211454764987788,0.01));
#1923=CARTESIAN_POINT('',(-0.0602561822503089,-0.0105836620369479,0.015));
#1924=CARTESIAN_POINT('',(-0.0651538881474585,-0.0115943805369492,0.015));
#1925=CARTESIAN_POINT('',(-0.0651538881474585,-0.0115943805369493,0.01));
#1926=CARTESIAN_POINT('',(-0.062042372308315,-0.00122041379834284,0.015));
#1927=CARTESIAN_POINT('',(-0.0669781241299626,-0.00203042483633993,0.015));
#1928=CARTESIAN_POINT('',(-0.0669781241299626,-0.00203042483633994,0.01));
#1929=CARTESIAN_POINT('',(-0.0633799021731318,0.00821316039236008,0.015));
#1930=CARTESIAN_POINT('',(-0.0683479189789557,0.0076249503024206,0.015));
#1931=CARTESIAN_POINT('',(-0.0683479189789558,0.00762495030242061,0.01));
#1932=CARTESIAN_POINT('',(-0.0641981906390351,0.0177239677133595,0.015));
#1933=CARTESIAN_POINT('',(-0.0691888456497212,0.0173954835571959,0.015));
#1934=CARTESIAN_POINT('',(-0.0691888456497212,0.0173954835571958,0.01));
#1935=CARTESIAN_POINT('',(-0.0645126027225392,0.0249198261201467,0.015));
#1936=CARTESIAN_POINT('',(-0.0695135733783479,0.0248179587738573,0.015));
#1937=CARTESIAN_POINT('',(-0.0695135733783479,0.0248179587738574,0.01));
#1938=CARTESIAN_POINT('',(-0.0644710244886784,0.0321114971371913,0.015));
#1939=CARTESIAN_POINT('',(-0.0694710946010368,0.0322786746709039,0.015));
#1940=CARTESIAN_POINT('',(-0.0694710946010368,0.0322786746709039,0.01));
#1941=CARTESIAN_POINT('',(-0.0640059219783278,0.0392435735329539,0.015));
#1942=CARTESIAN_POINT('',(-0.0689858787336366,0.0397384158306668,0.015));
#1943=CARTESIAN_POINT('',(-0.0689858787336366,0.0397384158306668,0.01));
#1944=CARTESIAN_POINT('',(-0.0630171379509044,0.0463135839827611,0.015));
#1945=CARTESIAN_POINT('',(-0.0679412648443775,0.0472222344485353,0.015));
#1946=CARTESIAN_POINT('',(-0.0679412648443775,0.0472222344485353,0.01));
#1947=CARTESIAN_POINT('',(-0.0616227398233921,0.0521459101564398,0.015));
#1948=CARTESIAN_POINT('',(-0.0664431120941298,0.0535079382067083,0.015));
#1949=CARTESIAN_POINT('',(-0.0664431120941299,0.0535079382067083,0.01));
#1950=CARTESIAN_POINT('',(-0.0600226528969163,0.0567348633707025,0.015));
#1951=CARTESIAN_POINT('',(-0.0646827406794919,0.0585615560211571,0.015));
#1952=CARTESIAN_POINT('',(-0.0646827406794919,0.0585615560211571,0.01));
#1953=CARTESIAN_POINT('',(-0.0585660262928124,0.0600296574703958,0.015));
#1954=CARTESIAN_POINT('',(-0.0630521977961494,0.0622541970341089,0.015));
#1955=CARTESIAN_POINT('',(-0.0630521977961494,0.0622541970341089,0.01));
#1956=CARTESIAN_POINT('',(-0.0568094850385819,0.0631683174595074,0.015));
#1957=CARTESIAN_POINT('',(-0.0610407104080862,0.0658535056590332,0.015));
#1958=CARTESIAN_POINT('',(-0.0610407104080862,0.0658535056590332,0.01));
#1959=CARTESIAN_POINT('',(-0.0546585331814345,0.0661380479072815,0.015));
#1960=CARTESIAN_POINT('',(-0.0585308707040837,0.0693204845897007,0.015));
#1961=CARTESIAN_POINT('',(-0.0585308707040837,0.0693204845897007,0.01));
#1962=CARTESIAN_POINT('',(-0.0522030968067063,0.0687921263817793,0.015));
#1963=CARTESIAN_POINT('',(-0.0556826718850215,0.0723969973136999,0.015));
#1964=CARTESIAN_POINT('',(-0.0556826718850215,0.0723969973137,0.01));
#1965=CARTESIAN_POINT('',(-0.0494892438461931,0.0711400173636744,0.015));
#1966=CARTESIAN_POINT('',(-0.0525613356703296,0.075096077172782,0.015));
#1967=CARTESIAN_POINT('',(-0.0525613356703296,0.0750960771727819,0.01));
#1968=CARTESIAN_POINT('',(-0.0465289708121047,0.0732138845629811,0.015));
#1969=CARTESIAN_POINT('',(-0.0492009124145393,0.0774484739976909,0.015));
#1970=CARTESIAN_POINT('',(-0.0492009124145393,0.0774484739976908,0.01));
#1971=CARTESIAN_POINT('',(-0.0422999199620034,0.0756264040062352,0.015));
#1972=CARTESIAN_POINT('',(-0.0444692113893285,0.0801456691805603,0.015));
#1973=CARTESIAN_POINT('',(-0.0444692113893285,0.0801456691805603,0.01));
#1974=CARTESIAN_POINT('',(-0.0367781019559151,0.0779482800579723,0.015));
#1975=CARTESIAN_POINT('',(-0.0384192181274275,0.0826831941056947,0.015));
#1976=CARTESIAN_POINT('',(-0.0384192181274275,0.0826831941056947,0.01));
#1977=CARTESIAN_POINT('',(-0.032155266000842,0.0792792007207367,0.015));
#1978=CARTESIAN_POINT('',(-0.0334647835893222,0.0841071358643795,0.015));
#1979=CARTESIAN_POINT('',(-0.0334647835893222,0.0841071358643795,0.00999999999999999));
#1980=CARTESIAN_POINT('',(-0.0297965678303104,0.0798420753475709,0.015));
#1981=CARTESIAN_POINT('',(-0.0309577353018118,0.0847053756779152,0.015));
#1982=CARTESIAN_POINT('',(-0.0309577353018118,0.0847053756779152,0.01));
#1983=MECHANICAL_DESIGN_GEOMETRIC_PRESENTATION_REPRESENTATION('',(#143),
#1984);
#1984=(
GEOMETRIC_REPRESENTATION_CONTEXT(3)
GLOBAL_UNCERTAINTY_ASSIGNED_CONTEXT((#1985))
GLOBAL_UNIT_ASSIGNED_CONTEXT((#1988,#1987,#1986))
REPRESENTATION_CONTEXT('Part 1','TOP_LEVEL_ASSEMBLY_PART')
);
#1985=UNCERTAINTY_MEASURE_WITH_UNIT(LENGTH_MEASURE(2.E-5),#1988,
'DISTANCE_ACCURACY_VALUE','Maximum Tolerance applied to model');
#1986=(
NAMED_UNIT(*)
SI_UNIT($,.STERADIAN.)
SOLID_ANGLE_UNIT()
);
#1987=(
NAMED_UNIT(*)
PLANE_ANGLE_UNIT()
SI_UNIT($,.RADIAN.)
);
#1988=(
LENGTH_UNIT()
NAMED_UNIT(*)
SI_UNIT($,.METRE.)
);
#1989=PRODUCT_DEFINITION_SHAPE('','',#1990);
#1990=PRODUCT_DEFINITION('','',#1992,#1991);
#1991=PRODUCT_DEFINITION_CONTEXT('',#1998,'design');
#1992=PRODUCT_DEFINITION_FORMATION_WITH_SPECIFIED_SOURCE('','',#1994,
 .NOT_KNOWN.);
#1993=PRODUCT_RELATED_PRODUCT_CATEGORY('','',(#1994));
#1994=PRODUCT('Part 1','Part 1','Part 1',(#1996));
#1995=PRODUCT_CATEGORY('','');
#1996=PRODUCT_CONTEXT('',#1998,'mechanical');
#1997=APPLICATION_PROTOCOL_DEFINITION('international standard',
'ap242_managed_model_based_3d_engineering',2020,#1998);
#1998=APPLICATION_CONTEXT('managed model based 3d engineering');
ENDSEC;
END-ISO-10303-21;
