ISO-10303-21;
HEADER;
/* Generated by software containing ST-Developer
 * from STEP Tools, Inc. (www.steptools.com) 
 */
/* OPTION: using custom renumber hook */

FILE_DESCRIPTION(
/* description */ ('STEP AP242 Edition 2',
'CAx-IF Rec.Pracs.---Representation and Presentation of Product Manufa
cturing Information (PMI)---4.0---2014-10-13',
'CAx-IF Rec.Pracs.---3D Tessellated Geometry---0.4---2014-09-14','2;1',
'CAx-IF Rec.Pracs.---User Defined Attributes---1.5---2016-08-15'),
/* implementation_level */ '2;1');

FILE_NAME(
/* name */ 'canlid_abnormal',
/* time_stamp */ '2026-06-22T02:33:41Z',
/* author */ (''),
/* organization */ (''),
/* preprocessor_version */ 'ST-DEVELOPER v20',
/* originating_system */ 'ONSHAPE BY PTC INC, 1.216',
/* authorisation */ '  ');

FILE_SCHEMA (('AP242_MANAGED_MODEL_BASED_3D_ENGINEERING_MIM_LF { 1 0 10303 442 3 1 4 }'));
ENDSEC;

DATA;
#10=SHAPE_REPRESENTATION_RELATIONSHIP('','',#181,#11);
#11=ADVANCED_BREP_SHAPE_REPRESENTATION('',(#179),#2065);
#12=PLANE('',#183);
#13=PLANE('',#184);
#14=PLANE('',#185);
#15=PLANE('',#186);
#16=PLANE('',#187);
#17=B_SPLINE_SURFACE_WITH_KNOTS('',3,1,((#541,#542),(#543,#544),(#545,#546),
(#547,#548),(#549,#550),(#551,#552),(#553,#554),(#555,#556),(#557,#558)),
 .SURF_OF_LINEAR_EXTRUSION.,.T.,.F.,.F.,(1,3,1,1,1,1,1,3,1),(2,2),(-0.170321925759601,
0.,0.167247758042515,0.329127878996691,0.493073769270281,0.664029807465581,
0.829678074240399,1.,1.16724775804251),(0.,1.),.UNSPECIFIED.);
#18=B_SPLINE_SURFACE_WITH_KNOTS('',3,1,((#659,#660),(#661,#662),(#663,#664),
(#665,#666),(#667,#668),(#669,#670),(#671,#672),(#673,#674),(#675,#676)),
 .SURF_OF_LINEAR_EXTRUSION.,.T.,.F.,.F.,(1,3,1,1,1,1,1,3,1),(2,2),(-0.166315784119089,
0.,0.137393096074867,0.302120076365828,0.446434852193942,0.616979485351481,
0.833684215880911,1.,1.13739309607487),(0.,1.),.UNSPECIFIED.);
#19=B_SPLINE_SURFACE_WITH_KNOTS('',3,1,((#785,#786),(#787,#788),(#789,#790),
(#791,#792),(#793,#794),(#795,#796),(#797,#798),(#799,#800),(#801,#802),
(#803,#804),(#805,#806)),.SURF_OF_LINEAR_EXTRUSION.,.T.,.F.,.F.,(1,3,1,
1,1,1,1,1,1,3,1),(2,2),(-0.13204448966294,0.,0.128866432779339,0.271926358774528,
0.385151863719344,0.498763926367744,0.612606828385241,0.725006818761216,
0.86795551033706,1.,1.12886643277934),(0.,1.),.UNSPECIFIED.);
#20=B_SPLINE_SURFACE_WITH_KNOTS('',3,1,((#2027,#2028),(#2029,#2030),(#2031,
#2032),(#2033,#2034),(#2035,#2036),(#2037,#2038),(#2039,#2040),(#2041,#2042),
(#2043,#2044),(#2045,#2046),(#2047,#2048)),.SURF_OF_LINEAR_EXTRUSION.,.T.,
 .F.,.F.,(1,3,1,1,1,1,1,1,1,3,1),(2,2),(-0.13204448966294,0.,0.128866432779339,
0.271926358774528,0.385151863719344,0.498763926367744,0.612606828385241,
0.725006818761216,0.86795551033706,1.,1.12886643277934),(0.,1.),
 .UNSPECIFIED.);
#21=ORIENTED_EDGE('',*,*,#51,.F.);
#22=ORIENTED_EDGE('',*,*,#52,.F.);
#23=ORIENTED_EDGE('',*,*,#53,.T.);
#24=ORIENTED_EDGE('',*,*,#54,.T.);
#25=ORIENTED_EDGE('',*,*,#55,.T.);
#26=ORIENTED_EDGE('',*,*,#56,.T.);
#27=ORIENTED_EDGE('',*,*,#57,.T.);
#28=ORIENTED_EDGE('',*,*,#51,.T.);
#29=ORIENTED_EDGE('',*,*,#58,.T.);
#30=ORIENTED_EDGE('',*,*,#59,.T.);
#31=ORIENTED_EDGE('',*,*,#60,.T.);
#32=ORIENTED_EDGE('',*,*,#61,.T.);
#33=ORIENTED_EDGE('',*,*,#62,.F.);
#34=ORIENTED_EDGE('',*,*,#54,.F.);
#35=ORIENTED_EDGE('',*,*,#63,.F.);
#36=ORIENTED_EDGE('',*,*,#56,.F.);
#37=ORIENTED_EDGE('',*,*,#55,.F.);
#38=ORIENTED_EDGE('',*,*,#59,.F.);
#39=ORIENTED_EDGE('',*,*,#57,.F.);
#40=ORIENTED_EDGE('',*,*,#60,.F.);
#41=ORIENTED_EDGE('',*,*,#58,.F.);
#42=ORIENTED_EDGE('',*,*,#61,.F.);
#43=ORIENTED_EDGE('',*,*,#64,.T.);
#44=ORIENTED_EDGE('',*,*,#52,.T.);
#45=ORIENTED_EDGE('',*,*,#53,.F.);
#46=ORIENTED_EDGE('',*,*,#64,.F.);
#47=ORIENTED_EDGE('',*,*,#65,.T.);
#48=ORIENTED_EDGE('',*,*,#63,.T.);
#49=ORIENTED_EDGE('',*,*,#62,.T.);
#50=ORIENTED_EDGE('',*,*,#65,.F.);
#51=EDGE_CURVE('',#66,#66,#80,.T.);
#52=EDGE_CURVE('',#67,#68,#81,.T.);
#53=EDGE_CURVE('',#67,#68,#82,.T.);
#54=EDGE_CURVE('',#69,#69,#83,.T.);
#55=EDGE_CURVE('',#70,#70,#84,.T.);
#56=EDGE_CURVE('',#71,#71,#85,.T.);
#57=EDGE_CURVE('',#72,#72,#86,.T.);
#58=EDGE_CURVE('',#73,#73,#87,.T.);
#59=EDGE_CURVE('',#74,#74,#88,.T.);
#60=EDGE_CURVE('',#75,#75,#89,.T.);
#61=EDGE_CURVE('',#76,#76,#90,.T.);
#62=EDGE_CURVE('',#77,#77,#91,.T.);
#63=EDGE_CURVE('',#78,#78,#92,.T.);
#64=EDGE_CURVE('',#68,#67,#93,.T.);
#65=EDGE_CURVE('',#79,#79,#94,.T.);
#66=VERTEX_POINT('',#473);
#67=VERTEX_POINT('',#519);
#68=VERTEX_POINT('',#520);
#69=VERTEX_POINT('',#609);
#70=VERTEX_POINT('',#658);
#71=VERTEX_POINT('',#730);
#72=VERTEX_POINT('',#784);
#73=VERTEX_POINT('',#879);
#74=VERTEX_POINT('',#931);
#75=VERTEX_POINT('',#988);
#76=VERTEX_POINT('',#1056);
#77=VERTEX_POINT('',#1264);
#78=VERTEX_POINT('',#1474);
#79=VERTEX_POINT('',#2060);
#80=B_SPLINE_CURVE_WITH_KNOTS('',3,(#405,#406,#407,#408,#409,#410,#411,
#412,#413,#414,#415,#416,#417,#418,#419,#420,#421,#422,#423,#424,#425,#426,
#427,#428,#429,#430,#431,#432,#433,#434,#435,#436,#437,#438,#439,#440,#441,
#442,#443,#444,#445,#446,#447,#448,#449,#450,#451,#452,#453,#454,#455,#456,
#457,#458,#459,#460,#461,#462,#463,#464,#465,#466,#467,#468,#469,#470,#471,
#472),.UNSPECIFIED.,.T.,.F.,(1,1,1,1,1,1,1,1,1,1,1,1,1,1,1,1,1,1,1,1,1,
1,1,1,1,1,1,1,1,1,1,1,1,1,1,1,1,1,1,1,1,1,1,1,1,1,1,1,1,1,1,1,1,1,1,1,1,
1,1,1,1,1,1,1,1,1,1,1,1,1,1,1),(-0.0230186846980851,-0.0153457897987234,
-0.00767289489936168,0.,0.0076728948993617,0.0153457897987234,0.0306915795974468,
0.0383644744968085,0.0460373693961702,0.0537102642955319,0.0575467117452127,
0.0613831591948936,0.0652196066445744,0.0690560540942553,0.0728925015439361,
0.076728948993617,0.0844018438929787,0.0920747387923404,0.107420528591064,
0.122766318389787,0.138112108188511,0.153457897987234,0.161130792886596,
0.168803687785957,0.176476582685319,0.184149477584681,0.199495267383404,
0.207168162282766,0.214841057182128,0.222513952081489,0.22635039953117,
0.230186846980851,0.237859741880213,0.241696189329893,0.245532636779574,
0.249369084229255,0.253205531678936,0.257041979128617,0.260878426578298,
0.268551321477659,0.276224216377021,0.283897111276383,0.291570006175745,
0.299242901075106,0.306915795974468,0.31458869087383,0.322261585773191,
0.337607375571915,0.345280270471276,0.352953165370638,0.368298955169362,
0.383644744968085,0.391317639867447,0.398990534766808,0.40666342966617,
0.410499877115851,0.414336324565532,0.418172772015213,0.422009219464893,
0.429682114364255,0.433518561813936,0.437355009263617,0.445027904162978,
0.45270079906234,0.460373693961702,0.468046588861064,0.475719483760425,
0.483392378659787,0.491065273559149,0.49873816845851,0.506411063357872,
0.521756853156595),.UNSPECIFIED.);
#81=B_SPLINE_CURVE_WITH_KNOTS('',3,(#474,#475,#476,#477,#478,#479,#480,
#481,#482,#483,#484,#485,#486,#487,#488,#489,#490,#491,#492,#493,#494,#495,
#496,#497,#498,#499,#500,#501,#502,#503,#504,#505,#506,#507,#508,#509,#510,
#511,#512,#513,#514,#515,#516,#517,#518),.UNSPECIFIED.,.F.,.F.,(4,1,1,1,
1,1,1,1,1,1,1,1,1,1,1,1,1,1,1,1,1,1,1,1,1,1,1,1,1,1,1,1,1,1,1,1,1,1,1,1,
1,1,4),(0.438248238756465,0.44872685812593,0.459205477495395,0.46968409686486,
0.480162716234324,0.490641335603789,0.501119954973254,0.511598574342719,
0.516837884027451,0.522077193712184,0.527316503396916,0.532555813081649,
0.537795122766381,0.543034432451113,0.548273742135846,0.553513051820578,
0.558752361505311,0.563991671190043,0.574470290559508,0.584948909928973,
0.605906148667902,0.616384768037367,0.626863387406832,0.637342006776297,
0.642581316461029,0.647820626145762,0.653059935830494,0.658299245515226,
0.668777864884691,0.679256484254156,0.689735103623621,0.694974413308353,
0.700213722993086,0.705453032677818,0.71069234236255,0.715931652047283,
0.721170961732015,0.726410271416748,0.73164958110148,0.742128200470945,
0.75260681984041,0.763085439209874,0.773564058579339),.UNSPECIFIED.);
#82=B_SPLINE_CURVE_WITH_KNOTS('',3,(#521,#522,#523,#524,#525,#526,#527,
#528,#529,#530,#531,#532,#533,#534,#535,#536,#537,#538,#539,#540),
 .UNSPECIFIED.,.F.,.F.,(4,1,1,1,1,1,1,1,1,1,1,1,1,1,1,1,1,4),(1.03665086838476E-15,
0.00954559973519782,0.0143183996027962,0.0190911994703946,0.023863999337993,
0.0286367992055914,0.0381823989407882,0.0429551988083866,0.047727998675985,
0.0572735984111818,0.0668191981463785,0.0763647978815753,0.0954559973519689,
0.114547196822363,0.124092796557559,0.133638396292756,0.143183996027953,
0.15272959576315),.UNSPECIFIED.);
#83=B_SPLINE_CURVE_WITH_KNOTS('',3,(#559,#560,#561,#562,#563,#564,#565,
#566,#567,#568,#569,#570,#571,#572,#573,#574,#575,#576,#577,#578,#579,#580,
#581,#582,#583,#584,#585,#586,#587,#588,#589,#590,#591,#592,#593,#594,#595,
#596,#597,#598,#599,#600,#601,#602,#603,#604,#605,#606,#607,#608),
 .UNSPECIFIED.,.T.,.F.,(1,1,1,1,1,1,1,1,1,1,1,1,1,1,1,1,1,1,1,1,1,1,1,1,
1,1,1,1,1,1,1,1,1,1,1,1,1,1,1,1,1,1,1,1,1,1,1,1,1,1,1,1,1,1),(-0.0199159275983188,
-0.0132772850655458,-0.00663864253277291,0.,0.00663864253277292,0.0132772850655458,
0.0199159275983188,0.0232352488647052,0.0265545701310917,0.0298738913974782,
0.0331932126638646,0.0348528732970579,0.0365125339302511,0.0398318551966376,
0.043151176463024,0.0464704977294105,0.0497898189957969,0.0531091402621834,
0.0597477827949563,0.0663864253277293,0.0730250678605022,0.0796637103932751,
0.086302352926048,0.0896216741924345,0.092940995458821,0.0962603167252074,
0.0995796379915939,0.10289895925798,0.106218280524367,0.109537601790753,
0.11285692305714,0.116176244323526,0.119495565589913,0.126134208122686,
0.132772850655459,0.139411493188231,0.146050135721004,0.152688778253777,
0.156008099520164,0.15932742078655,0.165966063319323,0.16928538458571,0.172604705852096,
0.175924027118483,0.179243348384869,0.185881990917642,0.189201312184028,
0.192520633450415,0.199159275983188,0.205797918515961,0.212436561048734,
0.219075203581507,0.225713846114279,0.232352488647052),.UNSPECIFIED.);
#84=B_SPLINE_CURVE_WITH_KNOTS('',3,(#610,#611,#612,#613,#614,#615,#616,
#617,#618,#619,#620,#621,#622,#623,#624,#625,#626,#627,#628,#629,#630,#631,
#632,#633,#634,#635,#636,#637,#638,#639,#640,#641,#642,#643,#644,#645,#646,
#647,#648,#649,#650,#651,#652,#653,#654,#655,#656,#657),.UNSPECIFIED.,.T.,
 .F.,(1,1,1,1,1,1,1,1,1,1,1,1,1,1,1,1,1,1,1,1,1,1,1,1,1,1,1,1,1,1,1,1,1,
1,1,1,1,1,1,1,1,1,1,1,1,1,1,1,1,1,1,1),(-0.020026410506315,-0.0133509403375434,
-0.00667547016877168,0.,0.00333773508438584,0.00667547016877167,0.0133509403375433,
0.020026410506315,0.0267018806750867,0.0333773508438584,0.0367150859282442,
0.04005282101263,0.0467282911814017,0.0500660262657875,0.0534037613501734,
0.060079231518945,0.0667547016877167,0.0734301718564884,0.08010564202526,
0.0867811121940317,0.0934565823628034,0.0967943174471892,0.100132052531575,
0.103469787615961,0.106807522700347,0.110145257784733,0.113482992869118,
0.116820727953504,0.12015846303789,0.123496198122276,0.126833933206662,
0.133509403375433,0.140184873544205,0.146860343712977,0.153535813881748,
0.16021128405052,0.163549019134906,0.166886754219292,0.170224489303678,
0.173562224388063,0.176899959472449,0.180237694556835,0.183575429641221,
0.186913164725607,0.190250899809993,0.193588634894378,0.20026410506315,
0.206939575231922,0.213615045400693,0.216952780485079,0.220290515569465,
0.226965985738237),.UNSPECIFIED.);
#85=B_SPLINE_CURVE_WITH_KNOTS('',3,(#677,#678,#679,#680,#681,#682,#683,
#684,#685,#686,#687,#688,#689,#690,#691,#692,#693,#694,#695,#696,#697,#698,
#699,#700,#701,#702,#703,#704,#705,#706,#707,#708,#709,#710,#711,#712,#713,
#714,#715,#716,#717,#718,#719,#720,#721,#722,#723,#724,#725,#726,#727,#728,
#729),.UNSPECIFIED.,.T.,.F.,(1,1,1,1,1,1,1,1,1,1,1,1,1,1,1,1,1,1,1,1,1,
1,1,1,1,1,1,1,1,1,1,1,1,1,1,1,1,1,1,1,1,1,1,1,1,1,1,1,1,1,1,1,1,1,1,1,1),
(-0.0134599862091781,-0.00897332413945207,-0.00448666206972603,0.,0.00224333103486302,
0.00448666206972603,0.00897332413945207,0.0134599862091781,0.0179466482789041,
0.0224333103486302,0.0269199724183562,0.0358932965578083,0.0448666206972603,
0.0538399448367124,0.0628132689761645,0.0717865931156165,0.0807599172550686,
0.0897332413945207,0.0942199034642467,0.0987065655339728,0.103193227603699,
0.107679889673425,0.112166551743151,0.116653213812877,0.121139875882603,
0.125626537952329,0.130113200022055,0.134599862091781,0.139086524161507,
0.143573186231233,0.152546510370685,0.157033172440411,0.161519834510137,
0.166006496579863,0.170493158649589,0.174979820719315,0.179466482789041,
0.188439806928493,0.197413131067946,0.206386455207398,0.21535977934685,
0.224333103486302,0.228819765556028,0.233306427625754,0.242279751765206,
0.246766413834932,0.251253075904658,0.255739737974384,0.26022640004411,
0.269199724183562,0.273686386253288,0.278173048323014,0.28265971039274,
0.287146372462466,0.289389703497329,0.291633034532192,0.296119696601918),
 .UNSPECIFIED.);
#86=B_SPLINE_CURVE_WITH_KNOTS('',3,(#731,#732,#733,#734,#735,#736,#737,
#738,#739,#740,#741,#742,#743,#744,#745,#746,#747,#748,#749,#750,#751,#752,
#753,#754,#755,#756,#757,#758,#759,#760,#761,#762,#763,#764,#765,#766,#767,
#768,#769,#770,#771,#772,#773,#774,#775,#776,#777,#778,#779,#780,#781,#782,
#783),.UNSPECIFIED.,.T.,.F.,(1,1,1,1,1,1,1,1,1,1,1,1,1,1,1,1,1,1,1,1,1,
1,1,1,1,1,1,1,1,1,1,1,1,1,1,1,1,1,1,1,1,1,1,1,1,1,1,1,1,1,1,1,1,1,1,1,1),
(-0.00891016163998287,-0.00445508081999141,-0.00222754040999568,0.,0.00445508081999144,
0.00891016163998287,0.0133652424599743,0.0178203232799657,0.0222754040999572,
0.0267304849199486,0.0311855657399401,0.0356406465599315,0.0400957273799229,
0.0445508081999144,0.0490058890199058,0.0534609698398972,0.0623711314798801,
0.071281293119863,0.0801914547598459,0.0891016163998287,0.0980117780398116,
0.106921939679794,0.115832101319777,0.120287182139769,0.12474226295976,
0.129197343779752,0.133652424599743,0.138107505419735,0.142562586239726,
0.151472747879709,0.1559278286997,0.160382909519692,0.164837990339683,0.169293071159675,
0.173748151979666,0.178203232799657,0.182658313619649,0.18711339443964,
0.191568475259632,0.196023556079623,0.200478636899615,0.204933717719606,
0.213843879359589,0.222754040999572,0.231664202639555,0.240574364279538,
0.24948452591952,0.258394687559503,0.267304849199486,0.271759930019478,
0.276215010839469,0.280670091659461,0.282897632069456,0.285125172479452,
0.289580253299443,0.294035334119435,0.298490414939426),.UNSPECIFIED.);
#87=B_SPLINE_CURVE_WITH_KNOTS('',3,(#807,#808,#809,#810,#811,#812,#813,
#814,#815,#816,#817,#818,#819,#820,#821,#822,#823,#824,#825,#826,#827,#828,
#829,#830,#831,#832,#833,#834,#835,#836,#837,#838,#839,#840,#841,#842,#843,
#844,#845,#846,#847,#848,#849,#850,#851,#852,#853,#854,#855,#856,#857,#858,
#859,#860,#861,#862,#863,#864,#865,#866,#867,#868,#869,#870,#871,#872,#873,
#874,#875,#876,#877,#878),.UNSPECIFIED.,.T.,.F.,(1,1,1,1,1,1,1,1,1,1,1,
1,1,1,1,1,1,1,1,1,1,1,1,1,1,1,1,1,1,1,1,1,1,1,1,1,1,1,1,1,1,1,1,1,1,1,1,
1,1,1,1,1,1,1,1,1,1,1,1,1,1,1,1,1,1,1,1,1,1,1,1,1,1,1,1,1),(-0.0309810439142125,
-0.0232357829356594,-0.0154905219571063,0.,0.0154905219571062,0.0309810439142125,
0.0387263048927656,0.0464715658713187,0.0542168268498718,0.0580894573391484,
0.061962087828425,0.0658347183177015,0.0697073488069781,0.0774526097855312,
0.0813252402748078,0.0851978707640843,0.0929431317426375,0.100688392721191,
0.108433653699744,0.12392417565685,0.139414697613956,0.147159958592509,
0.154905219571062,0.170395741528169,0.178141002506722,0.185886263485275,
0.193631524463828,0.201376785442381,0.209122046420934,0.216867307399487,
0.224612568378041,0.232357829356594,0.23623045984587,0.240103090335147,
0.243975720824423,0.2478483513137,0.251720981802976,0.255593612292253,0.25946624278153,
0.263338873270806,0.267211503760083,0.271084134249359,0.278829395227912,
0.286574656206465,0.294319917185019,0.302065178163572,0.309810439142125,
0.317555700120678,0.325300961099231,0.340791483056337,0.34853674403489,
0.356282005013444,0.37177252697055,0.379517787949103,0.387263048927656,
0.395008309906209,0.402753570884762,0.410498831863315,0.414371462352592,
0.418244092841869,0.422116723331145,0.425989353820422,0.429861984309698,
0.433734614798975,0.437607245288251,0.441479875777528,0.445352506266804,
0.449225136756081,0.456970397734634,0.464715658713187,0.47246091969174,
0.480206180670294,0.4956967026274,0.511187224584506,0.526677746541612,0.534423007520165),
 .UNSPECIFIED.);
#88=B_SPLINE_CURVE_WITH_KNOTS('',3,(#881,#882,#883,#884,#885,#886,#887,
#888,#889,#890,#891,#892,#893,#894,#895,#896,#897,#898,#899,#900,#901,#902,
#903,#904,#905,#906,#907,#908,#909,#910,#911,#912,#913,#914,#915,#916,#917,
#918,#919,#920,#921,#922,#923,#924,#925,#926,#927,#928,#929,#930),
 .UNSPECIFIED.,.T.,.F.,(1,1,1,1,1,1,1,1,1,1,1,1,1,1,1,1,1,1,1,1,1,1,1,1,
1,1,1,1,1,1,1,1,1,1,1,1,1,1,1,1,1,1,1,1,1,1,1,1,1,1,1,1,1,1),(-0.0150831364236003,
-0.00754156821180013,-0.00377078410590007,0.,0.00754156821180013,0.0113123523177002,
0.0150831364236003,0.0226247046354004,0.0301662728472005,0.0339370569531006,
0.0377078410590007,0.0414786251649007,0.0433640172178507,0.0452494092708008,
0.0490201933767008,0.0527909774826009,0.060332545694401,0.0678741139062012,
0.0754156821180013,0.0829572503298014,0.0904988185416016,0.0980403867534017,
0.101811170859302,0.105581954965202,0.109352739071102,0.113123523177002,
0.116894307282902,0.120665091388802,0.124435875494702,0.128206659600602,
0.131977443706502,0.135748227812402,0.139519011918302,0.143289796024202,
0.150831364236003,0.158372932447803,0.165914500659603,0.173456068871403,
0.177226852977303,0.180997637083203,0.184768421189103,0.188539205295003,
0.196080773506803,0.199851557612703,0.203622341718604,0.211163909930404,
0.218705478142204,0.226247046354004,0.233788614565804,0.237559398671704,
0.241330182777604,0.248871750989404,0.252642535095304,0.256413319201204),
 .UNSPECIFIED.);
#89=B_SPLINE_CURVE_WITH_KNOTS('',3,(#932,#933,#934,#935,#936,#937,#938,
#939,#940,#941,#942,#943,#944,#945,#946,#947,#948,#949,#950,#951,#952,#953,
#954,#955,#956,#957,#958,#959,#960,#961,#962,#963,#964,#965,#966,#967,#968,
#969,#970,#971,#972,#973,#974,#975,#976,#977,#978,#979,#980,#981,#982,#983,
#984,#985,#986,#987),.UNSPECIFIED.,.T.,.F.,(1,1,1,1,1,1,1,1,1,1,1,1,1,1,
1,1,1,1,1,1,1,1,1,1,1,1,1,1,1,1,1,1,1,1,1,1,1,1,1,1,1,1,1,1,1,1,1,1,1,1,
1,1,1,1,1,1,1,1,1,1),(-0.0196324546205359,-0.00981622731026793,-0.00490811365513399,
0.,0.00245405682756698,0.00490811365513396,0.00736217048270094,0.00981622731026793,
0.0147243409654019,0.0196324546205359,0.0294486819308038,0.0392649092410717,
0.0490811365513396,0.0588973638616076,0.0687135911718755,0.0785298184821434,
0.0883460457924113,0.0981622731026793,0.107978500412947,0.112886614068081,
0.117794727723215,0.120248784550782,0.122702841378349,0.127610955033483,
0.132519068688617,0.137427182343751,0.142335295998885,0.147243409654019,
0.152151523309153,0.157059636964287,0.161967750619421,0.166875864274555,
0.171783977929689,0.176692091584823,0.181600205239957,0.186508318895091,
0.196324546205359,0.201232659860492,0.206140773515626,0.215957000825894,
0.225773228136162,0.230681341791296,0.23558945544643,0.245405682756698,
0.250313796411832,0.255221910066966,0.2601300237221,0.265038137377234,0.269946251032368,
0.274854364687502,0.279762478342636,0.28467059199777,0.289578705652904,
0.294486819308038,0.304303046618306,0.30921116027344,0.314119273928574,
0.316573330756141,0.319027387583708,0.321481444411275),.UNSPECIFIED.);
#90=B_SPLINE_CURVE_WITH_KNOTS('',3,(#989,#990,#991,#992,#993,#994,#995,
#996,#997,#998,#999,#1000,#1001,#1002,#1003,#1004,#1005,#1006,#1007,#1008,
#1009,#1010,#1011,#1012,#1013,#1014,#1015,#1016,#1017,#1018,#1019,#1020,
#1021,#1022,#1023,#1024,#1025,#1026,#1027,#1028,#1029,#1030,#1031,#1032,
#1033,#1034,#1035,#1036,#1037,#1038,#1039,#1040,#1041,#1042,#1043,#1044,
#1045,#1046,#1047,#1048,#1049,#1050,#1051,#1052,#1053,#1054,#1055),
 .UNSPECIFIED.,.T.,.F.,(1,1,1,1,1,1,1,1,1,1,1,1,1,1,1,1,1,1,1,1,1,1,1,1,
1,1,1,1,1,1,1,1,1,1,1,1,1,1,1,1,1,1,1,1,1,1,1,1,1,1,1,1,1,1,1,1,1,1,1,1,
1,1,1,1,1,1,1,1,1,1,1),(-0.0360513848686844,-0.0288411078949475,-0.0144205539474738,
3.90312782094782E-18,0.0144205539474738,0.0216308309212107,0.0288411078949475,
0.0360513848686844,0.0432616618424213,0.0468668003292897,0.0504719388161582,
0.0540770773030266,0.0576822157898951,0.0612873542767635,0.064892492763632,
0.0684976312505004,0.0721027697373688,0.0793130467111057,0.0865233236848426,
0.0937336006585795,0.100943877632316,0.108154154606053,0.11536443157979,
0.129784985527264,0.144205539474738,0.158626093422211,0.165836370395948,
0.173046647369685,0.180256924343422,0.187467201317159,0.194677478290896,
0.201887755264633,0.20909803223837,0.212703170725238,0.216308309212107,
0.219913447698975,0.223518586185843,0.227123724672712,0.23072886315958,
0.234334001646449,0.237939140133317,0.245149417107054,0.252359694080791,
0.259569971054528,0.266780248028265,0.273990525002002,0.281200801975738,
0.288411078949475,0.302831632896949,0.317252186844423,0.331672740791897,
0.34609329473937,0.360513848686844,0.367724125660581,0.374934402634318,
0.382144679608055,0.385749818094923,0.389354956581792,0.396565233555529,
0.400170372042397,0.403775510529266,0.407380649016134,0.410985787503002,
0.418196064476739,0.425406341450476,0.432616618424213,0.447037172371687,
0.461457726319161,0.475878280266634,0.483088557240371,0.490298834214108),
 .UNSPECIFIED.);
#91=B_SPLINE_CURVE_WITH_KNOTS('',3,(#1219,#1220,#1221,#1222,#1223,#1224,
#1225,#1226,#1227,#1228,#1229,#1230,#1231,#1232,#1233,#1234,#1235,#1236,
#1237,#1238,#1239,#1240,#1241,#1242,#1243,#1244,#1245,#1246,#1247,#1248,
#1249,#1250,#1251,#1252,#1253,#1254,#1255,#1256,#1257,#1258,#1259,#1260,
#1261,#1262,#1263),.UNSPECIFIED.,.T.,.F.,(1,1,1,1,1,1,1,1,1,1,1,1,1,1,1,
1,1,1,1,1,1,1,1,1,1,1,1,1,1,1,1,1,1,1,1,1,1,1,1,1,1,1,1,1,1,1,1,1,1),(-0.0204467170042453,
-0.0136311446694969,-0.00681557233474839,8.12917407962131E-17,0.00681557233474855,
0.013631144669497,0.0204467170042455,0.0238545031716197,0.0272622893389939,
0.0306700755063682,0.0340778616737424,0.0408934340084909,0.0443012201758651,
0.0477090063432394,0.0545245786779878,0.0613401510127363,0.0681557233474848,
0.0749712956822332,0.0817868680169817,0.0886024403517301,0.0954180126864786,
0.0988257988538529,0.102233585021227,0.105641371188601,0.109049157355976,
0.11245694352335,0.115864729690724,0.119272515858098,0.122680302025472,
0.129495874360221,0.136311446694969,0.143127019029718,0.149942591364466,
0.156758163699215,0.163573736033963,0.170389308368712,0.173797094536086,
0.17720488070346,0.180612666870834,0.184020453038209,0.187428239205583,
0.190836025372957,0.197651597707706,0.204467170042454,0.211282742377203,
0.218098314711951,0.224913887046699,0.231729459381448,0.238545031716196),
 .UNSPECIFIED.);
#92=B_SPLINE_CURVE_WITH_KNOTS('',3,(#1421,#1422,#1423,#1424,#1425,#1426,
#1427,#1428,#1429,#1430,#1431,#1432,#1433,#1434,#1435,#1436,#1437,#1438,
#1439,#1440,#1441,#1442,#1443,#1444,#1445,#1446,#1447,#1448,#1449,#1450,
#1451,#1452,#1453,#1454,#1455,#1456,#1457,#1458,#1459,#1460,#1461,#1462,
#1463,#1464,#1465,#1466,#1467,#1468,#1469,#1470,#1471,#1472,#1473),
 .UNSPECIFIED.,.T.,.F.,(1,1,1,1,1,1,1,1,1,1,1,1,1,1,1,1,1,1,1,1,1,1,1,1,
1,1,1,1,1,1,1,1,1,1,1,1,1,1,1,1,1,1,1,1,1,1,1,1,1,1,1,1,1,1,1,1,1),(-0.0180066707797771,
-0.0135050030848328,-0.00900333538988851,0.,0.00450166769494427,0.00900333538988855,
0.0135050030848328,0.0180066707797771,0.0270100061696656,0.0360133415595542,
0.0450166769494427,0.0540200123393313,0.0630233477292198,0.0675250154241641,
0.0720266831191084,0.0810300185089969,0.0855316862039412,0.0900333538988855,
0.0945350215938297,0.099036689288774,0.108040024678663,0.112541692373607,
0.117043360068551,0.121545027763495,0.12604669545844,0.130548363153384,
0.135050030848328,0.1373008646958,0.139551698543272,0.144053366238217,0.148555033933161,
0.153056701628105,0.162060037017994,0.171063372407882,0.180066707797771,
0.189070043187659,0.198073378577548,0.207076713967437,0.216080049357325,
0.225083384747214,0.229585052442158,0.234086720137102,0.238588387832047,
0.243090055526991,0.245340889374463,0.247591723221935,0.252093390916879,
0.256595058611824,0.261096726306768,0.265598394001712,0.270100061696656,
0.274601729391601,0.279103397086545,0.288106732476433,0.292608400171378,
0.297110067866322,0.301611735561266),.UNSPECIFIED.);
#93=B_SPLINE_CURVE_WITH_KNOTS('',3,(#2016,#2017,#2018,#2019,#2020,#2021,
#2022,#2023,#2024,#2025,#2026),.UNSPECIFIED.,.T.,.F.,(1,3,1,1,1,1,1,1,1,
3,1),(-0.13204448966294,0.,0.128866432779339,0.271926358774528,0.385151863719344,
0.498763926367744,0.612606828385241,0.725006818761216,0.86795551033706,
1.,1.12886643277934),.UNSPECIFIED.);
#94=B_SPLINE_CURVE_WITH_KNOTS('',3,(#2049,#2050,#2051,#2052,#2053,#2054,
#2055,#2056,#2057,#2058,#2059),.UNSPECIFIED.,.T.,.F.,(1,3,1,1,1,1,1,1,1,
3,1),(-0.13204448966294,0.,0.128866432779339,0.271926358774528,0.385151863719344,
0.498763926367744,0.612606828385241,0.725006818761216,0.86795551033706,
1.,1.12886643277934),.UNSPECIFIED.);
#95=EDGE_LOOP('',(#21));
#96=EDGE_LOOP('',(#22,#23));
#97=EDGE_LOOP('',(#24));
#98=EDGE_LOOP('',(#25));
#99=EDGE_LOOP('',(#26));
#100=EDGE_LOOP('',(#27));
#101=EDGE_LOOP('',(#28));
#102=EDGE_LOOP('',(#29));
#103=EDGE_LOOP('',(#30));
#104=EDGE_LOOP('',(#31));
#105=EDGE_LOOP('',(#32));
#106=EDGE_LOOP('',(#33));
#107=EDGE_LOOP('',(#34));
#108=EDGE_LOOP('',(#35));
#109=EDGE_LOOP('',(#36));
#110=EDGE_LOOP('',(#37));
#111=EDGE_LOOP('',(#38));
#112=EDGE_LOOP('',(#39));
#113=EDGE_LOOP('',(#40));
#114=EDGE_LOOP('',(#41));
#115=EDGE_LOOP('',(#42));
#116=EDGE_LOOP('',(#43,#44));
#117=EDGE_LOOP('',(#45,#46));
#118=EDGE_LOOP('',(#47));
#119=EDGE_LOOP('',(#48));
#120=EDGE_LOOP('',(#49));
#121=EDGE_LOOP('',(#50));
#122=FACE_BOUND('',#95,.T.);
#123=FACE_BOUND('',#96,.T.);
#124=FACE_BOUND('',#97,.T.);
#125=FACE_BOUND('',#98,.T.);
#126=FACE_BOUND('',#99,.T.);
#127=FACE_BOUND('',#100,.T.);
#128=FACE_BOUND('',#101,.T.);
#129=FACE_BOUND('',#102,.T.);
#130=FACE_BOUND('',#103,.T.);
#131=FACE_BOUND('',#104,.T.);
#132=FACE_BOUND('',#105,.T.);
#133=FACE_BOUND('',#106,.T.);
#134=FACE_BOUND('',#107,.T.);
#135=FACE_BOUND('',#108,.T.);
#136=FACE_BOUND('',#109,.T.);
#137=FACE_BOUND('',#110,.T.);
#138=FACE_BOUND('',#111,.T.);
#139=FACE_BOUND('',#112,.T.);
#140=FACE_BOUND('',#113,.T.);
#141=FACE_BOUND('',#114,.T.);
#142=FACE_BOUND('',#115,.T.);
#143=FACE_BOUND('',#116,.T.);
#144=FACE_BOUND('',#117,.T.);
#145=FACE_BOUND('',#118,.T.);
#146=FACE_BOUND('',#119,.T.);
#147=FACE_BOUND('',#120,.T.);
#148=FACE_BOUND('',#121,.T.);
#149=(
BOUNDED_SURFACE()
B_SPLINE_SURFACE(3,2,((#201,#202,#203),(#204,#205,#206),(#207,#208,#209),
(#210,#211,#212),(#213,#214,#215),(#216,#217,#218),(#219,#220,#221),(#222,
#223,#224),(#225,#226,#227),(#228,#229,#230),(#231,#232,#233),(#234,#235,
#236),(#237,#238,#239),(#240,#241,#242),(#243,#244,#245),(#246,#247,#248),
(#249,#250,#251),(#252,#253,#254),(#255,#256,#257),(#258,#259,#260),(#261,
#262,#263),(#264,#265,#266),(#267,#268,#269),(#270,#271,#272),(#273,#274,
#275),(#276,#277,#278),(#279,#280,#281),(#282,#283,#284),(#285,#286,#287),
(#288,#289,#290),(#291,#292,#293),(#294,#295,#296),(#297,#298,#299),(#300,
#301,#302),(#303,#304,#305),(#306,#307,#308),(#309,#310,#311),(#312,#313,
#314),(#315,#316,#317),(#318,#319,#320),(#321,#322,#323),(#324,#325,#326),
(#327,#328,#329),(#330,#331,#332),(#333,#334,#335),(#336,#337,#338),(#339,
#340,#341),(#342,#343,#344),(#345,#346,#347),(#348,#349,#350),(#351,#352,
#353),(#354,#355,#356),(#357,#358,#359),(#360,#361,#362),(#363,#364,#365),
(#366,#367,#368),(#369,#370,#371),(#372,#373,#374),(#375,#376,#377),(#378,
#379,#380),(#381,#382,#383),(#384,#385,#386),(#387,#388,#389),(#390,#391,
#392),(#393,#394,#395),(#396,#397,#398),(#399,#400,#401),(#402,#403,#404)),
 .UNSPECIFIED.,.T.,.F.,.F.)
B_SPLINE_SURFACE_WITH_KNOTS((1,3,1,1,1,1,1,1,1,1,1,1,1,1,1,1,1,1,1,1,1,
1,1,1,1,1,1,1,1,1,1,1,1,1,1,1,1,1,1,1,1,1,1,1,1,1,1,1,1,1,1,1,1,1,1,1,1,
1,1,1,1,1,1,1,1,1,3,1),(3,3),(-0.00714396603891376,0.,0.0142879320778276,
0.0285758641556552,0.035719830194569,0.0428637962334828,0.0500077622723966,
0.0571517283113104,0.0642956943502242,0.0678676773696811,0.071439660389138,
0.0750116434085949,0.0785836264280518,0.0821556094475087,0.0857275924669656,
0.0928715585058794,0.100015524544793,0.107159490583707,0.114303456622621,
0.128591388700448,0.142879320778276,0.15002328681719,0.157167252856104,
0.171455184933931,0.178599150972845,0.185743117011759,0.192887083050673,
0.200031049089586,0.2071750151285,0.214318981167414,0.221462947206328,0.228606913245242,
0.235750879284155,0.242894845323069,0.246466828342526,0.250038811361983,
0.257182777400897,0.26432674343981,0.271470709478724,0.278614675517638,
0.285758641556552,0.292902607595466,0.300046573634379,0.307190539673293,
0.314334505712207,0.321478471751121,0.328622437790035,0.335766403828949,
0.342910369867862,0.35719830194569,0.371486234023517,0.378630200062431,
0.385774166101345,0.392918132140259,0.400062098179173,0.40363408119863,
0.407206064218086,0.410778047237543,0.414350030257,0.417922013276457,0.421493996295914,
0.425065979315371,0.428637962334828,0.435781928373742,0.442925894412655,
0.450069860451569,0.457213826490483,0.471501758568311),(0.449006232477399,
1.),.UNSPECIFIED.)
GEOMETRIC_REPRESENTATION_ITEM()
RATIONAL_B_SPLINE_SURFACE(((0.855076648748421,0.838617661884154,1.),(0.855076648748421,
0.838617661884154,1.),(0.855076648748421,0.838617661884154,1.),(0.855076648748421,
0.838617661884154,1.),(0.855076648748421,0.838617661884154,1.),(0.855076648748421,
0.838617661884154,1.),(0.855076648748421,0.838617661884154,1.),(0.855076648748421,
0.838617661884154,1.),(0.855076648748421,0.838617661884154,1.),(0.855076648748421,
0.838617661884154,1.),(0.855076648748421,0.838617661884154,1.),(0.855076648748421,
0.838617661884154,1.),(0.855076648748421,0.838617661884154,1.),(0.855076648748421,
0.838617661884154,1.),(0.85507664874842,0.838617661884154,1.),(0.855076648748421,
0.838617661884154,1.),(0.85507664874842,0.838617661884154,1.),(0.855076648748421,
0.838617661884154,1.),(0.85507664874842,0.838617661884154,1.),(0.855076648748421,
0.838617661884154,1.),(0.855076648748421,0.838617661884154,1.),(0.855076648748421,
0.838617661884154,1.),(0.855076648748421,0.838617661884154,1.),(0.855076648748421,
0.838617661884154,1.),(0.855076648748421,0.838617661884154,1.),(0.855076648748421,
0.838617661884154,1.),(0.855076648748421,0.838617661884154,1.),(0.85507664874842,
0.838617661884154,1.),(0.855076648748421,0.838617661884155,1.),(0.85507664874842,
0.838617661884154,1.),(0.85507664874842,0.838617661884154,1.),(0.855076648748421,
0.838617661884154,1.),(0.855076648748421,0.838617661884154,1.),(0.85507664874842,
0.838617661884154,1.),(0.855076648748421,0.838617661884154,1.),(0.85507664874842,
0.838617661884154,1.),(0.855076648748421,0.838617661884154,1.),(0.855076648748421,
0.838617661884154,1.),(0.855076648748421,0.838617661884154,1.),(0.85507664874842,
0.838617661884154,1.),(0.85507664874842,0.838617661884154,1.),(0.855076648748421,
0.838617661884154,1.),(0.855076648748421,0.838617661884154,1.),(0.855076648748421,
0.838617661884154,1.),(0.855076648748421,0.838617661884154,1.),(0.85507664874842,
0.838617661884154,1.),(0.855076648748421,0.838617661884155,1.),(0.85507664874842,
0.838617661884154,1.),(0.855076648748421,0.838617661884154,1.),(0.855076648748421,
0.838617661884154,1.),(0.855076648748421,0.838617661884154,1.),(0.855076648748421,
0.838617661884154,1.),(0.855076648748421,0.838617661884154,1.),(0.85507664874842,
0.838617661884154,1.),(0.855076648748421,0.838617661884154,1.),(0.855076648748421,
0.838617661884154,1.),(0.85507664874842,0.838617661884154,1.),(0.855076648748421,
0.838617661884154,1.),(0.85507664874842,0.838617661884154,1.),(0.855076648748421,
0.838617661884154,1.),(0.855076648748421,0.838617661884154,1.),(0.855076648748421,
0.838617661884154,1.),(0.855076648748421,0.838617661884154,1.),(0.855076648748421,
0.838617661884154,1.),(0.855076648748421,0.838617661884154,1.),(0.855076648748421,
0.838617661884154,1.),(0.855076648748421,0.838617661884154,1.),(0.855076648748421,
0.838617661884154,1.)))
REPRESENTATION_ITEM('')
SURFACE()
);
#150=(
BOUNDED_SURFACE()
B_SPLINE_SURFACE(3,2,((#1057,#1058,#1059),(#1060,#1061,#1062),(#1063,#1064,
#1065),(#1066,#1067,#1068),(#1069,#1070,#1071),(#1072,#1073,#1074),(#1075,
#1076,#1077),(#1078,#1079,#1080),(#1081,#1082,#1083),(#1084,#1085,#1086),
(#1087,#1088,#1089),(#1090,#1091,#1092),(#1093,#1094,#1095),(#1096,#1097,
#1098),(#1099,#1100,#1101),(#1102,#1103,#1104),(#1105,#1106,#1107),(#1108,
#1109,#1110),(#1111,#1112,#1113),(#1114,#1115,#1116),(#1117,#1118,#1119),
(#1120,#1121,#1122),(#1123,#1124,#1125),(#1126,#1127,#1128),(#1129,#1130,
#1131),(#1132,#1133,#1134),(#1135,#1136,#1137),(#1138,#1139,#1140),(#1141,
#1142,#1143),(#1144,#1145,#1146),(#1147,#1148,#1149),(#1150,#1151,#1152),
(#1153,#1154,#1155),(#1156,#1157,#1158),(#1159,#1160,#1161),(#1162,#1163,
#1164),(#1165,#1166,#1167),(#1168,#1169,#1170),(#1171,#1172,#1173),(#1174,
#1175,#1176),(#1177,#1178,#1179),(#1180,#1181,#1182),(#1183,#1184,#1185),
(#1186,#1187,#1188),(#1189,#1190,#1191),(#1192,#1193,#1194),(#1195,#1196,
#1197),(#1198,#1199,#1200),(#1201,#1202,#1203),(#1204,#1205,#1206),(#1207,
#1208,#1209),(#1210,#1211,#1212),(#1213,#1214,#1215),(#1216,#1217,#1218)),
 .UNSPECIFIED.,.T.,.F.,.F.)
B_SPLINE_SURFACE_WITH_KNOTS((1,3,1,1,1,1,1,1,1,1,1,1,1,1,1,1,1,1,1,1,1,
1,1,1,1,1,1,1,1,1,1,1,1,1,1,1,1,1,1,1,1,1,1,1,1,1,1,1,1,1,1,1,3,1),(3,3),
(-0.00758322049643836,0.,0.00379161024821919,0.00758322049643837,0.0113748307446576,
0.0151664409928767,0.0189580512410959,0.0227496614893151,0.0303328819857535,
0.0341244922339727,0.0379161024821919,0.0417077127304111,0.0454993229786302,
0.0473951281027398,0.0492909332268494,0.0530825434750686,0.060665763971507,
0.0644573742197262,0.0682489844679454,0.0758322049643837,0.0796238152126029,
0.0834154254608221,0.0909986459572605,0.0985818664536989,0.106165086950137,
0.109956697198356,0.113748307446576,0.117539917694795,0.121331527943014,
0.125123138191233,0.128914748439452,0.136497968935891,0.14028957918411,
0.144081189432329,0.151664409928767,0.159247630425206,0.166830850921644,
0.170622461169863,0.174414071418083,0.181997291914521,0.18578890216274,
0.189580512410959,0.193372122659179,0.197163732907398,0.204746953403836,
0.208538563652055,0.212330173900274,0.216121784148494,0.219913394396713,
0.227496614893151,0.23128822514137,0.23507983538959,0.242663055886028,0.246454666134247),
(0.585786437626911,1.),.UNSPECIFIED.)
GEOMETRIC_REPRESENTATION_ITEM()
RATIONAL_B_SPLINE_SURFACE(((0.85786437626905,0.878679656440359,1.),(0.85786437626905,
0.878679656440359,1.),(0.85786437626905,0.878679656440359,1.),(0.85786437626905,
0.878679656440359,1.),(0.85786437626905,0.878679656440359,1.),(0.85786437626905,
0.878679656440359,1.),(0.85786437626905,0.878679656440359,1.),(0.85786437626905,
0.878679656440359,1.),(0.85786437626905,0.878679656440359,1.),(0.85786437626905,
0.878679656440359,1.),(0.85786437626905,0.878679656440359,1.),(0.85786437626905,
0.878679656440359,1.),(0.85786437626905,0.878679656440359,1.),(0.85786437626905,
0.878679656440359,1.),(0.85786437626905,0.878679656440359,1.),(0.85786437626905,
0.878679656440359,1.),(0.85786437626905,0.878679656440359,1.),(0.85786437626905,
0.878679656440359,1.),(0.85786437626905,0.878679656440359,1.),(0.85786437626905,
0.878679656440359,1.),(0.85786437626905,0.878679656440359,1.),(0.85786437626905,
0.878679656440359,1.),(0.85786437626905,0.878679656440359,1.),(0.85786437626905,
0.878679656440359,1.),(0.85786437626905,0.878679656440359,1.),(0.85786437626905,
0.878679656440359,1.),(0.85786437626905,0.878679656440359,1.),(0.85786437626905,
0.878679656440359,1.),(0.85786437626905,0.878679656440359,1.),(0.85786437626905,
0.878679656440359,1.),(0.85786437626905,0.878679656440359,1.),(0.85786437626905,
0.878679656440359,1.),(0.85786437626905,0.878679656440359,1.),(0.85786437626905,
0.878679656440359,1.),(0.85786437626905,0.878679656440359,1.),(0.85786437626905,
0.878679656440359,1.),(0.85786437626905,0.878679656440359,1.),(0.85786437626905,
0.878679656440359,1.),(0.85786437626905,0.878679656440359,1.),(0.85786437626905,
0.878679656440359,1.),(0.85786437626905,0.878679656440359,1.),(0.85786437626905,
0.878679656440359,1.),(0.85786437626905,0.878679656440359,1.),(0.85786437626905,
0.878679656440359,1.),(0.85786437626905,0.878679656440359,1.),(0.85786437626905,
0.878679656440359,1.),(0.85786437626905,0.878679656440359,1.),(0.85786437626905,
0.878679656440359,1.),(0.85786437626905,0.878679656440359,1.),(0.85786437626905,
0.878679656440359,1.),(0.85786437626905,0.878679656440359,1.),(0.85786437626905,
0.878679656440359,1.),(0.85786437626905,0.878679656440359,1.),(0.85786437626905,
0.878679656440359,1.)))
REPRESENTATION_ITEM('')
SURFACE()
);
#151=(
BOUNDED_SURFACE()
B_SPLINE_SURFACE(3,2,((#1265,#1266,#1267),(#1268,#1269,#1270),(#1271,#1272,
#1273),(#1274,#1275,#1276),(#1277,#1278,#1279),(#1280,#1281,#1282),(#1283,
#1284,#1285),(#1286,#1287,#1288),(#1289,#1290,#1291),(#1292,#1293,#1294),
(#1295,#1296,#1297),(#1298,#1299,#1300),(#1301,#1302,#1303),(#1304,#1305,
#1306),(#1307,#1308,#1309),(#1310,#1311,#1312),(#1313,#1314,#1315),(#1316,
#1317,#1318),(#1319,#1320,#1321),(#1322,#1323,#1324),(#1325,#1326,#1327),
(#1328,#1329,#1330),(#1331,#1332,#1333),(#1334,#1335,#1336),(#1337,#1338,
#1339),(#1340,#1341,#1342),(#1343,#1344,#1345),(#1346,#1347,#1348),(#1349,
#1350,#1351),(#1352,#1353,#1354),(#1355,#1356,#1357),(#1358,#1359,#1360),
(#1361,#1362,#1363),(#1364,#1365,#1366),(#1367,#1368,#1369),(#1370,#1371,
#1372),(#1373,#1374,#1375),(#1376,#1377,#1378),(#1379,#1380,#1381),(#1382,
#1383,#1384),(#1385,#1386,#1387),(#1388,#1389,#1390),(#1391,#1392,#1393),
(#1394,#1395,#1396),(#1397,#1398,#1399),(#1400,#1401,#1402),(#1403,#1404,
#1405),(#1406,#1407,#1408),(#1409,#1410,#1411),(#1412,#1413,#1414),(#1415,
#1416,#1417),(#1418,#1419,#1420)),.UNSPECIFIED.,.T.,.F.,.F.)
B_SPLINE_SURFACE_WITH_KNOTS((1,3,1,1,1,1,1,1,1,1,1,1,1,1,1,1,1,1,1,1,1,
1,1,1,1,1,1,1,1,1,1,1,1,1,1,1,1,1,1,1,1,1,1,1,1,1,1,1,1,1,3,1),(3,3),(-0.00488225152572747,
0.,0.00488225152572752,0.00976450305145504,0.0195290061029101,0.0244112576286376,
0.0292935091543651,0.0341757606800926,0.0390580122058201,0.0439402637315477,
0.0488225152572752,0.0512636410201389,0.0537047667830027,0.0561458925458665,
0.0585870183087302,0.0683515213601853,0.0732337728859128,0.0781160244116403,
0.0878805274630953,0.0976450305145504,0.107409533566005,0.11717403661746,
0.126938539668915,0.136703042720371,0.146467545771826,0.151349797297553,
0.156232048823281,0.161114300349008,0.165996551874736,0.170878803400463,
0.175761054926191,0.185525557977646,0.190407809503373,0.195290061029101,
0.200172312554828,0.205054564080556,0.214819067132011,0.219701318657738,
0.224583570183466,0.229465821709193,0.234348073234921,0.244112576286376,
0.253877079337831,0.258759330863559,0.263641582389286,0.273406085440741,
0.283170588492196,0.292935091543651,0.302699594595106,0.307581846120834,
0.312464097646561,0.317346349172289),(0.585786437626903,1.),
 .UNSPECIFIED.)
GEOMETRIC_REPRESENTATION_ITEM()
RATIONAL_B_SPLINE_SURFACE(((0.857864376269049,0.878679656440357,1.),(0.857864376269049,
0.878679656440357,1.),(0.857864376269049,0.878679656440357,1.),(0.857864376269049,
0.878679656440357,1.),(0.857864376269049,0.878679656440357,1.),(0.857864376269049,
0.878679656440357,1.),(0.857864376269049,0.878679656440357,1.),(0.857864376269049,
0.878679656440357,1.),(0.857864376269049,0.878679656440357,1.),(0.857864376269049,
0.878679656440357,1.),(0.857864376269049,0.878679656440357,1.),(0.857864376269049,
0.878679656440357,1.),(0.857864376269049,0.878679656440357,1.),(0.85786437626905,
0.878679656440357,1.),(0.857864376269049,0.878679656440357,1.),(0.857864376269049,
0.878679656440357,1.),(0.857864376269049,0.878679656440357,1.),(0.857864376269049,
0.878679656440357,1.),(0.857864376269049,0.878679656440357,1.),(0.857864376269049,
0.878679656440357,1.),(0.857864376269049,0.878679656440357,1.),(0.857864376269049,
0.878679656440357,1.),(0.857864376269049,0.878679656440357,1.),(0.857864376269049,
0.878679656440357,1.),(0.857864376269049,0.878679656440357,1.),(0.85786437626905,
0.878679656440357,1.),(0.857864376269049,0.878679656440357,1.),(0.857864376269049,
0.878679656440357,1.),(0.857864376269049,0.878679656440357,1.),(0.857864376269049,
0.878679656440357,1.),(0.857864376269049,0.878679656440357,1.),(0.857864376269049,
0.878679656440357,1.),(0.85786437626905,0.878679656440357,1.),(0.857864376269049,
0.878679656440357,1.),(0.857864376269049,0.878679656440357,1.),(0.857864376269049,
0.878679656440357,1.),(0.857864376269049,0.878679656440357,1.),(0.857864376269049,
0.878679656440357,1.),(0.857864376269049,0.878679656440357,1.),(0.857864376269049,
0.878679656440357,1.),(0.857864376269049,0.878679656440357,1.),(0.857864376269049,
0.878679656440357,1.),(0.857864376269049,0.878679656440357,1.),(0.857864376269049,
0.878679656440357,1.),(0.857864376269049,0.878679656440357,1.),(0.857864376269049,
0.878679656440357,1.),(0.857864376269049,0.878679656440357,1.),(0.857864376269049,
0.878679656440357,1.),(0.857864376269049,0.878679656440357,1.),(0.857864376269049,
0.878679656440357,1.),(0.857864376269049,0.878679656440357,1.),(0.857864376269049,
0.878679656440357,1.)))
REPRESENTATION_ITEM('')
SURFACE()
);
#152=(
BOUNDED_SURFACE()
B_SPLINE_SURFACE(3,2,((#1475,#1476,#1477),(#1478,#1479,#1480),(#1481,#1482,
#1483),(#1484,#1485,#1486),(#1487,#1488,#1489),(#1490,#1491,#1492),(#1493,
#1494,#1495),(#1496,#1497,#1498),(#1499,#1500,#1501),(#1502,#1503,#1504),
(#1505,#1506,#1507),(#1508,#1509,#1510),(#1511,#1512,#1513),(#1514,#1515,
#1516),(#1517,#1518,#1519),(#1520,#1521,#1522),(#1523,#1524,#1525),(#1526,
#1527,#1528),(#1529,#1530,#1531),(#1532,#1533,#1534),(#1535,#1536,#1537),
(#1538,#1539,#1540),(#1541,#1542,#1543),(#1544,#1545,#1546),(#1547,#1548,
#1549),(#1550,#1551,#1552),(#1553,#1554,#1555),(#1556,#1557,#1558),(#1559,
#1560,#1561),(#1562,#1563,#1564),(#1565,#1566,#1567),(#1568,#1569,#1570),
(#1571,#1572,#1573),(#1574,#1575,#1576),(#1577,#1578,#1579),(#1580,#1581,
#1582),(#1583,#1584,#1585),(#1586,#1587,#1588),(#1589,#1590,#1591),(#1592,
#1593,#1594),(#1595,#1596,#1597),(#1598,#1599,#1600),(#1601,#1602,#1603),
(#1604,#1605,#1606),(#1607,#1608,#1609),(#1610,#1611,#1612),(#1613,#1614,
#1615),(#1616,#1617,#1618),(#1619,#1620,#1621),(#1622,#1623,#1624)),
 .UNSPECIFIED.,.T.,.F.,.F.)
B_SPLINE_SURFACE_WITH_KNOTS((1,3,1,1,1,1,1,1,1,1,1,1,1,1,1,1,1,1,1,1,1,
1,1,1,1,1,1,1,1,1,1,1,1,1,1,1,1,1,1,1,1,1,1,1,1,1,1,1,3,1),(3,3),(-0.00754247463201196,
0.,0.00377123731600598,0.00754247463201195,0.0150849492640239,0.0188561865800299,
0.0226274238960359,0.0301698985280478,0.0339411358440538,0.0377123731600598,
0.0414836104760657,0.0452548477920717,0.0527973224240837,0.0565685597400897,
0.0603397970560956,0.0678822716881076,0.0754247463201195,0.0829672209521315,
0.0905096955841434,0.0980521702161554,0.105594644848167,0.113137119480179,
0.116908356796185,0.120679594112191,0.124450831428197,0.128222068744203,
0.131993306060209,0.135764543376215,0.139535780692221,0.143307018008227,
0.150849492640239,0.158391967272251,0.162163204588257,0.165934441904263,
0.173476916536275,0.181019391168287,0.188561865800299,0.192333103116305,
0.196104340432311,0.199875577748317,0.203646815064323,0.207418052380329,
0.211189289696335,0.214960527012341,0.218731764328347,0.226274238960359,
0.230045476276365,0.233816713592371,0.241359188224383,0.245130425540388),
(0.,1.),.UNSPECIFIED.)
GEOMETRIC_REPRESENTATION_ITEM()
RATIONAL_B_SPLINE_SURFACE(((1.,0.707106781186547,1.),(1.,0.707106781186547,
1.),(1.,0.707106781186548,1.),(1.,0.707106781186548,1.),(1.,0.707106781186547,
1.),(1.,0.707106781186548,1.),(1.,0.707106781186547,1.),(1.,0.707106781186548,
1.),(1.,0.707106781186548,1.),(1.,0.707106781186547,1.),(1.,0.707106781186548,
1.),(1.,0.707106781186548,1.),(1.,0.707106781186548,1.),(1.,0.707106781186548,
1.),(1.,0.707106781186548,1.),(1.,0.707106781186547,1.),(1.,0.707106781186548,
1.),(1.,0.707106781186548,1.),(1.,0.707106781186548,1.),(1.,0.707106781186547,
1.),(1.,0.707106781186548,1.),(1.,0.707106781186547,1.),(1.,0.707106781186548,
1.),(1.,0.707106781186548,1.),(1.,0.707106781186548,1.),(1.,0.707106781186548,
1.),(1.,0.707106781186548,1.),(1.,0.707106781186548,1.),(1.,0.707106781186548,
1.),(1.,0.707106781186547,1.),(1.,0.707106781186548,1.),(1.,0.707106781186548,
1.),(1.,0.707106781186548,1.),(1.,0.707106781186548,1.),(1.,0.707106781186548,
1.),(1.,0.707106781186548,1.),(1.,0.707106781186547,1.),(1.,0.707106781186548,
1.),(1.,0.707106781186548,1.),(1.,0.707106781186548,1.),(1.,0.707106781186547,
1.),(1.,0.707106781186548,1.),(1.,0.707106781186548,1.),(1.,0.707106781186548,
1.),(1.,0.707106781186548,1.),(1.,0.707106781186548,1.),(1.,0.707106781186548,
1.),(1.,0.707106781186548,1.),(1.,0.707106781186547,1.),(1.,0.707106781186547,
1.)))
REPRESENTATION_ITEM('')
SURFACE()
);
#153=(
BOUNDED_SURFACE()
B_SPLINE_SURFACE(3,2,((#1625,#1626,#1627),(#1628,#1629,#1630),(#1631,#1632,
#1633),(#1634,#1635,#1636),(#1637,#1638,#1639),(#1640,#1641,#1642),(#1643,
#1644,#1645),(#1646,#1647,#1648),(#1649,#1650,#1651),(#1652,#1653,#1654),
(#1655,#1656,#1657),(#1658,#1659,#1660),(#1661,#1662,#1663),(#1664,#1665,
#1666),(#1667,#1668,#1669),(#1670,#1671,#1672),(#1673,#1674,#1675),(#1676,
#1677,#1678),(#1679,#1680,#1681),(#1682,#1683,#1684),(#1685,#1686,#1687),
(#1688,#1689,#1690),(#1691,#1692,#1693),(#1694,#1695,#1696),(#1697,#1698,
#1699),(#1700,#1701,#1702),(#1703,#1704,#1705),(#1706,#1707,#1708),(#1709,
#1710,#1711),(#1712,#1713,#1714),(#1715,#1716,#1717),(#1718,#1719,#1720),
(#1721,#1722,#1723),(#1724,#1725,#1726),(#1727,#1728,#1729),(#1730,#1731,
#1732),(#1733,#1734,#1735),(#1736,#1737,#1738),(#1739,#1740,#1741),(#1742,
#1743,#1744),(#1745,#1746,#1747),(#1748,#1749,#1750),(#1751,#1752,#1753),
(#1754,#1755,#1756),(#1757,#1758,#1759),(#1760,#1761,#1762),(#1763,#1764,
#1765),(#1766,#1767,#1768),(#1769,#1770,#1771),(#1772,#1773,#1774),(#1775,
#1776,#1777),(#1778,#1779,#1780),(#1781,#1782,#1783),(#1784,#1785,#1786),
(#1787,#1788,#1789),(#1790,#1791,#1792),(#1793,#1794,#1795)),
 .UNSPECIFIED.,.T.,.F.,.F.)
B_SPLINE_SURFACE_WITH_KNOTS((1,3,1,1,1,1,1,1,1,1,1,1,1,1,1,1,1,1,1,1,1,
1,1,1,1,1,1,1,1,1,1,1,1,1,1,1,1,1,1,1,1,1,1,1,1,1,1,1,1,1,1,1,1,1,1,3,1),
(3,3),(-0.0048481422888253,0.,0.0048481422888253,0.0096962845776506,0.0145444268664759,
0.0193925691553012,0.0242407114441265,0.0290888537329518,0.0339369960217771,
0.0387851383106024,0.048481422888253,0.0581777074659036,0.0678739920435542,
0.0775702766212048,0.0872665611988554,0.0921147034876807,0.096962845776506,
0.106659130354157,0.111507272642982,0.116355414931807,0.121203557220632,
0.126051699509458,0.130899841798283,0.135747984087108,0.140596126375934,
0.145444268664759,0.150292410953584,0.15514055324241,0.157564624386822,
0.159988695531235,0.16483683782006,0.169684980108885,0.174533122397711,
0.179381264686536,0.184229406975361,0.193925691553012,0.203621976130663,
0.213318260708313,0.223014545285964,0.232710829863614,0.242407114441265,
0.252103399018916,0.256951541307741,0.261799683596566,0.266647825885391,
0.269071897029804,0.271495968174217,0.276344110463042,0.278768181607455,
0.281192252751867,0.286040395040693,0.290888537329518,0.295736679618343,
0.300584821907169,0.305432964195994,0.310281106484819,0.315129248773644),
(0.,1.),.UNSPECIFIED.)
GEOMETRIC_REPRESENTATION_ITEM()
RATIONAL_B_SPLINE_SURFACE(((1.,0.707106781186548,1.),(1.,0.707106781186548,
1.),(1.,0.707106781186548,1.),(1.,0.707106781186547,1.),(1.,0.707106781186548,
1.),(1.,0.707106781186548,1.),(1.,0.707106781186548,1.),(1.,0.707106781186548,
1.),(1.,0.707106781186547,1.),(1.,0.707106781186548,1.),(1.,0.707106781186548,
1.),(1.,0.707106781186547,1.),(1.,0.707106781186547,1.),(1.,0.707106781186547,
1.),(1.,0.707106781186548,1.),(1.,0.707106781186548,1.),(1.,0.707106781186547,
1.),(1.,0.707106781186547,1.),(1.,0.707106781186548,1.),(1.,0.707106781186547,
1.),(1.,0.707106781186548,1.),(1.,0.707106781186547,1.),(1.,0.707106781186548,
1.),(1.,0.707106781186547,1.),(1.,0.707106781186548,1.),(1.,0.707106781186548,
1.),(1.,0.707106781186547,1.),(1.,0.707106781186548,1.),(1.,0.707106781186547,
1.),(1.,0.707106781186549,1.),(1.,0.707106781186547,1.),(1.,0.707106781186548,
1.),(1.,0.707106781186548,1.),(1.,0.707106781186547,1.),(1.,0.707106781186547,
1.),(1.,0.707106781186548,1.),(1.,0.707106781186547,1.),(1.,0.707106781186548,
1.),(1.,0.707106781186547,1.),(1.,0.707106781186547,1.),(1.,0.707106781186548,
1.),(1.,0.707106781186547,1.),(1.,0.707106781186548,1.),(1.,0.707106781186547,
1.),(1.,0.707106781186549,1.),(1.,0.707106781186547,1.),(1.,0.707106781186548,
1.),(1.,0.707106781186547,1.),(1.,0.707106781186547,1.),(1.,0.707106781186548,
1.),(1.,0.707106781186547,1.),(1.,0.707106781186548,1.),(1.,0.707106781186546,
1.),(1.,0.707106781186549,1.),(1.,0.707106781186547,1.),(1.,0.707106781186548,
1.),(1.,0.707106781186548,1.)))
REPRESENTATION_ITEM('')
SURFACE()
);
#154=(
BOUNDED_SURFACE()
B_SPLINE_SURFACE(3,2,((#1796,#1797,#1798),(#1799,#1800,#1801),(#1802,#1803,
#1804),(#1805,#1806,#1807),(#1808,#1809,#1810),(#1811,#1812,#1813),(#1814,
#1815,#1816),(#1817,#1818,#1819),(#1820,#1821,#1822),(#1823,#1824,#1825),
(#1826,#1827,#1828),(#1829,#1830,#1831),(#1832,#1833,#1834),(#1835,#1836,
#1837),(#1838,#1839,#1840),(#1841,#1842,#1843),(#1844,#1845,#1846),(#1847,
#1848,#1849),(#1850,#1851,#1852),(#1853,#1854,#1855),(#1856,#1857,#1858),
(#1859,#1860,#1861),(#1862,#1863,#1864),(#1865,#1866,#1867),(#1868,#1869,
#1870),(#1871,#1872,#1873),(#1874,#1875,#1876),(#1877,#1878,#1879),(#1880,
#1881,#1882),(#1883,#1884,#1885),(#1886,#1887,#1888),(#1889,#1890,#1891),
(#1892,#1893,#1894),(#1895,#1896,#1897),(#1898,#1899,#1900),(#1901,#1902,
#1903),(#1904,#1905,#1906),(#1907,#1908,#1909),(#1910,#1911,#1912),(#1913,
#1914,#1915),(#1916,#1917,#1918),(#1919,#1920,#1921),(#1922,#1923,#1924),
(#1925,#1926,#1927),(#1928,#1929,#1930),(#1931,#1932,#1933),(#1934,#1935,
#1936),(#1937,#1938,#1939),(#1940,#1941,#1942),(#1943,#1944,#1945),(#1946,
#1947,#1948),(#1949,#1950,#1951),(#1952,#1953,#1954),(#1955,#1956,#1957),
(#1958,#1959,#1960),(#1961,#1962,#1963),(#1964,#1965,#1966),(#1967,#1968,
#1969),(#1970,#1971,#1972),(#1973,#1974,#1975),(#1976,#1977,#1978),(#1979,
#1980,#1981),(#1982,#1983,#1984),(#1985,#1986,#1987),(#1988,#1989,#1990),
(#1991,#1992,#1993),(#1994,#1995,#1996),(#1997,#1998,#1999),(#2000,#2001,
#2002),(#2003,#2004,#2005),(#2006,#2007,#2008),(#2009,#2010,#2011),(#2012,
#2013,#2014)),.UNSPECIFIED.,.T.,.F.,.F.)
B_SPLINE_SURFACE_WITH_KNOTS((1,3,1,1,1,1,1,1,1,1,1,1,1,1,1,1,1,1,1,1,1,
1,1,1,1,1,1,1,1,1,1,1,1,1,1,1,1,1,1,1,1,1,1,1,1,1,1,1,1,1,1,1,1,1,1,1,1,
1,1,1,1,1,1,1,1,1,1,1,1,1,1,3,1),(3,3),(-0.00718695552616438,0.,0.00359347776308219,
0.00718695552616439,0.0143739110523288,0.0287478221046575,0.0431217331569863,
0.0503086886831507,0.0574956442093151,0.0646825997354795,0.0718695552616439,
0.0790565107878082,0.0826499885508904,0.0862434663139726,0.0898369440770548,
0.093430421840137,0.100617377366301,0.104210855129384,0.107804332892466,
0.11499128841863,0.122178243944795,0.129365199470959,0.143739110523288,
0.158113021575616,0.165299977101781,0.172486932627945,0.186860843680274,
0.194047799206438,0.201234754732603,0.208421710258767,0.215608665784932,
0.222795621311096,0.22998257683726,0.237169532363425,0.244356487889589,
0.247949965652671,0.251543443415754,0.255136921178836,0.258730398941918,
0.262323876705,0.265917354468082,0.269510832231164,0.273104309994247,0.276697787757329,
0.280291265520411,0.287478221046575,0.29466517657274,0.301852132098904,
0.309039087625069,0.316226043151233,0.323412998677397,0.330599954203562,
0.344973865255891,0.352160820782055,0.359347776308219,0.373721687360548,
0.380908642886712,0.388095598412877,0.395282553939041,0.402469509465206,
0.40965646499137,0.416843420517534,0.420436898280617,0.424030376043699,
0.427623853806781,0.431217331569863,0.434810809332945,0.438404287096028,
0.44199776485911,0.445591242622192,0.452778198148356,0.459965153674521,
0.463558631437603),(0.,1.),.UNSPECIFIED.)
GEOMETRIC_REPRESENTATION_ITEM()
RATIONAL_B_SPLINE_SURFACE(((1.,0.707106781186547,1.),(1.,0.707106781186547,
1.),(1.,0.707106781186548,1.),(1.,0.707106781186548,1.),(1.,0.707106781186548,
1.),(1.,0.707106781186548,1.),(1.,0.707106781186547,1.),(1.,0.707106781186548,
1.),(1.,0.707106781186548,1.),(1.,0.707106781186547,1.),(1.,0.707106781186548,
1.),(1.,0.707106781186547,1.),(1.,0.707106781186548,1.),(1.,0.707106781186547,
1.),(1.,0.707106781186548,1.),(1.,0.707106781186548,1.),(1.,0.707106781186548,
1.),(1.,0.707106781186547,1.),(1.,0.707106781186548,1.),(1.,0.707106781186548,
1.),(1.,0.707106781186547,1.),(1.,0.707106781186548,1.),(1.,0.707106781186546,
1.),(1.,0.707106781186548,1.),(1.,0.707106781186548,1.),(1.,0.707106781186547,
1.),(1.,0.707106781186548,1.),(1.,0.707106781186548,1.),(1.,0.707106781186548,
1.),(1.,0.707106781186548,1.),(1.,0.707106781186547,1.),(1.,0.707106781186548,
1.),(1.,0.707106781186548,1.),(1.,0.707106781186548,1.),(1.,0.707106781186547,
1.),(1.,0.707106781186548,1.),(1.,0.707106781186548,1.),(1.,0.707106781186548,
1.),(1.,0.707106781186548,1.),(1.,0.707106781186547,1.),(1.,0.707106781186547,
1.),(1.,0.707106781186548,1.),(1.,0.707106781186548,1.),(1.,0.707106781186548,
1.),(1.,0.707106781186547,1.),(1.,0.707106781186548,1.),(1.,0.707106781186547,
1.),(1.,0.707106781186548,1.),(1.,0.707106781186548,1.),(1.,0.707106781186548,
1.),(1.,0.707106781186548,1.),(1.,0.707106781186547,1.),(1.,0.707106781186548,
1.),(1.,0.707106781186548,1.),(1.,0.707106781186547,1.),(1.,0.707106781186548,
1.),(1.,0.707106781186548,1.),(1.,0.707106781186548,1.),(1.,0.707106781186548,
1.),(1.,0.707106781186548,1.),(1.,0.707106781186548,1.),(1.,0.707106781186548,
1.),(1.,0.707106781186548,1.),(1.,0.707106781186547,1.),(1.,0.707106781186548,
1.),(1.,0.707106781186548,1.),(1.,0.707106781186548,1.),(1.,0.707106781186547,
1.),(1.,0.707106781186548,1.),(1.,0.707106781186548,1.),(1.,0.707106781186548,
1.),(1.,0.707106781186547,1.),(1.,0.707106781186547,1.)))
REPRESENTATION_ITEM('')
SURFACE()
);
#155=ADVANCED_FACE('',(#122,#123),#149,.T.);
#156=ADVANCED_FACE('',(#124,#125),#17,.F.);
#157=ADVANCED_FACE('',(#126,#127),#18,.F.);
#158=ADVANCED_FACE('',(#128,#129),#19,.F.);
#159=ADVANCED_FACE('',(#130,#131,#132),#12,.T.);
#160=ADVANCED_FACE('',(#133,#134),#150,.T.);
#161=ADVANCED_FACE('',(#135,#136),#151,.T.);
#162=ADVANCED_FACE('',(#137,#138),#152,.T.);
#163=ADVANCED_FACE('',(#139,#140),#153,.T.);
#164=ADVANCED_FACE('',(#141,#142),#154,.T.);
#165=ADVANCED_FACE('',(#143),#13,.T.);
#166=ADVANCED_FACE('',(#144,#145),#20,.F.);
#167=ADVANCED_FACE('',(#146),#14,.T.);
#168=ADVANCED_FACE('',(#147),#15,.T.);
#169=ADVANCED_FACE('',(#148),#16,.F.);
#170=CLOSED_SHELL('',(#155,#156,#157,#158,#159,#160,#161,#162,#163,#164,
#165,#166,#167,#168,#169));
#171=STYLED_ITEM('',(#172),#179);
#172=PRESENTATION_STYLE_ASSIGNMENT((#173));
#173=SURFACE_STYLE_USAGE(.BOTH.,#174);
#174=SURFACE_SIDE_STYLE('',(#175));
#175=SURFACE_STYLE_FILL_AREA(#176);
#176=FILL_AREA_STYLE('',(#177));
#177=FILL_AREA_STYLE_COLOUR('',#178);
#178=COLOUR_RGB('',0.615686274509804,0.811764705882353,0.929411764705882);
#179=MANIFOLD_SOLID_BREP('Part 1',#170);
#180=SHAPE_DEFINITION_REPRESENTATION(#2070,#181);
#181=SHAPE_REPRESENTATION('Part 1',(#182),#2065);
#182=AXIS2_PLACEMENT_3D('',#200,#188,#189);
#183=AXIS2_PLACEMENT_3D('',#880,#190,#191);
#184=AXIS2_PLACEMENT_3D('',#2015,#192,#193);
#185=AXIS2_PLACEMENT_3D('',#2061,#194,#195);
#186=AXIS2_PLACEMENT_3D('',#2062,#196,#197);
#187=AXIS2_PLACEMENT_3D('',#2063,#198,#199);
#188=DIRECTION('',(0.,0.,1.));
#189=DIRECTION('',(1.,0.,0.));
#190=DIRECTION('',(0.,0.,1.));
#191=DIRECTION('',(1.,0.,0.));
#192=DIRECTION('',(0.,0.,1.));
#193=DIRECTION('',(1.,0.,0.));
#194=DIRECTION('',(0.,0.,1.));
#195=DIRECTION('',(1.,0.,0.));
#196=DIRECTION('',(0.,0.,1.));
#197=DIRECTION('',(1.,0.,0.));
#198=DIRECTION('',(0.,0.,1.));
#199=DIRECTION('',(1.,0.,0.));
#200=CARTESIAN_POINT('',(0.,0.,0.));
#201=CARTESIAN_POINT('',(0.0172499572121913,0.0851850494505461,0.00117888026236385));
#202=CARTESIAN_POINT('',(0.0174338961802539,0.0869507396099866,0.00267706162703871));
#203=CARTESIAN_POINT('',(0.0174338961802539,0.0869507396099866,0.005));
#204=CARTESIAN_POINT('',(0.0123432991254752,0.0856969224867835,0.00117888026236385));
#205=CARTESIAN_POINT('',(0.0124613154358739,0.0874695159198368,0.00267706162703871));
#206=CARTESIAN_POINT('',(0.0124613154358739,0.0874695159198368,0.005));
#207=CARTESIAN_POINT('',(0.00264411674167471,0.0861562814348319,0.00117888026236386));
#208=CARTESIAN_POINT('',(0.00265969006335367,0.087932624816271,0.00267706162703872));
#209=CARTESIAN_POINT('',(0.00265969006335367,0.087932624816271,0.00500000000000001));
#210=CARTESIAN_POINT('',(-0.00944483389400609,0.0859038444019257,0.00117888026236385));
#211=CARTESIAN_POINT('',(-0.00952564085473615,0.0876787080440777,0.00267706162703871));
#212=CARTESIAN_POINT('',(-0.00952564085473615,0.0876787080440777,0.005));
#213=CARTESIAN_POINT('',(-0.019180284836671,0.0850398770477947,0.00117888026236385));
#214=CARTESIAN_POINT('',(-0.0193871886735479,0.0868041258995351,0.00267706162703871));
#215=CARTESIAN_POINT('',(-0.0193871886735479,0.0868041258995351,0.005));
#216=CARTESIAN_POINT('',(-0.0265358450919464,0.0839334906399912,0.00117888026236386));
#217=CARTESIAN_POINT('',(-0.0268621447837845,0.085680222632508,0.00267706162703872));
#218=CARTESIAN_POINT('',(-0.0268621447837845,0.085680222632508,0.005));
#219=CARTESIAN_POINT('',(-0.0337964974033293,0.082262107403646,0.00117888026236385));
#220=CARTESIAN_POINT('',(-0.0342750569341444,0.0839747298180774,0.00267706162703871));
#221=CARTESIAN_POINT('',(-0.0342750569341444,0.0839747298180774,0.005));
#222=CARTESIAN_POINT('',(-0.0410098720984567,0.0798080323245449,0.00117888026236385));
#223=CARTESIAN_POINT('',(-0.0416863003934947,0.0814550841431498,0.00267706162703871));
#224=CARTESIAN_POINT('',(-0.0416863003934947,0.0814550841431498,0.005));
#225=CARTESIAN_POINT('',(-0.0467064590333377,0.0769613027148184,0.00117888026236385));
#226=CARTESIAN_POINT('',(-0.0475891277149749,0.0785079031922353,0.00267706162703871));
#227=CARTESIAN_POINT('',(-0.0475891277149749,0.0785079031922353,0.005));
#228=CARTESIAN_POINT('',(-0.0509706273253894,0.0740729401640449,0.00117888026236385));
#229=CARTESIAN_POINT('',(-0.0520383094417383,0.0754950066981227,0.00267706162703871));
#230=CARTESIAN_POINT('',(-0.0520383094417383,0.0754950066981228,0.005));
#231=CARTESIAN_POINT('',(-0.0540180592516814,0.0715268955055465,0.00117888026236385));
#232=CARTESIAN_POINT('',(-0.0552318720058392,0.0728273565903065,0.00267706162703871));
#233=CARTESIAN_POINT('',(-0.0552318720058392,0.0728273565903065,0.005));
#234=CARTESIAN_POINT('',(-0.05677178009778,0.0686449580738007,0.00117888026236384));
#235=CARTESIAN_POINT('',(-0.0581266034377287,0.0697984562109483,0.0026770616270387));
#236=CARTESIAN_POINT('',(-0.0581266034377288,0.0697984562109483,0.00499999999999999));
#237=CARTESIAN_POINT('',(-0.0591551583361655,0.0654866139692156,0.00117888026236385));
#238=CARTESIAN_POINT('',(-0.0606369265294577,0.0664716273565727,0.00267706162703871));
#239=CARTESIAN_POINT('',(-0.0606369265294578,0.0664716273565727,0.005));
#240=CARTESIAN_POINT('',(-0.0611624434554381,0.0620570529242722,0.00117888026236386));
#241=CARTESIAN_POINT('',(-0.0627426649954385,0.0628725367676713,0.00267706162703872));
#242=CARTESIAN_POINT('',(-0.0627426649954385,0.0628725367676713,0.005));
#243=CARTESIAN_POINT('',(-0.063335289683349,0.0573134231828797,0.00117888026236385));
#244=CARTESIAN_POINT('',(-0.0650029280919973,0.0579355324571215,0.00267706162703871));
#245=CARTESIAN_POINT('',(-0.0650029280919973,0.0579355324571215,0.005));
#246=CARTESIAN_POINT('',(-0.0652469611431764,0.0512933833887013,0.00117888026236385));
#247=CARTESIAN_POINT('',(-0.0669729348289323,0.0517245255881246,0.00267706162703871));
#248=CARTESIAN_POINT('',(-0.0669729348289323,0.0517245255881246,0.005));
#249=CARTESIAN_POINT('',(-0.0666944826286488,0.0438724346899218,0.00117888026236384));
#250=CARTESIAN_POINT('',(-0.0684531745096647,0.0441297576436361,0.00267706162703871));
#251=CARTESIAN_POINT('',(-0.0684531745096647,0.0441297576436361,0.005));
#252=CARTESIAN_POINT('',(-0.0674748522156581,0.0365102375281557,0.00117888026236385));
#253=CARTESIAN_POINT('',(-0.0692470367151235,0.0366345136434887,0.00267706162703871));
#254=CARTESIAN_POINT('',(-0.0692470367151235,0.0366345136434887,0.005));
#255=CARTESIAN_POINT('',(-0.0678536736179648,0.0267744542420664,0.00117888026236385));
#256=CARTESIAN_POINT('',(-0.0696309125204998,0.02675741584456,0.00267706162703871));
#257=CARTESIAN_POINT('',(-0.0696309125204997,0.02675741584456,0.005));
#258=CARTESIAN_POINT('',(-0.0673499550815189,0.0147044920844156,0.00117888026236385));
#259=CARTESIAN_POINT('',(-0.0691206445207457,0.0145558016250752,0.00267706162703871));
#260=CARTESIAN_POINT('',(-0.0691206445207457,0.0145558016250752,0.005));
#261=CARTESIAN_POINT('',(-0.0659030194515475,0.00266604147677386,0.00117888026236385));
#262=CARTESIAN_POINT('',(-0.0676611437418898,0.00241477198054416,0.00267706162703871));
#263=CARTESIAN_POINT('',(-0.0676611437418898,0.00241477198054416,0.005));
#264=CARTESIAN_POINT('',(-0.0642758201356881,-0.00686403018288747,0.00117888026236385));
#265=CARTESIAN_POINT('',(-0.0660209943260019,-0.00719098007113487,0.00267706162703871));
#266=CARTESIAN_POINT('',(-0.0660209943260019,-0.00719098007113487,0.005));
#267=CARTESIAN_POINT('',(-0.0623611374608037,-0.0162940154612104,0.00117888026236385));
#268=CARTESIAN_POINT('',(-0.064091891367758,-0.0166918393280963,0.00267706162703871));
#269=CARTESIAN_POINT('',(-0.064091891367758,-0.0166918393280963,0.005));
#270=CARTESIAN_POINT('',(-0.0599306054367816,-0.0256743531970892,0.00117888026236385));
#271=CARTESIAN_POINT('',(-0.0616331984018473,-0.026189923769553,0.00267706162703871));
#272=CARTESIAN_POINT('',(-0.0616331984018473,-0.026189923769553,0.005));
#273=CARTESIAN_POINT('',(-0.0564597757285178,-0.0348789733918896,0.00117888026236385));
#274=CARTESIAN_POINT('',(-0.058094224949461,-0.0355785993118687,0.00267706162703871));
#275=CARTESIAN_POINT('',(-0.0580942249494611,-0.0355785993118687,0.005));
#276=CARTESIAN_POINT('',(-0.0531338001156977,-0.0416824573961039,0.00117888026236385));
#277=CARTESIAN_POINT('',(-0.0546870954751329,-0.0425497750361019,0.00267706162703871));
#278=CARTESIAN_POINT('',(-0.0546870954751329,-0.0425497750361019,0.005));
#279=CARTESIAN_POINT('',(-0.0490238575747789,-0.0481338625809929,0.00117888026236385));
#280=CARTESIAN_POINT('',(-0.0504665601862298,-0.0491749121585198,0.00267706162703871));
#281=CARTESIAN_POINT('',(-0.0504665601862298,-0.0491749121585198,0.005));
#282=CARTESIAN_POINT('',(-0.0442958983231016,-0.0539762903179967,0.00117888026236385));
#283=CARTESIAN_POINT('',(-0.0456188925408481,-0.0551642189881687,0.00267706162703871));
#284=CARTESIAN_POINT('',(-0.0456188925408481,-0.0551642189881687,0.005));
#285=CARTESIAN_POINT('',(-0.0390221337482975,-0.0593340415518209,0.00117888026236386));
#286=CARTESIAN_POINT('',(-0.0402304448372013,-0.0606379477083713,0.00267706162703872));
#287=CARTESIAN_POINT('',(-0.0402304448372013,-0.0606379477083713,0.005));
#288=CARTESIAN_POINT('',(-0.0332236665323439,-0.0642226322304613,0.00117888026236385));
#289=CARTESIAN_POINT('',(-0.0343038483467651,-0.0656349634114513,0.00267706162703871));
#290=CARTESIAN_POINT('',(-0.0343038483467651,-0.0656349634114513,0.005));
#291=CARTESIAN_POINT('',(-0.027042933900899,-0.0684775760692032,0.00117888026236385));
#292=CARTESIAN_POINT('',(-0.0279751759718704,-0.0699922661589116,0.00267706162703871));
#293=CARTESIAN_POINT('',(-0.0279751759718704,-0.0699922661589116,0.005));
#294=CARTESIAN_POINT('',(-0.020390729861236,-0.0720768009370173,0.00117888026236385));
#295=CARTESIAN_POINT('',(-0.0211400422741583,-0.0736918155325783,0.00267706162703871));
#296=CARTESIAN_POINT('',(-0.0211400422741583,-0.0736918155325783,0.005));
#297=CARTESIAN_POINT('',(-0.013083359603904,-0.0748573472706245,0.00117888026236385));
#298=CARTESIAN_POINT('',(-0.0135879355020046,-0.0765672709421538,0.00267706162703871));
#299=CARTESIAN_POINT('',(-0.0135879355020046,-0.0765672709421538,0.005));
#300=CARTESIAN_POINT('',(-0.00674286533953841,-0.0761461234309671,0.00117888026236384));
#301=CARTESIAN_POINT('',(-0.00698543178349734,-0.0779126562408123,0.0026770616270387));
#302=CARTESIAN_POINT('',(-0.00698543178349734,-0.0779126562408123,0.00499999999999999));
#303=CARTESIAN_POINT('',(-0.00139055151231228,-0.0763907328130254,0.00117888026236386));
#304=CARTESIAN_POINT('',(-0.00136747070821555,-0.0781698186405976,0.00267706162703872));
#305=CARTESIAN_POINT('',(-0.00136747070821555,-0.0781698186405976,0.00500000000000001));
#306=CARTESIAN_POINT('',(0.0039532256187891,-0.0760087171118835,0.00117888026236385));
#307=CARTESIAN_POINT('',(0.00424041254790126,-0.0777684499688467,0.00267706162703871));
#308=CARTESIAN_POINT('',(0.00424041254790126,-0.0777684499688467,0.005));
#309=CARTESIAN_POINT('',(0.0102788294716809,-0.0745583435816743,0.00117888026236385));
#310=CARTESIAN_POINT('',(0.0108239492008606,-0.0762555112388446,0.00267706162703871));
#311=CARTESIAN_POINT('',(0.0108239492008606,-0.0762555112388446,0.005));
#312=CARTESIAN_POINT('',(0.0175138575743658,-0.0716183744550102,0.00117888026236385));
#313=CARTESIAN_POINT('',(0.0182960485235501,-0.0732174233671494,0.00267706162703871));
#314=CARTESIAN_POINT('',(0.0182960485235501,-0.0732174233671494,0.005));
#315=CARTESIAN_POINT('',(0.0241011010325872,-0.067893846755627,0.00117888026236385));
#316=CARTESIAN_POINT('',(0.0250595169239054,-0.0693919188117891,0.00267706162703871));
#317=CARTESIAN_POINT('',(0.0250595169239054,-0.0693919188117891,0.005));
#318=CARTESIAN_POINT('',(0.0302651971918151,-0.063501478213379,0.00117888026236385));
#319=CARTESIAN_POINT('',(0.0313662066958455,-0.0648974263166589,0.00267706162703871));
#320=CARTESIAN_POINT('',(0.0313662066958455,-0.0648974263166589,0.005));
#321=CARTESIAN_POINT('',(0.0359953884678214,-0.0585368225711475,0.00117888026236385));
#322=CARTESIAN_POINT('',(0.0372182197430422,-0.0598268067182257,0.00267706162703871));
#323=CARTESIAN_POINT('',(0.0372182197430422,-0.0598268067182257,0.005));
#324=CARTESIAN_POINT('',(0.0412042498209656,-0.0531496938316233,0.00117888026236385));
#325=CARTESIAN_POINT('',(0.0425355893901024,-0.0543279947328748,0.00267706162703871));
#326=CARTESIAN_POINT('',(0.0425355893901024,-0.0543279947328748,0.005));
#327=CARTESIAN_POINT('',(0.0459523248985448,-0.04721232611648,0.00117888026236385));
#328=CARTESIAN_POINT('',(0.047399754583964,-0.0482464605259945,0.00267706162703871));
#329=CARTESIAN_POINT('',(0.047399754583964,-0.0482464605259945,0.005));
#330=CARTESIAN_POINT('',(0.0500364815376605,-0.0407542826843623,0.00117888026236385));
#331=CARTESIAN_POINT('',(0.0515897023662587,-0.0416209254888552,0.00267706162703871));
#332=CARTESIAN_POINT('',(0.0515897023662587,-0.0416209254888552,0.005));
#333=CARTESIAN_POINT('',(0.0533529971063833,-0.0340284435100847,0.00117888026236385));
#334=CARTESIAN_POINT('',(0.0549821574645594,-0.0347392170318847,0.00267706162703871));
#335=CARTESIAN_POINT('',(0.0549821574645594,-0.0347392170318847,0.005));
#336=CARTESIAN_POINT('',(0.0560584109055851,-0.0270878277148964,0.00117888026236385));
#337=CARTESIAN_POINT('',(0.0577356179465444,-0.0276732590631122,0.00267706162703871));
#338=CARTESIAN_POINT('',(0.0577356179465444,-0.0276732590631122,0.005));
#339=CARTESIAN_POINT('',(0.058307048590485,-0.0200012911872827,0.00117888026236385));
#340=CARTESIAN_POINT('',(0.0600126175021172,-0.0204957324002902,0.00267706162703871));
#341=CARTESIAN_POINT('',(0.0600126175021172,-0.0204957324002902,0.005));
#342=CARTESIAN_POINT('',(0.0602136794444627,-0.0129172395592172,0.00117888026236385));
#343=CARTESIAN_POINT('',(0.0619352124011965,-0.0133514871687508,0.00267706162703871));
#344=CARTESIAN_POINT('',(0.0619352124011965,-0.0133514871687508,0.005));
#345=CARTESIAN_POINT('',(0.0624788704561306,-0.00347204164353191,0.00117888026236385));
#346=CARTESIAN_POINT('',(0.0642136350240888,-0.00385093930956888,0.00267706162703871));
#347=CARTESIAN_POINT('',(0.0642136350240888,-0.00385093930956888,0.005));
#348=CARTESIAN_POINT('',(0.0648422618756992,0.0084478336642959,0.00117888026236385));
#349=CARTESIAN_POINT('',(0.0665947701354562,0.00815659618886496,0.00267706162703871));
#350=CARTESIAN_POINT('',(0.0665947701354562,0.00815659618886496,0.005));
#351=CARTESIAN_POINT('',(0.0664065076764056,0.0205499289168321,0.00117888026236385));
#352=CARTESIAN_POINT('',(0.0681743717199606,0.0203717718555473,0.00267706162703871));
#353=CARTESIAN_POINT('',(0.0681743717199606,0.0203717718555473,0.005));
#354=CARTESIAN_POINT('',(0.0669788806134993,0.0304050939036579,0.00117888026236385));
#355=CARTESIAN_POINT('',(0.0687543098267197,0.0303508047183504,0.00267706162703871));
#356=CARTESIAN_POINT('',(0.0687543098267198,0.0303508047183504,0.005));
#357=CARTESIAN_POINT('',(0.0669702314347609,0.0379178320021828,0.00117888026236385));
#358=CARTESIAN_POINT('',(0.0687459724001808,0.0379810439162949,0.00267706162703871));
#359=CARTESIAN_POINT('',(0.0687459724001808,0.0379810439162949,0.005));
#360=CARTESIAN_POINT('',(0.0664000673152713,0.045410792259936,0.00117888026236385));
#361=CARTESIAN_POINT('',(0.0681651565675942,0.0456246827460102,0.00267706162703871));
#362=CARTESIAN_POINT('',(0.0681651565675941,0.0456246827460102,0.005));
#363=CARTESIAN_POINT('',(0.0652880654626831,0.0517148152775942,0.00117888026236385));
#364=CARTESIAN_POINT('',(0.067024956517669,0.0520981711853368,0.00267706162703871));
#365=CARTESIAN_POINT('',(0.067024956517669,0.0520981711853368,0.005));
#366=CARTESIAN_POINT('',(0.0638595001121775,0.056694623375868,0.00117888026236386));
#367=CARTESIAN_POINT('',(0.0655472890638595,0.0572515298550893,0.00267706162703872));
#368=CARTESIAN_POINT('',(0.0655472890638595,0.0572515298550893,0.005));
#369=CARTESIAN_POINT('',(0.0624727467432614,0.0603512233906677,0.00117888026236384));
#370=CARTESIAN_POINT('',(0.0641037477217109,0.0610594397701562,0.00267706162703871));
#371=CARTESIAN_POINT('',(0.0641037477217109,0.0610594397701562,0.005));
#372=CARTESIAN_POINT('',(0.060680279997549,0.0639502572298256,0.00117888026236386));
#373=CARTESIAN_POINT('',(0.0622244692237532,0.0648353704496994,0.00267706162703872));
#374=CARTESIAN_POINT('',(0.0622244692237532,0.0648353704496994,0.005));
#375=CARTESIAN_POINT('',(0.0584216172107863,0.0673471382294917,0.00117888026236385));
#376=CARTESIAN_POINT('',(0.0598354930428381,0.0684290694819623,0.00267706162703871));
#377=CARTESIAN_POINT('',(0.0598354930428381,0.0684290694819623,0.005));
#378=CARTESIAN_POINT('',(0.0557916036283322,0.0703704073823849,0.00117888026236385));
#379=CARTESIAN_POINT('',(0.0570605192471538,0.071617948847388,0.00267706162703871));
#380=CARTESIAN_POINT('',(0.0570605192471538,0.071617948847388,0.005));
#381=CARTESIAN_POINT('',(0.0527901814661276,0.0730836428487137,0.00117888026236385));
#382=CARTESIAN_POINT('',(0.0539059681469179,0.074468948904704,0.00267706162703872));
#383=CARTESIAN_POINT('',(0.0539059681469179,0.074468948904704,0.005));
#384=CARTESIAN_POINT('',(0.0495821245594242,0.075401099113145,0.00117888026236385));
#385=CARTESIAN_POINT('',(0.050552182396776,0.0768909453424898,0.00267706162703871));
#386=CARTESIAN_POINT('',(0.050552182396776,0.0768909453424898,0.005));
#387=CARTESIAN_POINT('',(0.0451142226796303,0.0780340115861698,0.00117888026236385));
#388=CARTESIAN_POINT('',(0.0459062156457325,0.0796280176715816,0.00267706162703871));
#389=CARTESIAN_POINT('',(0.0459062156457325,0.0796280176715816,0.005));
#390=CARTESIAN_POINT('',(0.0391760222405123,0.0806186257783103,0.00117888026236385));
#391=CARTESIAN_POINT('',(0.0397776837783969,0.0822931688186369,0.00267706162703871));
#392=CARTESIAN_POINT('',(0.0397776837783969,0.0822931688186369,0.005));
#393=CARTESIAN_POINT('',(0.0319390102272439,0.0827827949899335,0.00117888026236385));
#394=CARTESIAN_POINT('',(0.0323659813244774,0.0845082892463078,0.00267706162703871));
#395=CARTESIAN_POINT('',(0.0323659813244774,0.0845082892463078,0.005));
#396=CARTESIAN_POINT('',(0.0246384777896735,0.0842761431150833,0.00117888026236385));
#397=CARTESIAN_POINT('',(0.024928651325884,0.0860289642143948,0.00267706162703871));
#398=CARTESIAN_POINT('',(0.024928651325884,0.0860289642143948,0.005));
#399=CARTESIAN_POINT('',(0.0197032862555494,0.0849291129324274,0.00117888026236385));
#400=CARTESIAN_POINT('',(0.019920186552444,0.0866913514550615,0.00267706162703871));
#401=CARTESIAN_POINT('',(0.019920186552444,0.0866913514550615,0.005));
#402=CARTESIAN_POINT('',(0.0172499572121913,0.0851850494505461,0.00117888026236385));
#403=CARTESIAN_POINT('',(0.0174338961802539,0.0869507396099866,0.00267706162703871));
#404=CARTESIAN_POINT('',(0.0174338961802539,0.0869507396099866,0.005));
#405=CARTESIAN_POINT('',(0.00636198611977922,0.0877404728564307,0.00500000000000001));
#406=CARTESIAN_POINT('',(-0.00140231328866632,0.0878211221484924,0.005));
#407=CARTESIAN_POINT('',(-0.00906375625586228,0.0876274561238119,0.005));
#408=CARTESIAN_POINT('',(-0.0192736074430376,0.0869108543261634,0.005));
#409=CARTESIAN_POINT('',(-0.029423316698823,0.0853385557749499,0.005));
#410=CARTESIAN_POINT('',(-0.0392449950594387,0.082390211268138,0.005));
#411=CARTESIAN_POINT('',(-0.0462836981417962,0.0792985991439555,0.005));
#412=CARTESIAN_POINT('',(-0.0516059795563158,0.0759085879389205,0.005));
#413=CARTESIAN_POINT('',(-0.0555245347793275,0.0725357869747656,0.005));
#414=CARTESIAN_POINT('',(-0.0581638346860053,0.0697341682297049,0.005));
#415=CARTESIAN_POINT('',(-0.0604715133014817,0.0666948711694686,0.005));
#416=CARTESIAN_POINT('',(-0.0624563776632669,0.0633985016864376,0.005));
#417=CARTESIAN_POINT('',(-0.0641301483639364,0.0598996433920959,0.00499999999999999));
#418=CARTESIAN_POINT('',(-0.0659490955289224,0.055135404921908,0.005));
#419=CARTESIAN_POINT('',(-0.0676017787007108,0.0489715373361428,0.005));
#420=CARTESIAN_POINT('',(-0.0692210414330073,0.0388017394177213,0.005));
#421=CARTESIAN_POINT('',(-0.0697252158595148,0.0261648810379221,0.00500000000000001));
#422=CARTESIAN_POINT('',(-0.0688094069907549,0.0110014821889589,0.005));
#423=CARTESIAN_POINT('',(-0.0666872865314212,-0.00417330858621068,0.005));
#424=CARTESIAN_POINT('',(-0.0641528946995364,-0.0165842815547813,0.005));
#425=CARTESIAN_POINT('',(-0.0614647581830783,-0.0263230791566787,0.005));
#426=CARTESIAN_POINT('',(-0.0589559321425878,-0.0334818236151462,0.005));
#427=CARTESIAN_POINT('',(-0.0558056556901775,-0.0404583889486191,0.005));
#428=CARTESIAN_POINT('',(-0.0505282688722711,-0.0494218037650582,0.005));
#429=CARTESIAN_POINT('',(-0.0439490399280584,-0.0572004999457794,0.00500000000000001));
#430=CARTESIAN_POINT('',(-0.0362204669365245,-0.0641238391257788,0.005));
#431=CARTESIAN_POINT('',(-0.0300363272011091,-0.0686745819353547,0.005));
#432=CARTESIAN_POINT('',(-0.0245316976572389,-0.0719115792004874,0.005));
#433=CARTESIAN_POINT('',(-0.0198887328521206,-0.0741056009420901,0.005));
#434=CARTESIAN_POINT('',(-0.0150417816591297,-0.0760103718094801,0.005));
#435=CARTESIAN_POINT('',(-0.0100809153132277,-0.0773486967848551,0.005));
#436=CARTESIAN_POINT('',(-0.00500336588373521,-0.0780219189044114,0.00500000000000001));
#437=CARTESIAN_POINT('',(-0.0010976269117496,-0.0781524800596773,0.005));
#438=CARTESIAN_POINT('',(0.00278649703305354,-0.0778666399452152,0.005));
#439=CARTESIAN_POINT('',(0.00658083852870486,-0.0772174625496044,0.005));
#440=CARTESIAN_POINT('',(0.0103085692422158,-0.0762425753085829,0.005));
#441=CARTESIAN_POINT('',(0.0152180007433594,-0.0745345673104479,0.005));
#442=CARTESIAN_POINT('',(0.0210577735589097,-0.0717715498668896,0.005));
#443=CARTESIAN_POINT('',(0.0275794387697295,-0.0677082485259241,0.005));
#444=CARTESIAN_POINT('',(0.0337408389107215,-0.062953296326269,0.005));
#445=CARTESIAN_POINT('',(0.0394011320315715,-0.0576844562430814,0.00500000000000001));
#446=CARTESIAN_POINT('',(0.0445508679155597,-0.0519636253705267,0.005));
#447=CARTESIAN_POINT('',(0.0491545291880765,-0.0456651439803253,0.005));
#448=CARTESIAN_POINT('',(0.0529894847441503,-0.0389813858460353,0.005));
#449=CARTESIAN_POINT('',(0.0571805021620218,-0.0296517568456947,0.005));
#450=CARTESIAN_POINT('',(0.0602821116126113,-0.0197753968380946,0.005));
#451=CARTESIAN_POINT('',(0.0628054713579152,-0.0098270067662808,0.005));
#452=CARTESIAN_POINT('',(0.0650657237260515,0.00017015776496535,0.00500000000000001));
#453=CARTESIAN_POINT('',(0.0673249623062141,0.0127651231774246,0.005));
#454=CARTESIAN_POINT('',(0.0686236982752623,0.0255089728844601,0.005));
#455=CARTESIAN_POINT('',(0.0688032741135613,0.0358826533390087,0.005));
#456=CARTESIAN_POINT('',(0.0683826357364438,0.043616819706943,0.005));
#457=CARTESIAN_POINT('',(0.0674436783632658,0.050009134844715,0.005));
#458=CARTESIAN_POINT('',(0.0662105866506909,0.0550637489916612,0.005));
#459=CARTESIAN_POINT('',(0.0650210832662394,0.0587446954943467,0.005));
#460=CARTESIAN_POINT('',(0.0635280573042455,0.0623077909059178,0.005));
#461=CARTESIAN_POINT('',(0.0610329919508107,0.0669084863480098,0.005));
#462=CARTESIAN_POINT('',(0.0578324768749005,0.0709264028031524,0.005));
#463=CARTESIAN_POINT('',(0.0539529222379118,0.0744172352471951,0.005));
#464=CARTESIAN_POINT('',(0.04978189679531,0.077466155904509,0.00499999999999999));
#465=CARTESIAN_POINT('',(0.0441283038994545,0.0805381803200607,0.00500000000000001));
#466=CARTESIAN_POINT('',(0.0368209768906011,0.0832760262123705,0.005));
#467=CARTESIAN_POINT('',(0.0293832497192398,0.0851932281602994,0.005));
#468=CARTESIAN_POINT('',(0.0217922981213379,0.086506144539281,0.005));
#469=CARTESIAN_POINT('',(0.014079882449248,0.0873267038954235,0.00500000000000001));
#470=CARTESIAN_POINT('',(0.00636198611977922,0.0877404728564307,0.00500000000000001));
#471=CARTESIAN_POINT('',(-0.00140231328866632,0.0878211221484924,0.005));
#472=CARTESIAN_POINT('',(-0.00906375625586228,0.0876274561238119,0.005));
#473=CARTESIAN_POINT('',(-0.00138517054845805,0.0877754029290354,0.005));
#474=CARTESIAN_POINT('',(-0.0326611604671886,0.0832454480309714,0.002));
#475=CARTESIAN_POINT('',(-0.0292858472032399,0.0841402033176388,0.002));
#476=CARTESIAN_POINT('',(-0.0223624431946602,0.0854895893244708,0.002));
#477=CARTESIAN_POINT('',(-0.0119381507404229,0.0865222717810192,0.002));
#478=CARTESIAN_POINT('',(-0.00149891006469697,0.0868585862057514,0.002));
#479=CARTESIAN_POINT('',(0.00894919583292526,0.0866904345149282,0.002));
#480=CARTESIAN_POINT('',(0.0194317705014564,0.0858669373128998,0.002));
#481=CARTESIAN_POINT('',(0.0297987093369213,0.0841754211019536,0.002));
#482=CARTESIAN_POINT('',(0.038155827481794,0.0818129825702121,0.002));
#483=CARTESIAN_POINT('',(0.0445662640438096,0.0791276605115417,0.002));
#484=CARTESIAN_POINT('',(0.0492131193024676,0.0766069442291839,0.002));
#485=CARTESIAN_POINT('',(0.0534584878658579,0.073603213893152,0.002));
#486=CARTESIAN_POINT('',(0.0573150426725802,0.0699683715327788,0.002));
#487=CARTESIAN_POINT('',(0.0604975041224063,0.0658397019111783,0.002));
#488=CARTESIAN_POINT('',(0.0629810243459338,0.0612413427263985,0.002));
#489=CARTESIAN_POINT('',(0.0648427656822446,0.0563038231494991,0.002));
#490=CARTESIAN_POINT('',(0.0661460533160153,0.0512763958349962,0.002));
#491=CARTESIAN_POINT('',(0.067023633537176,0.0461340029545381,0.002));
#492=CARTESIAN_POINT('',(0.0677132184527107,0.0391628090146218,0.002));
#493=CARTESIAN_POINT('',(0.0678231338626267,0.0305318020700755,0.002));
#494=CARTESIAN_POINT('',(0.0668912075775322,0.0168003719675738,0.002));
#495=CARTESIAN_POINT('',(0.0647049537202517,0.00315819481563095,0.002));
#496=CARTESIAN_POINT('',(0.0616727161077993,-0.0103755732775495,0.002));
#497=CARTESIAN_POINT('',(0.0590527525493589,-0.0203933722570627,0.002));
#498=CARTESIAN_POINT('',(0.0563659787063805,-0.0285872882393954,0.002));
#499=CARTESIAN_POINT('',(0.0537201664873861,-0.0349756621019572,0.002));
#500=CARTESIAN_POINT('',(0.0514227608487484,-0.0396837175482671,0.002));
#501=CARTESIAN_POINT('',(0.048798159879612,-0.0442209059478968,0.002));
#502=CARTESIAN_POINT('',(0.0449036164375477,-0.0499311945263327,0.002));
#503=CARTESIAN_POINT('',(0.0393046485585988,-0.0564935595296327,0.002));
#504=CARTESIAN_POINT('',(0.0315477866835621,-0.0635993770345119,0.002));
#505=CARTESIAN_POINT('',(0.024507587833923,-0.0685734613195043,0.002));
#506=CARTESIAN_POINT('',(0.0184667085649924,-0.0719122372988344,0.002));
#507=CARTESIAN_POINT('',(0.0136776083513865,-0.074053384605131,0.002));
#508=CARTESIAN_POINT('',(0.00868428750410979,-0.0757183393231228,0.002));
#509=CARTESIAN_POINT('',(0.00359831515043673,-0.0768023127015924,0.002));
#510=CARTESIAN_POINT('',(-0.00169108601965989,-0.0772200588855171,0.002));
#511=CARTESIAN_POINT('',(-0.00689559299117935,-0.0768584927214517,0.002));
#512=CARTESIAN_POINT('',(-0.0120085182762484,-0.0758398214593444,0.002));
#513=CARTESIAN_POINT('',(-0.0187160625088611,-0.0736849512037423,0.002));
#514=CARTESIAN_POINT('',(-0.0264697180031116,-0.0698755671280845,0.002));
#515=CARTESIAN_POINT('',(-0.0351269906933042,-0.0638546485684586,0.002));
#516=CARTESIAN_POINT('',(-0.0427866830158868,-0.0568774334064107,0.002));
#517=CARTESIAN_POINT('',(-0.047282758306177,-0.0516045980493975,0.002));
#518=CARTESIAN_POINT('',(-0.0493391530617033,-0.048776868341564,0.002));
#519=CARTESIAN_POINT('',(-0.0326611604671886,0.0832454480309714,0.002));
#520=CARTESIAN_POINT('',(-0.0493391530617033,-0.0487768683415641,0.002));
#521=CARTESIAN_POINT('',(-0.0326611604671876,0.0832454480309717,0.002));
#522=CARTESIAN_POINT('',(-0.0357287046717563,0.0823706195620737,0.00192053263339223));
#523=CARTESIAN_POINT('',(-0.0402381523365716,0.0807714639887829,0.00179405072215269));
#524=CARTESIAN_POINT('',(-0.0459135630031227,0.0778758939981325,0.00162171496253116));
#525=CARTESIAN_POINT('',(-0.0498778959830652,0.0753183491403196,0.0014985828270519));
#526=CARTESIAN_POINT('',(-0.0535425576839184,0.072317177369002,0.00138750831809424));
#527=CARTESIAN_POINT('',(-0.0579576050785273,0.0676447685958984,0.00126598740534983));
#528=CARTESIAN_POINT('',(-0.0612420942130186,0.0623024438916235,0.00121038707184023));
#529=CARTESIAN_POINT('',(-0.0636604261763185,0.0563676574499949,0.00120310956867735));
#530=CARTESIAN_POINT('',(-0.0655140464458455,0.0503332101607367,0.00121079094463142));
#531=CARTESIAN_POINT('',(-0.0670023345098433,0.0425882956908864,0.00123600560664245));
#532=CARTESIAN_POINT('',(-0.0678211453929385,0.0330760454632007,0.00127205168013605));
#533=CARTESIAN_POINT('',(-0.0679149056786904,0.0205035184362004,0.00131971565001224));
#534=CARTESIAN_POINT('',(-0.0666084567498849,0.00487193236506751,0.00137842975683351));
#535=CARTESIAN_POINT('',(-0.0639316869009896,-0.0107201018365596,0.00142734540750337));
#536=CARTESIAN_POINT('',(-0.0610081283263925,-0.0229617574768563,0.00149807307528193));
#537=CARTESIAN_POINT('',(-0.0581843512542658,-0.0319390582809127,0.00159303309119768));
#538=CARTESIAN_POINT('',(-0.0544338637695973,-0.0406687578132516,0.00175250841934681));
#539=CARTESIAN_POINT('',(-0.0511607844512834,-0.0461597455375854,0.00191200228986258));
#540=CARTESIAN_POINT('',(-0.0493391530617042,-0.0487768683415628,0.002));
#541=CARTESIAN_POINT('',(-0.0310931558009157,-0.0458451506434408,0.01));
#542=CARTESIAN_POINT('',(-0.0310931558009157,-0.0458451506434408,0.005));
#543=CARTESIAN_POINT('',(-0.0374646335190681,-0.034374063778194,0.01));
#544=CARTESIAN_POINT('',(-0.0374646335190681,-0.034374063778194,0.005));
#545=CARTESIAN_POINT('',(-0.0401122828432123,-0.00438467029958545,0.01));
#546=CARTESIAN_POINT('',(-0.0401122828432123,-0.00438467029958545,0.005));
#547=CARTESIAN_POINT('',(-0.00190502142858573,-0.0055138547685099,0.01));
#548=CARTESIAN_POINT('',(-0.00190502142858573,-0.0055138547685099,0.005));
#549=CARTESIAN_POINT('',(0.0388345786354104,-0.00401322007779779,0.01));
#550=CARTESIAN_POINT('',(0.0388345786354104,-0.00401322007779779,0.005));
#551=CARTESIAN_POINT('',(0.0303710140857508,-0.0511466600447885,0.01));
#552=CARTESIAN_POINT('',(0.0303710140857508,-0.0511466600447885,0.005));
#553=CARTESIAN_POINT('',(-0.00152340490168135,-0.072861737826221,0.01));
#554=CARTESIAN_POINT('',(-0.00152340490168135,-0.072861737826221,0.005));
#555=CARTESIAN_POINT('',(-0.0246045644583982,-0.0575270866425342,0.01));
#556=CARTESIAN_POINT('',(-0.0246045644583982,-0.0575270866425342,0.005));
#557=CARTESIAN_POINT('',(-0.0310931558009157,-0.0458451506434408,0.01));
#558=CARTESIAN_POINT('',(-0.0310931558009157,-0.0458451506434408,0.005));
#559=CARTESIAN_POINT('',(-0.0275559646900011,-0.0514767491833816,0.00500000000000001));
#560=CARTESIAN_POINT('',(-0.031247524194019,-0.045931773382477,0.005));
#561=CARTESIAN_POINT('',(-0.0340128733394167,-0.039867061147355,0.005));
#562=CARTESIAN_POINT('',(-0.0358938300300362,-0.0334445765920498,0.005));
#563=CARTESIAN_POINT('',(-0.0366569410317238,-0.0280111986334545,0.005));
#564=CARTESIAN_POINT('',(-0.0367052948072838,-0.0236086303636018,0.005));
#565=CARTESIAN_POINT('',(-0.0363910144917067,-0.0202549636150653,0.005));
#566=CARTESIAN_POINT('',(-0.0356627846657747,-0.0170075109187161,0.005));
#567=CARTESIAN_POINT('',(-0.0345989547735988,-0.0143940608160392,0.005));
#568=CARTESIAN_POINT('',(-0.0334399018832246,-0.0125070555048802,0.005));
#569=CARTESIAN_POINT('',(-0.0320214950651306,-0.0107484507392913,0.005));
#570=CARTESIAN_POINT('',(-0.0298729316528375,-0.00898290136766408,0.00500000000000001));
#571=CARTESIAN_POINT('',(-0.0268488947667113,-0.00747247022072638,0.005));
#572=CARTESIAN_POINT('',(-0.0236831969133147,-0.0064879424715974,0.005));
#573=CARTESIAN_POINT('',(-0.020385454398323,-0.00584692788092636,0.005));
#574=CARTESIAN_POINT('',(-0.0159997225277534,-0.00533629553076896,0.005));
#575=CARTESIAN_POINT('',(-0.010492608175984,-0.00510442945504202,0.005));
#576=CARTESIAN_POINT('',(-0.00387635536058024,-0.00509515782184639,0.005));
#577=CARTESIAN_POINT('',(0.00273736079341208,-0.0050481080632244,0.005));
#578=CARTESIAN_POINT('',(0.00936059857976786,-0.00505862324915173,0.005));
#579=CARTESIAN_POINT('',(0.0148583715606735,-0.00535727838860262,0.005));
#580=CARTESIAN_POINT('',(0.0192423618385408,-0.00598884498751705,0.005));
#581=CARTESIAN_POINT('',(0.0224421478560139,-0.00674001576681057,0.00500000000000001));
#582=CARTESIAN_POINT('',(0.0255502587704919,-0.00790673549526496,0.005));
#583=CARTESIAN_POINT('',(0.0283932368153683,-0.00963591665917246,0.005));
#584=CARTESIAN_POINT('',(0.03072143776396,-0.0121117531673978,0.00500000000000001));
#585=CARTESIAN_POINT('',(0.0322039102100641,-0.01507177109929,0.00499999999999999));
#586=CARTESIAN_POINT('',(0.0330597627817765,-0.0183071869750148,0.005));
#587=CARTESIAN_POINT('',(0.0334088019994925,-0.0215676876744258,0.005));
#588=CARTESIAN_POINT('',(0.0333854602199912,-0.0248975203355444,0.00499999999999999));
#589=CARTESIAN_POINT('',(0.0329486502833303,-0.0292568908058728,0.00500000000000001));
#590=CARTESIAN_POINT('',(0.031797044828907,-0.034589984288633,0.005));
#591=CARTESIAN_POINT('',(0.0296028262381833,-0.0408505334467018,0.005));
#592=CARTESIAN_POINT('',(0.0267317685480799,-0.0467161729173899,0.005));
#593=CARTESIAN_POINT('',(0.0230481732041833,-0.0522355694821839,0.005));
#594=CARTESIAN_POINT('',(0.0193610695469077,-0.0562775279413516,0.005));
#595=CARTESIAN_POINT('',(0.0160266976123736,-0.0591151358729606,0.005));
#596=CARTESIAN_POINT('',(0.0123940895352901,-0.0616629720772207,0.005));
#597=CARTESIAN_POINT('',(0.00848930375139109,-0.0636098503107141,0.00500000000000001));
#598=CARTESIAN_POINT('',(0.00422031913241436,-0.0648689193034725,0.005));
#599=CARTESIAN_POINT('',(0.000990751252061599,-0.0653914574432482,0.005));
#600=CARTESIAN_POINT('',(-0.00228326376821963,-0.0654952374923458,0.005));
#601=CARTESIAN_POINT('',(-0.00671226665152841,-0.0650408764821492,0.005));
#602=CARTESIAN_POINT('',(-0.0109317060382684,-0.063810995391781,0.005));
#603=CARTESIAN_POINT('',(-0.014952160896612,-0.0619394895886579,0.00499999999999999));
#604=CARTESIAN_POINT('',(-0.0187303608378245,-0.0597243422904899,0.00500000000000001));
#605=CARTESIAN_POINT('',(-0.0231111188883467,-0.0563005858087108,0.005));
#606=CARTESIAN_POINT('',(-0.0275559646900011,-0.0514767491833816,0.00500000000000001));
#607=CARTESIAN_POINT('',(-0.031247524194019,-0.045931773382477,0.005));
#608=CARTESIAN_POINT('',(-0.0340128733394167,-0.039867061147355,0.005));
#609=CARTESIAN_POINT('',(-0.0310931558009157,-0.0458451506434408,0.005));
#610=CARTESIAN_POINT('',(-0.0339791254028944,-0.0399414005225379,0.01));
#611=CARTESIAN_POINT('',(-0.0317170222633108,-0.0449030112017418,0.01));
#612=CARTESIAN_POINT('',(-0.0293930022482086,-0.0487217516626796,0.01));
#613=CARTESIAN_POINT('',(-0.0268141749954506,-0.0522778953995364,0.01));
#614=CARTESIAN_POINT('',(-0.0231120219422925,-0.0563042914415258,0.01));
#615=CARTESIAN_POINT('',(-0.0178166344355229,-0.0604309660278033,0.01));
#616=CARTESIAN_POINT('',(-0.0120350982642948,-0.0634850328350483,0.01));
#617=CARTESIAN_POINT('',(-0.00663470730987187,-0.0650564715524613,0.00999999999999999));
#618=CARTESIAN_POINT('',(-0.00225399925216631,-0.0654968460438457,0.01));
#619=CARTESIAN_POINT('',(0.00223008806244778,-0.0653455504392399,0.01));
#620=CARTESIAN_POINT('',(0.00653172144888216,-0.0643228540741015,0.01));
#621=CARTESIAN_POINT('',(0.0106421244090328,-0.0625352870009606,0.00999999999999999));
#622=CARTESIAN_POINT('',(0.0144768962956424,-0.0603425637096752,0.01));
#623=CARTESIAN_POINT('',(0.018874735121746,-0.0568581507938442,0.01));
#624=CARTESIAN_POINT('',(0.0232676103540266,-0.0519521630775169,0.00999999999999998));
#625=CARTESIAN_POINT('',(0.0269429186725324,-0.0463508490420119,0.01));
#626=CARTESIAN_POINT('',(0.0297892629596807,-0.0403967331050085,0.01));
#627=CARTESIAN_POINT('',(0.0319207500334887,-0.0341569814467661,0.00999999999999999));
#628=CARTESIAN_POINT('',(0.0330443758516611,-0.0286848320080067,0.01));
#629=CARTESIAN_POINT('',(0.0334149551168485,-0.0242895214784219,0.01));
#630=CARTESIAN_POINT('',(0.0333749518992247,-0.0209364248882679,0.00999999999999999));
#631=CARTESIAN_POINT('',(0.0329325034766811,-0.0176436232575156,0.01));
#632=CARTESIAN_POINT('',(0.0319574792050215,-0.0144268501624551,0.01));
#633=CARTESIAN_POINT('',(0.0302720105483662,-0.0114980430314488,0.01));
#634=CARTESIAN_POINT('',(0.0278150892584728,-0.00920885512026864,0.01));
#635=CARTESIAN_POINT('',(0.0248659545512972,-0.00759747283275578,0.01));
#636=CARTESIAN_POINT('',(0.021712700394648,-0.00653566350062889,0.01));
#637=CARTESIAN_POINT('',(0.0184514509773843,-0.00585155949521847,0.01));
#638=CARTESIAN_POINT('',(0.0141117447999045,-0.00530008166235914,0.01));
#639=CARTESIAN_POINT('',(0.00865128743428644,-0.00504576320252169,0.01));
#640=CARTESIAN_POINT('',(0.00208478874895725,-0.00505622881243524,0.01));
#641=CARTESIAN_POINT('',(-0.00448518530882709,-0.00509306490920551,0.01));
#642=CARTESIAN_POINT('',(-0.0110511044439841,-0.00511438083629329,0.01));
#643=CARTESIAN_POINT('',(-0.016510005494762,-0.00537384163621235,0.00999999999999999));
#644=CARTESIAN_POINT('',(-0.0208450125586558,-0.00591951071328675,0.01));
#645=CARTESIAN_POINT('',(-0.0240991437860525,-0.0065936601255448,0.01));
#646=CARTESIAN_POINT('',(-0.0272331659820652,-0.00762887805079652,0.01));
#647=CARTESIAN_POINT('',(-0.0301884463418611,-0.00919012498128348,0.01));
#648=CARTESIAN_POINT('',(-0.0326987035959237,-0.011379834950151,0.01));
#649=CARTESIAN_POINT('',(-0.0345359699422257,-0.0141614005884624,0.01));
#650=CARTESIAN_POINT('',(-0.0357394411566507,-0.017277898917048,0.01));
#651=CARTESIAN_POINT('',(-0.036423403328781,-0.0204833871700623,0.00999999999999999));
#652=CARTESIAN_POINT('',(-0.0367109286830287,-0.0237997822730116,0.01));
#653=CARTESIAN_POINT('',(-0.0366414004877789,-0.0281743827766926,0.00999999999999999));
#654=CARTESIAN_POINT('',(-0.035861390331518,-0.0335863168013585,0.01));
#655=CARTESIAN_POINT('',(-0.0339791254028944,-0.0399414005225379,0.01));
#656=CARTESIAN_POINT('',(-0.0317170222633108,-0.0449030112017418,0.01));
#657=CARTESIAN_POINT('',(-0.0293930022482086,-0.0487217516626796,0.01));
#658=CARTESIAN_POINT('',(-0.0310931558009157,-0.0458451506434408,0.01));
#659=CARTESIAN_POINT('',(-0.0495891950051628,0.060839175208665,0.01));
#660=CARTESIAN_POINT('',(-0.0495891950051628,0.060839175208665,0.005));
#661=CARTESIAN_POINT('',(-0.0450590879970169,0.0698512575738787,0.01));
#662=CARTESIAN_POINT('',(-0.0450590879970169,0.0698512575738787,0.005));
#663=CARTESIAN_POINT('',(-0.0220935204600026,0.0766784064606542,0.01));
#664=CARTESIAN_POINT('',(-0.0220935204600026,0.0766784064606542,0.005));
#665=CARTESIAN_POINT('',(0.0176992608124514,0.0760390495056285,0.01));
#666=CARTESIAN_POINT('',(0.0176992608124514,0.0760390495056285,0.005));
#667=CARTESIAN_POINT('',(0.058757403991771,0.0683605970471359,0.01));
#668=CARTESIAN_POINT('',(0.058757403991771,0.0683605970471359,0.005));
#669=CARTESIAN_POINT('',(0.0452102677552701,0.00291434184707501,0.01));
#670=CARTESIAN_POINT('',(0.0452102677552701,0.00291434184707501,0.005));
#671=CARTESIAN_POINT('',(-0.047745013751187,0.00487124569420405,0.01));
#672=CARTESIAN_POINT('',(-0.047745013751187,0.00487124569420405,0.005));
#673=CARTESIAN_POINT('',(-0.0550729370615514,0.0499299549644428,0.01));
#674=CARTESIAN_POINT('',(-0.0550729370615514,0.0499299549644428,0.005));
#675=CARTESIAN_POINT('',(-0.0495891950051628,0.060839175208665,0.01));
#676=CARTESIAN_POINT('',(-0.0495891950051628,0.060839175208665,0.005));
#677=CARTESIAN_POINT('',(-0.0512695336744955,0.0567431679884635,0.005));
#678=CARTESIAN_POINT('',(-0.0500079908991835,0.0601990425766684,0.005));
#679=CARTESIAN_POINT('',(-0.0484992946620589,0.0628106153902992,0.005));
#680=CARTESIAN_POINT('',(-0.0467150804174773,0.0651795104541953,0.005));
#681=CARTESIAN_POINT('',(-0.0439897127080772,0.067710817521002,0.005));
#682=CARTESIAN_POINT('',(-0.0401782799428654,0.0700294338661259,0.005));
#683=CARTESIAN_POINT('',(-0.0360907712657856,0.071738548436295,0.005));
#684=CARTESIAN_POINT('',(-0.0318189168240469,0.0730017454859689,0.005));
#685=CARTESIAN_POINT('',(-0.0260961002546313,0.074220834680269,0.005));
#686=CARTESIAN_POINT('',(-0.0188524884874751,0.0752076331996586,0.005));
#687=CARTESIAN_POINT('',(-0.0100869830181989,0.0758539819631701,0.005));
#688=CARTESIAN_POINT('',(-0.0012553783467505,0.0759990126214075,0.005));
#689=CARTESIAN_POINT('',(0.0075449530805952,0.0757240366104161,0.005));
#690=CARTESIAN_POINT('',(0.016346471280847,0.0750623555197813,0.005));
#691=CARTESIAN_POINT('',(0.0250988236216562,0.0741163011353467,0.005));
#692=CARTESIAN_POINT('',(0.0323508862685907,0.0727897794914295,0.005));
#693=CARTESIAN_POINT('',(0.0379540786808676,0.0709901011808983,0.005));
#694=CARTESIAN_POINT('',(0.0419789579149337,0.0691033446790598,0.005));
#695=CARTESIAN_POINT('',(0.0455745009353964,0.0665514618128811,0.00499999999999999));
#696=CARTESIAN_POINT('',(0.0485218533765764,0.063169668754749,0.005));
#697=CARTESIAN_POINT('',(0.050448815701836,0.0591421084624554,0.005));
#698=CARTESIAN_POINT('',(0.0514727875844953,0.0548798513307298,0.005));
#699=CARTESIAN_POINT('',(0.0518069940417914,0.0504501962999421,0.005));
#700=CARTESIAN_POINT('',(0.0515566400872868,0.0461008130274765,0.005));
#701=CARTESIAN_POINT('',(0.0507964208189801,0.0417377387545607,0.005));
#702=CARTESIAN_POINT('',(0.0495808288752675,0.0375183575365347,0.005));
#703=CARTESIAN_POINT('',(0.0479489262988246,0.0334535276097946,0.005));
#704=CARTESIAN_POINT('',(0.0451965168021265,0.0282255497740894,0.005));
#705=CARTESIAN_POINT('',(0.0417452469276825,0.0235759076125183,0.005));
#706=CARTESIAN_POINT('',(0.0374984674591977,0.0194685175916535,0.005));
#707=CARTESIAN_POINT('',(0.0340183693547178,0.0168090225757971,0.00500000000000001));
#708=CARTESIAN_POINT('',(0.0302925186290543,0.0145503458855713,0.00499999999999999));
#709=CARTESIAN_POINT('',(0.0263227591209205,0.0126294444194581,0.00500000000000001));
#710=CARTESIAN_POINT('',(0.0222256075114509,0.0110588010472967,0.005));
#711=CARTESIAN_POINT('',(0.0166693392691085,0.00939330568479769,0.005));
#712=CARTESIAN_POINT('',(0.00953522413218322,0.00802039974284645,0.005));
#713=CARTESIAN_POINT('',(0.000743203335408431,0.00740315197083173,0.005));
#714=CARTESIAN_POINT('',(-0.00793594696197198,0.00777018522767798,0.00500000000000001));
#715=CARTESIAN_POINT('',(-0.0166387199790606,0.00914394820651746,0.005));
#716=CARTESIAN_POINT('',(-0.0236272768485084,0.0111815702338992,0.00500000000000001));
#717=CARTESIAN_POINT('',(-0.0289907931509227,0.0134206171538494,0.005));
#718=CARTESIAN_POINT('',(-0.0342193857757289,0.0161502188425624,0.00500000000000001));
#719=CARTESIAN_POINT('',(-0.0389122409657563,0.0195635148978634,0.005));
#720=CARTESIAN_POINT('',(-0.0429797355896978,0.0238510881127813,0.00500000000000001));
#721=CARTESIAN_POINT('',(-0.0455985527565034,0.0273547571806248,0.00499999999999999));
#722=CARTESIAN_POINT('',(-0.0478027790315291,0.031112486288704,0.005));
#723=CARTESIAN_POINT('',(-0.0502074715059629,0.0365095755661527,0.005));
#724=CARTESIAN_POINT('',(-0.0516874267039202,0.0421257832101947,0.005));
#725=CARTESIAN_POINT('',(-0.052209035961935,0.0480134376091336,0.005));
#726=CARTESIAN_POINT('',(-0.0520519936658424,0.0523854356396317,0.00499999999999999));
#727=CARTESIAN_POINT('',(-0.0512695336744955,0.0567431679884635,0.005));
#728=CARTESIAN_POINT('',(-0.0500079908991835,0.0601990425766684,0.005));
#729=CARTESIAN_POINT('',(-0.0484992946620589,0.0628106153902992,0.005));
#730=CARTESIAN_POINT('',(-0.0495891950051628,0.060839175208665,0.005));
#731=CARTESIAN_POINT('',(-0.0485071045808089,0.0627967018298215,0.01));
#732=CARTESIAN_POINT('',(-0.0500035773085334,0.0602064278277203,0.01));
#733=CARTESIAN_POINT('',(-0.0512702063965969,0.0567462685313842,0.01));
#734=CARTESIAN_POINT('',(-0.0520559479975056,0.0523603096046224,0.01));
#735=CARTESIAN_POINT('',(-0.052206375904712,0.0479811646251974,0.00999999999999999));
#736=CARTESIAN_POINT('',(-0.0518204825941848,0.0435986203408701,0.01));
#737=CARTESIAN_POINT('',(-0.0509261519840527,0.0392550783502614,0.01));
#738=CARTESIAN_POINT('',(-0.0495820755351297,0.0350936907852167,0.00999999999999999));
#739=CARTESIAN_POINT('',(-0.0477697258308991,0.0310467727126649,0.01));
#740=CARTESIAN_POINT('',(-0.0455363067016871,0.0272599069407553,0.01));
#741=CARTESIAN_POINT('',(-0.0429166470645888,0.0237779170714226,0.01));
#742=CARTESIAN_POINT('',(-0.0398620695128145,0.0205717146089138,0.01));
#743=CARTESIAN_POINT('',(-0.0364576803613038,0.017775127271181,0.00999999999999999));
#744=CARTESIAN_POINT('',(-0.0315673132599276,0.0146044383124109,0.01));
#745=CARTESIAN_POINT('',(-0.0248399995950243,0.0115172808865805,0.01));
#746=CARTESIAN_POINT('',(-0.0164909739536722,0.00911431180936967,0.01));
#747=CARTESIAN_POINT('',(-0.00776995054797288,0.00775091992342712,0.01));
#748=CARTESIAN_POINT('',(0.000967748069573406,0.00740770024390324,0.01));
#749=CARTESIAN_POINT('',(0.00969750549787973,0.00804012543544122,0.01));
#750=CARTESIAN_POINT('',(0.018357551596129,0.00973445526457689,0.01));
#751=CARTESIAN_POINT('',(0.0252222138401872,0.0120789776176065,0.01));
#752=CARTESIAN_POINT('',(0.0305268986296303,0.0146766010398353,0.01));
#753=CARTESIAN_POINT('',(0.0342567841466469,0.016971995063867,0.01));
#754=CARTESIAN_POINT('',(0.037701312368021,0.0196459306156763,0.01));
#755=CARTESIAN_POINT('',(0.0408705560727399,0.0227492185494506,0.01));
#756=CARTESIAN_POINT('',(0.0436489434840566,0.0261486854750749,0.01));
#757=CARTESIAN_POINT('',(0.0468411376315066,0.0310158684526049,0.01));
#758=CARTESIAN_POINT('',(0.0492949875308638,0.0364243527999237,0.01));
#759=CARTESIAN_POINT('',(0.0508588532798123,0.0420219296821598,0.01));
#760=CARTESIAN_POINT('',(0.0515887954202392,0.0463654959387073,0.00999999999999999));
#761=CARTESIAN_POINT('',(0.051803686667875,0.0507894339098067,0.01));
#762=CARTESIAN_POINT('',(0.0514278198481598,0.0551660812910188,0.01));
#763=CARTESIAN_POINT('',(0.0503339716521334,0.0594842225725644,0.01));
#764=CARTESIAN_POINT('',(0.04831577555987,0.0634684587639032,0.01));
#765=CARTESIAN_POINT('',(0.0453438473436843,0.0667511777816372,0.01));
#766=CARTESIAN_POINT('',(0.0416887490745782,0.0692686865338299,0.01));
#767=CARTESIAN_POINT('',(0.0376422591228683,0.071106852007873,0.01));
#768=CARTESIAN_POINT('',(0.033461916897263,0.0724159120504729,0.01));
#769=CARTESIAN_POINT('',(0.0291847105497103,0.0733695709901436,0.01));
#770=CARTESIAN_POINT('',(0.0233826822236954,0.0743061717141091,0.01));
#771=CARTESIAN_POINT('',(0.0161117657765636,0.0750833737775253,0.01));
#772=CARTESIAN_POINT('',(0.00738188734336748,0.0757318720410759,0.01));
#773=CARTESIAN_POINT('',(-0.00136106473737327,0.0759986576717054,0.01));
#774=CARTESIAN_POINT('',(-0.0101107365084033,0.0758519334688022,0.01));
#775=CARTESIAN_POINT('',(-0.0188931705454186,0.0752053509816013,0.01));
#776=CARTESIAN_POINT('',(-0.0276219928368729,0.0740066683806966,0.01));
#777=CARTESIAN_POINT('',(-0.0346956413592333,0.0723186268162756,0.01));
#778=CARTESIAN_POINT('',(-0.0401995483097299,0.0700192615850801,0.01));
#779=CARTESIAN_POINT('',(-0.0439880669122115,0.0677134954809054,0.01));
#780=CARTESIAN_POINT('',(-0.0467434008613696,0.0651486320488509,0.01));
#781=CARTESIAN_POINT('',(-0.0485071045808089,0.0627967018298215,0.01));
#782=CARTESIAN_POINT('',(-0.0500035773085334,0.0602064278277203,0.01));
#783=CARTESIAN_POINT('',(-0.0512702063965969,0.0567462685313842,0.01));
#784=CARTESIAN_POINT('',(-0.0495891950051628,0.060839175208665,0.01));
#785=CARTESIAN_POINT('',(-0.00138517054845805,0.0877754029290354,0.01));
#786=CARTESIAN_POINT('',(-0.00138517054845805,0.0877754029290354,0.005));
#787=CARTESIAN_POINT('',(-0.0259307169229888,0.0875931824783101,0.01));
#788=CARTESIAN_POINT('',(-0.0259307169229888,0.0875931824783101,0.005));
#789=CARTESIAN_POINT('',(-0.0756799988457252,0.078370913736762,0.01));
#790=CARTESIAN_POINT('',(-0.0756799988457252,0.078370913736762,0.005));
#791=CARTESIAN_POINT('',(-0.0679261697837355,-0.0141198153451167,0.01));
#792=CARTESIAN_POINT('',(-0.0679261697837355,-0.0141198153451167,0.005));
#793=CARTESIAN_POINT('',(-0.0504660367689831,-0.0569423944451517,0.01));
#794=CARTESIAN_POINT('',(-0.0504660367689831,-0.0569423944451517,0.005));
#795=CARTESIAN_POINT('',(-0.00127285176641696,-0.0890050794464147,0.01));
#796=CARTESIAN_POINT('',(-0.00127285176641696,-0.0890050794464147,0.005));
#797=CARTESIAN_POINT('',(0.0473280979937923,-0.0557381916635288,0.01));
#798=CARTESIAN_POINT('',(0.0473280979937923,-0.0557381916635288,0.005));
#799=CARTESIAN_POINT('',(0.064293341472794,-0.0143165845443491,0.01));
#800=CARTESIAN_POINT('',(0.064293341472794,-0.0143165845443491,0.005));
#801=CARTESIAN_POINT('',(0.0782637827331135,0.0791931216889439,0.01));
#802=CARTESIAN_POINT('',(0.0782637827331135,0.0791931216889439,0.005));
#803=CARTESIAN_POINT('',(0.023765709122998,0.087962117233942,0.01));
#804=CARTESIAN_POINT('',(0.023765709122998,0.087962117233942,0.005));
#805=CARTESIAN_POINT('',(-0.00138517054845805,0.0877754029290354,0.01));
#806=CARTESIAN_POINT('',(-0.00138517054845805,0.0877754029290354,0.005));
#807=CARTESIAN_POINT('',(-0.0142298449743637,0.0874091749662121,0.01));
#808=CARTESIAN_POINT('',(-0.00141148529084145,0.0879576549752626,0.01));
#809=CARTESIAN_POINT('',(0.0141284347836856,0.08752231870876,0.01));
#810=CARTESIAN_POINT('',(0.0269215200816136,0.0858352343854848,0.01));
#811=CARTESIAN_POINT('',(0.036961520646073,0.0832324290792756,0.01));
#812=CARTESIAN_POINT('',(0.0441601934289821,0.0805181591987931,0.00999999999999999));
#813=CARTESIAN_POINT('',(0.0498054553834312,0.0774554921569685,0.01));
#814=CARTESIAN_POINT('',(0.0540135982124078,0.074367570228369,0.01));
#815=CARTESIAN_POINT('',(0.0568752352800025,0.0717837963617701,0.01));
#816=CARTESIAN_POINT('',(0.0594500983485125,0.0688990812856403,0.01));
#817=CARTESIAN_POINT('',(0.0624527308204329,0.0646107017009551,0.01));
#818=CARTESIAN_POINT('',(0.0646321381789947,0.0599567779609115,0.01));
#819=CARTESIAN_POINT('',(0.066230523157283,0.0549941651297344,0.01));
#820=CARTESIAN_POINT('',(0.0674460829482682,0.0499827782325145,0.01));
#821=CARTESIAN_POINT('',(0.0683807879510525,0.0436352305325372,0.01));
#822=CARTESIAN_POINT('',(0.0688028239418677,0.0358899233664416,0.01));
#823=CARTESIAN_POINT('',(0.0686261170352187,0.0255825396734322,0.01));
#824=CARTESIAN_POINT('',(0.0673434111473568,0.012905587158531,0.01));
#825=CARTESIAN_POINT('',(0.0651054737688152,0.000372434964612708,0.01));
#826=CARTESIAN_POINT('',(0.0628643456200061,-0.00958007482021349,0.01));
#827=CARTESIAN_POINT('',(0.0603628009210944,-0.0194832830504841,0.01));
#828=CARTESIAN_POINT('',(0.0572934357690703,-0.0293360753799841,0.01));
#829=CARTESIAN_POINT('',(0.0531523873230261,-0.0386559030542269,0.01));
#830=CARTESIAN_POINT('',(0.0493683543756297,-0.0453313973092879,0.01));
#831=CARTESIAN_POINT('',(0.0448185337145896,-0.051632514808658,0.00999999999999999));
#832=CARTESIAN_POINT('',(0.0397302554077001,-0.05734520530271,0.01));
#833=CARTESIAN_POINT('',(0.03416371535146,-0.0625882724237311,0.01));
#834=CARTESIAN_POINT('',(0.0280697444069716,-0.0673640776250426,0.01));
#835=CARTESIAN_POINT('',(0.021558633820654,-0.0714919492258614,0.01));
#836=CARTESIAN_POINT('',(0.0158060778217122,-0.0742828720222237,0.01));
#837=CARTESIAN_POINT('',(0.010928312358368,-0.0760487733556908,0.01));
#838=CARTESIAN_POINT('',(0.00721259389956164,-0.0770753228824419,0.01));
#839=CARTESIAN_POINT('',(0.00343855119141757,-0.0777797447673291,0.01));
#840=CARTESIAN_POINT('',(-0.000407565519005849,-0.078130860522029,0.01));
#841=CARTESIAN_POINT('',(-0.00430782108685942,-0.0780744840445232,0.01));
#842=CARTESIAN_POINT('',(-0.00811441810598061,-0.0776356488289462,0.01));
#843=CARTESIAN_POINT('',(-0.0118671681789856,-0.0768589452108273,0.01));
#844=CARTESIAN_POINT('',(-0.0155674700207764,-0.0757703069559529,0.01));
#845=CARTESIAN_POINT('',(-0.0192011108892821,-0.0743979485323102,0.01));
#846=CARTESIAN_POINT('',(-0.0238541892736438,-0.0722698868850368,0.01));
#847=CARTESIAN_POINT('',(-0.0293863836380395,-0.069102270245662,0.01));
#848=CARTESIAN_POINT('',(-0.035658928780206,-0.0645759352732271,0.01));
#849=CARTESIAN_POINT('',(-0.0414419889912068,-0.0594894414830273,0.01));
#850=CARTESIAN_POINT('',(-0.046707212368994,-0.0539295489370978,0.01));
#851=CARTESIAN_POINT('',(-0.0514443740087775,-0.0477790276686508,0.01));
#852=CARTESIAN_POINT('',(-0.0553981329265444,-0.0412251486768435,0.01));
#853=CARTESIAN_POINT('',(-0.0596934834026187,-0.0320235158875916,0.01));
#854=CARTESIAN_POINT('',(-0.0627518369486444,-0.0221703939878248,0.01));
#855=CARTESIAN_POINT('',(-0.0650248095854253,-0.0122331259565841,0.01));
#856=CARTESIAN_POINT('',(-0.0669527694829688,-0.00223462804175859,0.01));
#857=CARTESIAN_POINT('',(-0.0683826706676329,0.00784332914168435,0.01));
#858=CARTESIAN_POINT('',(-0.069232138877798,0.0180064440261049,0.01));
#859=CARTESIAN_POINT('',(-0.0695331540188669,0.0257016350942958,0.01));
#860=CARTESIAN_POINT('',(-0.0694335153755027,0.0333744673714349,0.01));
#861=CARTESIAN_POINT('',(-0.0688574504987512,0.0409824847254472,0.01));
#862=CARTESIAN_POINT('',(-0.067885644146683,0.047267604183682,0.00999999999999998));
#863=CARTESIAN_POINT('',(-0.0667236659120632,0.0522435526037833,0.01));
#864=CARTESIAN_POINT('',(-0.0656188602321117,0.0559631037530644,0.01));
#865=CARTESIAN_POINT('',(-0.0642608477170947,0.0595906456629256,0.01));
#866=CARTESIAN_POINT('',(-0.0626285471619716,0.0630700384480358,0.01));
#867=CARTESIAN_POINT('',(-0.0606820549684654,0.0663842292093819,0.01));
#868=CARTESIAN_POINT('',(-0.0583430124132264,0.0695253136899154,0.01));
#869=CARTESIAN_POINT('',(-0.0557188302536552,0.072346499334107,0.01));
#870=CARTESIAN_POINT('',(-0.0528349721869892,0.0748699385390967,0.00999999999999999));
#871=CARTESIAN_POINT('',(-0.0497088107427886,0.0771151850963559,0.01));
#872=CARTESIAN_POINT('',(-0.0452291692045669,0.0797620291747722,0.01));
#873=CARTESIAN_POINT('',(-0.0393742923261572,0.0823405711018746,0.01));
#874=CARTESIAN_POINT('',(-0.0319875447983067,0.084578293239839,0.01));
#875=CARTESIAN_POINT('',(-0.024392465154855,0.0861142093381858,0.01));
#876=CARTESIAN_POINT('',(-0.0142298449743637,0.0874091749662121,0.01));
#877=CARTESIAN_POINT('',(-0.00141148529084145,0.0879576549752626,0.01));
#878=CARTESIAN_POINT('',(0.0141284347836856,0.08752231870876,0.01));
#879=CARTESIAN_POINT('',(-0.00138517054845805,0.0877754029290354,0.01));
#880=CARTESIAN_POINT('',(0.0012918919436941,0.00153316833970863,0.015));
#881=CARTESIAN_POINT('',(-0.0335191237586082,-0.0515592702505541,0.015));
#882=CARTESIAN_POINT('',(-0.036176816710503,-0.0472031592738726,0.015));
#883=CARTESIAN_POINT('',(-0.0382557112794413,-0.0426164763778725,0.015));
#884=CARTESIAN_POINT('',(-0.0398261672559651,-0.0378337123430755,0.015));
#885=CARTESIAN_POINT('',(-0.0410469121909314,-0.0329042935986573,0.015));
#886=CARTESIAN_POINT('',(-0.0418619506305832,-0.026707851758655,0.015));
#887=CARTESIAN_POINT('',(-0.0415626979787999,-0.0203253661583431,0.015));
#888=CARTESIAN_POINT('',(-0.0404130822451622,-0.0154336034528436,0.015));
#889=CARTESIAN_POINT('',(-0.0389769881243122,-0.0118690639689272,0.015));
#890=CARTESIAN_POINT('',(-0.0372815782931862,-0.00921034458007839,0.015));
#891=CARTESIAN_POINT('',(-0.0355683759712145,-0.00730164473023204,0.015));
#892=CARTESIAN_POINT('',(-0.033694837668269,-0.00562040512573832,0.015));
#893=CARTESIAN_POINT('',(-0.0310146108153399,-0.00387517357789865,0.015));
#894=CARTESIAN_POINT('',(-0.0263531978080702,-0.00189798898466348,0.015));
#895=CARTESIAN_POINT('',(-0.0201012148629887,-0.000624216874880914,0.015));
#896=CARTESIAN_POINT('',(-0.0126031644067106,-0.000133359051984348,0.015));
#897=CARTESIAN_POINT('',(-0.00505150727038069,-9.2157481754959E-5,0.015));
#898=CARTESIAN_POINT('',(0.00249946901014571,-5.09047687419969E-5,0.015));
#899=CARTESIAN_POINT('',(0.0100473210800595,-5.60825920600005E-5,0.015));
#900=CARTESIAN_POINT('',(0.0163140264584554,-0.000456873489817361,0.015));
#901=CARTESIAN_POINT('',(0.0212920599516842,-0.00128827909876269,0.015));
#902=CARTESIAN_POINT('',(0.0250109977122198,-0.00230129457583963,0.015));
#903=CARTESIAN_POINT('',(0.0285053928222212,-0.00379002206576474,0.015));
#904=CARTESIAN_POINT('',(0.031736244612525,-0.00592309730927291,0.015));
#905=CARTESIAN_POINT('',(0.0343978624808331,-0.00868740439782882,0.015));
#906=CARTESIAN_POINT('',(0.0363554010174695,-0.0120102036817886,0.015));
#907=CARTESIAN_POINT('',(0.0376131753597729,-0.0156651443696218,0.015));
#908=CARTESIAN_POINT('',(0.0382681787875354,-0.0194126379949478,0.015));
#909=CARTESIAN_POINT('',(0.0384491306470045,-0.023264124169356,0.015));
#910=CARTESIAN_POINT('',(0.0382355896701849,-0.0270654843561726,0.015));
#911=CARTESIAN_POINT('',(0.03770111985311,-0.0308370281443954,0.015));
#912=CARTESIAN_POINT('',(0.0366029027306149,-0.0358386549318662,0.015));
#913=CARTESIAN_POINT('',(0.0346285479304507,-0.0418362700639705,0.015));
#914=CARTESIAN_POINT('',(0.0313974187325217,-0.0486891002196671,0.015));
#915=CARTESIAN_POINT('',(0.0271748267049113,-0.0551242272420368,0.015));
#916=CARTESIAN_POINT('',(0.0229500787767377,-0.0597920951662809,0.015));
#917=CARTESIAN_POINT('',(0.0190429271957949,-0.0631149863825958,0.015));
#918=CARTESIAN_POINT('',(0.0159103235050325,-0.065302788591038,0.015));
#919=CARTESIAN_POINT('',(0.0125863605519025,-0.0671621438091006,0.015));
#920=CARTESIAN_POINT('',(0.00784997595069064,-0.0691698721812268,0.015));
#921=CARTESIAN_POINT('',(0.00291108832075969,-0.070316302591852,0.015));
#922=CARTESIAN_POINT('',(-0.00223587242897125,-0.0705071016043235,0.015));
#923=CARTESIAN_POINT('',(-0.00726693309100104,-0.0700475047827289,0.015));
#924=CARTESIAN_POINT('',(-0.0134930228009143,-0.0683236509548871,0.015));
#925=CARTESIAN_POINT('',(-0.0201738944802122,-0.0648969426321559,0.015));
#926=CARTESIAN_POINT('',(-0.0262968826466273,-0.0602108553313123,0.015));
#927=CARTESIAN_POINT('',(-0.0305626318367556,-0.0556163401246502,0.015));
#928=CARTESIAN_POINT('',(-0.0335191237586082,-0.0515592702505541,0.015));
#929=CARTESIAN_POINT('',(-0.036176816710503,-0.0472031592738726,0.015));
#930=CARTESIAN_POINT('',(-0.0382557112794413,-0.0426164763778725,0.015));
#931=CARTESIAN_POINT('',(-0.0354641602739496,-0.0482729726914331,0.015));
#932=CARTESIAN_POINT('',(-0.0559599206881715,0.0585659836763549,0.015));
#933=CARTESIAN_POINT('',(-0.05450681775752,0.0623758051810494,0.015));
#934=CARTESIAN_POINT('',(-0.0528653907064948,0.0652646992684249,0.015));
#935=CARTESIAN_POINT('',(-0.0514371796147269,0.0672560239910728,0.015));
#936=CARTESIAN_POINT('',(-0.0498059623737512,0.0690993788947842,0.015));
#937=CARTESIAN_POINT('',(-0.0473549423228069,0.0713566236375779,0.015));
#938=CARTESIAN_POINT('',(-0.0439817751690394,0.0736728484727495,0.015));
#939=CARTESIAN_POINT('',(-0.0379766529649559,0.0765345172816451,0.015));
#940=CARTESIAN_POINT('',(-0.0301506837974192,0.0786533599022221,0.015));
#941=CARTESIAN_POINT('',(-0.0204773684044522,0.0800795746028377,0.015));
#942=CARTESIAN_POINT('',(-0.0107026723880634,0.0808475091025827,0.015));
#943=CARTESIAN_POINT('',(-0.000975096675933624,0.0810094758873722,0.015));
#944=CARTESIAN_POINT('',(0.00874933744420769,0.0806757768648913,0.015));
#945=CARTESIAN_POINT('',(0.0184467315976038,0.0798943403308829,0.015));
#946=CARTESIAN_POINT('',(0.0281797570311533,0.0787502466385582,0.015));
#947=CARTESIAN_POINT('',(0.0377013606861408,0.0766588694309202,0.015));
#948=CARTESIAN_POINT('',(0.0452215946412605,0.0732541088701045,0.015));
#949=CARTESIAN_POINT('',(0.0502580998955487,0.068960398717188,0.015));
#950=CARTESIAN_POINT('',(0.0527097387857988,0.0657303438464511,0.015));
#951=CARTESIAN_POINT('',(0.0542411560292077,0.0627962210172135,0.015));
#952=CARTESIAN_POINT('',(0.0554388698792823,0.0597630079836019,0.015));
#953=CARTESIAN_POINT('',(0.0564062059248408,0.0557424075107132,0.015));
#954=CARTESIAN_POINT('',(0.0568091994822909,0.0508850497472519,0.015));
#955=CARTESIAN_POINT('',(0.0565830979064744,0.0459685045432235,0.015));
#956=CARTESIAN_POINT('',(0.0557920563264124,0.041134973618618,0.015));
#957=CARTESIAN_POINT('',(0.0545089990751186,0.036460037561499,0.015));
#958=CARTESIAN_POINT('',(0.0527443272691128,0.0319009697977601,0.015));
#959=CARTESIAN_POINT('',(0.0505091997095972,0.0275183550726198,0.015));
#960=CARTESIAN_POINT('',(0.0478746553098736,0.0234450006806783,0.015));
#961=CARTESIAN_POINT('',(0.0448181496672587,0.0196478010248118,0.015));
#962=CARTESIAN_POINT('',(0.0413240253823758,0.0161640102824288,0.015));
#963=CARTESIAN_POINT('',(0.0375259685159377,0.0131468895615491,0.015));
#964=CARTESIAN_POINT('',(0.0334141948938905,0.0105518975843877,0.015));
#965=CARTESIAN_POINT('',(0.0275449847980058,0.00760472986579912,0.015));
#966=CARTESIAN_POINT('',(0.0214378129539416,0.00547760069740216,0.015));
#967=CARTESIAN_POINT('',(0.0151265997087423,0.00399875122441328,0.015));
#968=CARTESIAN_POINT('',(0.00866965489169421,0.00293535679109889,0.015));
#969=CARTESIAN_POINT('',(0.000590352227025743,0.00237611614515121,0.015));
#970=CARTESIAN_POINT('',(-0.00750754879635922,0.00275952833918894,0.015));
#971=CARTESIAN_POINT('',(-0.0139841987382695,0.00366119376075122,0.015));
#972=CARTESIAN_POINT('',(-0.0203289814916767,0.00496000915531908,0.015));
#973=CARTESIAN_POINT('',(-0.0264933502049238,0.00687002751875324,0.015));
#974=CARTESIAN_POINT('',(-0.0324747003584676,0.00954132907298788,0.015));
#975=CARTESIAN_POINT('',(-0.0367396161662017,0.0119314944365889,0.015));
#976=CARTESIAN_POINT('',(-0.0407153159023687,0.0147157448528401,0.015));
#977=CARTESIAN_POINT('',(-0.0444003515750442,0.0179948155226379,0.015));
#978=CARTESIAN_POINT('',(-0.0476417030753762,0.0216474960788897,0.015));
#979=CARTESIAN_POINT('',(-0.0504314012440727,0.0256087843786137,0.015));
#980=CARTESIAN_POINT('',(-0.0528006731960903,0.0299157242992205,0.015));
#981=CARTESIAN_POINT('',(-0.0546789884018186,0.0344456023497369,0.015));
#982=CARTESIAN_POINT('',(-0.0560550989276303,0.0391173962860746,0.015));
#983=CARTESIAN_POINT('',(-0.0572104029820445,0.0455995837592703,0.015));
#984=CARTESIAN_POINT('',(-0.0572638408467237,0.0521000132601264,0.015));
#985=CARTESIAN_POINT('',(-0.0559599206881715,0.0585659836763549,0.015));
#986=CARTESIAN_POINT('',(-0.05450681775752,0.0623758051810494,0.015));
#987=CARTESIAN_POINT('',(-0.0528653907064948,0.0652646992684249,0.015));
#988=CARTESIAN_POINT('',(-0.0540565489358884,0.0630847817765283,0.015));
#989=CARTESIAN_POINT('',(0.0131654010967002,0.0825532149362263,0.015));
#990=CARTESIAN_POINT('',(-0.00136241549002906,0.0829392107904204,0.015));
#991=CARTESIAN_POINT('',(-0.0133971155093279,0.0824425235710594,0.015));
#992=CARTESIAN_POINT('',(-0.0229347769591127,0.08127524578786,0.015));
#993=CARTESIAN_POINT('',(-0.0300603091573193,0.0798926415777036,0.015));
#994=CARTESIAN_POINT('',(-0.0370257847126037,0.0778647140069157,0.015));
#995=CARTESIAN_POINT('',(-0.0425800981574673,0.0754919821304481,0.015));
#996=CARTESIAN_POINT('',(-0.0467999981335608,0.0730412072660653,0.015));
#997=CARTESIAN_POINT('',(-0.049734950406404,0.0709470699414744,0.015));
#998=CARTESIAN_POINT('',(-0.0524257439323275,0.0685753943693584,0.015));
#999=CARTESIAN_POINT('',(-0.0548581981464558,0.0658924785780238,0.015));
#1000=CARTESIAN_POINT('',(-0.0569736268682081,0.0629062193236411,0.015));
#1001=CARTESIAN_POINT('',(-0.0587008668661229,0.0597549839150229,0.015));
#1002=CARTESIAN_POINT('',(-0.0601334214973957,0.0564495179916039,0.015));
#1003=CARTESIAN_POINT('',(-0.0617050607740941,0.0518511532220936,0.015));
#1004=CARTESIAN_POINT('',(-0.0630699497092286,0.046022567218383,0.015));
#1005=CARTESIAN_POINT('',(-0.0640344444682269,0.0389519151909747,0.015));
#1006=CARTESIAN_POINT('',(-0.0644803020220467,0.0318219173003882,0.015));
#1007=CARTESIAN_POINT('',(-0.0645064553347009,0.0246307309363984,0.015));
#1008=CARTESIAN_POINT('',(-0.0641790192238633,0.0174417022851242,0.015));
#1009=CARTESIAN_POINT('',(-0.0633484554212655,0.00793797159423022,0.015));
#1010=CARTESIAN_POINT('',(-0.0616490192225951,-0.00384802074927881,0.015));
#1011=CARTESIAN_POINT('',(-0.058785992733612,-0.0178373427400111,0.015));
#1012=CARTESIAN_POINT('',(-0.0553139166579547,-0.029387182453972,0.015));
#1013=CARTESIAN_POINT('',(-0.051402928046881,-0.0380558039134333,0.015));
#1014=CARTESIAN_POINT('',(-0.0477975581983422,-0.0442287032989039,0.015));
#1015=CARTESIAN_POINT('',(-0.0434374690114182,-0.0500445193222114,0.015));
#1016=CARTESIAN_POINT('',(-0.0385609465345222,-0.0553042835886821,0.015));
#1017=CARTESIAN_POINT('',(-0.0332100971585234,-0.0601154546170246,0.015));
#1018=CARTESIAN_POINT('',(-0.0273828043985367,-0.0644272043574327,0.015));
#1019=CARTESIAN_POINT('',(-0.0222426288659552,-0.0674595339145107,0.015));
#1020=CARTESIAN_POINT('',(-0.0179179285897863,-0.0695076877746714,0.015));
#1021=CARTESIAN_POINT('',(-0.0145417025988145,-0.0708341938493335,0.015));
#1022=CARTESIAN_POINT('',(-0.0110805618187962,-0.071897673620703,0.015));
#1023=CARTESIAN_POINT('',(-0.00757364727627749,-0.072656525092589,0.015));
#1024=CARTESIAN_POINT('',(-0.00401171925093924,-0.0730838036989804,0.015));
#1025=CARTESIAN_POINT('',(-0.000356243673941286,-0.0731248483268796,0.015));
#1026=CARTESIAN_POINT('',(0.00323745985584998,-0.0727550507790057,0.015));
#1027=CARTESIAN_POINT('',(0.00793270254449896,-0.0718030619939212,0.015));
#1028=CARTESIAN_POINT('',(0.0136875198757776,-0.0698179398384977,0.015));
#1029=CARTESIAN_POINT('',(0.0200852640866543,-0.0665650832598529,0.015));
#1030=CARTESIAN_POINT('',(0.0261301317383088,-0.0625884164435366,0.015));
#1031=CARTESIAN_POINT('',(0.0317504560381431,-0.0580461044522116,0.015));
#1032=CARTESIAN_POINT('',(0.0368931588934678,-0.0530706403762283,0.015));
#1033=CARTESIAN_POINT('',(0.0415871556824985,-0.0476501418330969,0.015));
#1034=CARTESIAN_POINT('',(0.0471370366740714,-0.0396895312512184,0.015));
#1035=CARTESIAN_POINT('',(0.052239643961188,-0.028916015202829,0.015));
#1036=CARTESIAN_POINT('',(0.0564418642496616,-0.0150593553735926,0.015));
#1037=CARTESIAN_POINT('',(0.0597334205419879,-0.00113042070041665,0.015));
#1038=CARTESIAN_POINT('',(0.0622797252678454,0.0129419664215859,0.015));
#1039=CARTESIAN_POINT('',(0.0635407091153706,0.0248008380555233,0.015));
#1040=CARTESIAN_POINT('',(0.0638088545401218,0.0344189867830064,0.015));
#1041=CARTESIAN_POINT('',(0.0635245220950522,0.0416868637160048,0.015));
#1042=CARTESIAN_POINT('',(0.0627723778678166,0.0476477604522519,0.015));
#1043=CARTESIAN_POINT('',(0.0617563182137464,0.052353794261197,0.015));
#1044=CARTESIAN_POINT('',(0.0603915051294443,0.0570341453465038,0.015));
#1045=CARTESIAN_POINT('',(0.0584772658787435,0.0614630764028237,0.015));
#1046=CARTESIAN_POINT('',(0.0557443951196778,0.0655269015425737,0.015));
#1047=CARTESIAN_POINT('',(0.053343308249619,0.0682468158893891,0.015));
#1048=CARTESIAN_POINT('',(0.0506525982595947,0.070655322217705,0.015));
#1049=CARTESIAN_POINT('',(0.046676353368736,0.0735051042124861,0.015));
#1050=CARTESIAN_POINT('',(0.0413590676167252,0.0762806530688456,0.015));
#1051=CARTESIAN_POINT('',(0.0345701064405483,0.0787259835002692,0.015));
#1052=CARTESIAN_POINT('',(0.0251521067142157,0.0810498164580273,0.015));
#1053=CARTESIAN_POINT('',(0.0131654010967002,0.0825532149362263,0.015));
#1054=CARTESIAN_POINT('',(-0.00136241549002906,0.0829392107904204,0.015));
#1055=CARTESIAN_POINT('',(-0.0133971155093279,0.0824425235710594,0.015));
#1056=CARTESIAN_POINT('',(-0.00134805272943395,0.0827755407041825,0.015));
#1057=CARTESIAN_POINT('',(-0.0300055717843341,-0.0495232638719535,0.00200000000000004));
#1058=CARTESIAN_POINT('',(-0.0291773806266255,-0.0489628181508589,0.00333333333333336));
#1059=CARTESIAN_POINT('',(-0.0291773806266255,-0.0489628181508589,0.005));
#1060=CARTESIAN_POINT('',(-0.0306566055293624,-0.0485606712875224,0.00200000000000004));
#1061=CARTESIAN_POINT('',(-0.0298131315178586,-0.0480228433054626,0.00333333333333336));
#1062=CARTESIAN_POINT('',(-0.0298131315178586,-0.0480228433054626,0.005));
#1063=CARTESIAN_POINT('',(-0.031887289504662,-0.0465719187343815,0.00200000000000004));
#1064=CARTESIAN_POINT('',(-0.0310147928372829,-0.0460810006079364,0.00333333333333336));
#1065=CARTESIAN_POINT('',(-0.0310147928372829,-0.0460810006079364,0.005));
#1066=CARTESIAN_POINT('',(-0.0334649019848189,-0.0434802240604337,0.00200000000000004));
#1067=CARTESIAN_POINT('',(-0.0325562602553815,-0.0430603040162433,0.00333333333333336));
#1068=CARTESIAN_POINT('',(-0.0325562602553815,-0.0430603040162433,0.005));
#1069=CARTESIAN_POINT('',(-0.0348120359129559,-0.0402554253764611,0.00200000000000004));
#1070=CARTESIAN_POINT('',(-0.0338746768099888,-0.0399044643221776,0.00333333333333336));
#1071=CARTESIAN_POINT('',(-0.0338746768099888,-0.0399044643221776,0.005));
#1072=CARTESIAN_POINT('',(-0.035926171494366,-0.0369088282417433,0.00200000000000004));
#1073=CARTESIAN_POINT('',(-0.0349654391649022,-0.0366280809460629,0.00333333333333336));
#1074=CARTESIAN_POINT('',(-0.0349654391649022,-0.0366280809460629,0.005));
#1075=CARTESIAN_POINT('',(-0.0367887095317752,-0.0334867451993013,0.00200000000000004));
#1076=CARTESIAN_POINT('',(-0.0358095985103505,-0.0332786377486382,0.00333333333333336));
#1077=CARTESIAN_POINT('',(-0.0358095985103506,-0.0332786377486382,0.005));
#1078=CARTESIAN_POINT('',(-0.0375737784745664,-0.028923295919366,0.00200000000000004));
#1079=CARTESIAN_POINT('',(-0.0365770603251531,-0.0288174209740372,0.00333333333333336));
#1080=CARTESIAN_POINT('',(-0.0365770603251531,-0.0288174209740372,0.005));
#1081=CARTESIAN_POINT('',(-0.0378081091906218,-0.0243526493346401,0.00200000000000004));
#1082=CARTESIAN_POINT('',(-0.0368038079907488,-0.0243631895036594,0.00333333333333336));
#1083=CARTESIAN_POINT('',(-0.0368038079907488,-0.0243631895036594,0.005));
#1084=CARTESIAN_POINT('',(-0.037334146576879,-0.0198332031647561,0.00200000000000005));
#1085=CARTESIAN_POINT('',(-0.0363448403066944,-0.0199958443895235,0.00333333333333337));
#1086=CARTESIAN_POINT('',(-0.0363448403066944,-0.0199958443895235,0.005));
#1087=CARTESIAN_POINT('',(-0.0365881202070817,-0.0166490551384221,0.00200000000000004));
#1088=CARTESIAN_POINT('',(-0.0356290917930948,-0.0169456191399899,0.00333333333333336));
#1089=CARTESIAN_POINT('',(-0.0356290917930948,-0.0169456191399899,0.005));
#1090=CARTESIAN_POINT('',(-0.0353896407108533,-0.0136859924476388,0.00200000000000004));
#1091=CARTESIAN_POINT('',(-0.0344927882397189,-0.0141414229616283,0.00333333333333337));
#1092=CARTESIAN_POINT('',(-0.0344927882397189,-0.0141414229616283,0.00500000000000001));
#1093=CARTESIAN_POINT('',(-0.0340393709492635,-0.0115833491833936,0.00200000000000003));
#1094=CARTESIAN_POINT('',(-0.0332338473883846,-0.0121840435068637,0.00333333333333335));
#1095=CARTESIAN_POINT('',(-0.0332338473883846,-0.0121840435068637,0.00499999999999999));
#1096=CARTESIAN_POINT('',(-0.0327058260145799,-0.0101066753578752,0.00200000000000004));
#1097=CARTESIAN_POINT('',(-0.0320006216830551,-0.0108184916105125,0.00333333333333336));
#1098=CARTESIAN_POINT('',(-0.0320006216830551,-0.0108184916105125,0.005));
#1099=CARTESIAN_POINT('',(-0.031232184590982,-0.00879286257233147,0.00200000000000004));
#1100=CARTESIAN_POINT('',(-0.0306321944718584,-0.00959816829263957,0.00333333333333336));
#1101=CARTESIAN_POINT('',(-0.0306321944718584,-0.00959816829263957,0.005));
#1102=CARTESIAN_POINT('',(-0.0282064657212449,-0.00683468041163306,0.00200000000000004));
#1103=CARTESIAN_POINT('',(-0.0278008856695094,-0.00776258139410055,0.00333333333333336));
#1104=CARTESIAN_POINT('',(-0.0278008856695094,-0.00776258139410055,0.005));
#1105=CARTESIAN_POINT('',(-0.024016444375535,-0.00546456755719259,0.00200000000000003));
#1106=CARTESIAN_POINT('',(-0.0237833051501668,-0.00644011192636469,0.00333333333333336));
#1107=CARTESIAN_POINT('',(-0.0237833051501668,-0.00644011192636469,0.00499999999999999));
#1108=CARTESIAN_POINT('',(-0.0193966943607698,-0.00469744220421042,0.00200000000000004));
#1109=CARTESIAN_POINT('',(-0.0192717047485556,-0.00569042464429979,0.00333333333333336));
#1110=CARTESIAN_POINT('',(-0.0192717047485556,-0.00569042464429979,0.005));
#1111=CARTESIAN_POINT('',(-0.014653497681585,-0.00424434883721029,0.00200000000000004));
#1112=CARTESIAN_POINT('',(-0.0146035230885391,-0.00524392972004564,0.00333333333333336));
#1113=CARTESIAN_POINT('',(-0.0146035230885391,-0.00524392972004564,0.005));
#1114=CARTESIAN_POINT('',(-0.00973566547557351,-0.00411118397301074,0.00200000000000004));
#1115=CARTESIAN_POINT('',(-0.00972240506045595,-0.00511111280514475,0.00333333333333336));
#1116=CARTESIAN_POINT('',(-0.00972240506045595,-0.00511111280514475,0.005));
#1117=CARTESIAN_POINT('',(-0.00472071719988273,-0.0040899397420799,0.00200000000000005));
#1118=CARTESIAN_POINT('',(-0.00472055225909196,-0.005089954682622,0.00333333333333337));
#1119=CARTESIAN_POINT('',(-0.00472055225909196,-0.005089954682622,0.005));
#1120=CARTESIAN_POINT('',(0.000382797750798255,-0.00407811253358342,0.00200000000000004));
#1121=CARTESIAN_POINT('',(0.000392008511018748,-0.00507805965749266,0.00333333333333336));
#1122=CARTESIAN_POINT('',(0.000392008511018748,-0.00507805965749265,0.005));
#1123=CARTESIAN_POINT('',(0.00667783781090318,-0.0040171428691235,0.00200000000000004));
#1124=CARTESIAN_POINT('',(0.00667630142928712,-0.00501731890283191,0.00333333333333336));
#1125=CARTESIAN_POINT('',(0.00667630142928712,-0.00501731890283191,0.005));
#1126=CARTESIAN_POINT('',(0.0140099243712004,-0.00423476028168765,0.00200000000000004));
#1127=CARTESIAN_POINT('',(0.0139437511891763,-0.00523384513515077,0.00333333333333336));
#1128=CARTESIAN_POINT('',(0.0139437511891763,-0.00523384513515077,0.005));
#1129=CARTESIAN_POINT('',(0.0198613547330543,-0.00500554004817405,0.00200000000000004));
#1130=CARTESIAN_POINT('',(0.0196775403766171,-0.00599269266927768,0.00333333333333336));
#1131=CARTESIAN_POINT('',(0.0196775403766171,-0.00599269266927768,0.005));
#1132=CARTESIAN_POINT('',(0.0240726520192445,-0.00622434874484028,0.00200000000000004));
#1133=CARTESIAN_POINT('',(0.0237344811370432,-0.00716904470436185,0.00333333333333336));
#1134=CARTESIAN_POINT('',(0.0237344811370432,-0.00716904470436185,0.005));
#1135=CARTESIAN_POINT('',(0.0269721975589496,-0.00753608941274875,0.00200000000000004));
#1136=CARTESIAN_POINT('',(0.026482387769954,-0.00841425637357208,0.00333333333333336));
#1137=CARTESIAN_POINT('',(0.026482387769954,-0.00841425637357209,0.005));
#1138=CARTESIAN_POINT('',(0.029409178954621,-0.00923915833972166,0.00200000000000004));
#1139=CARTESIAN_POINT('',(0.0287502236337722,-0.0100028963233028,0.00333333333333336));
#1140=CARTESIAN_POINT('',(0.0287502236337722,-0.0100028963233028,0.005));
#1141=CARTESIAN_POINT('',(0.0313817436901849,-0.0113988252751731,0.00200000000000004));
#1142=CARTESIAN_POINT('',(0.0305593057688623,-0.0119837536596444,0.00333333333333336));
#1143=CARTESIAN_POINT('',(0.0305593057688623,-0.0119837536596444,0.005));
#1144=CARTESIAN_POINT('',(0.0328097437734772,-0.0139564298166912,0.00200000000000004));
#1145=CARTESIAN_POINT('',(0.0318847667974487,-0.0143525789070034,0.00333333333333336));
#1146=CARTESIAN_POINT('',(0.0318847667974487,-0.0143525789070034,0.005));
#1147=CARTESIAN_POINT('',(0.0341169395460332,-0.0179372086167014,0.00200000000000005));
#1148=CARTESIAN_POINT('',(0.0331225125838542,-0.018111483124085,0.00333333333333337));
#1149=CARTESIAN_POINT('',(0.0331225125838542,-0.018111483124085,0.005));
#1150=CARTESIAN_POINT('',(0.0345085984147271,-0.0223426665759548,0.00200000000000004));
#1151=CARTESIAN_POINT('',(0.0335053659625663,-0.0223573848248519,0.00333333333333336));
#1152=CARTESIAN_POINT('',(0.0335053659625663,-0.0223573848248519,0.005));
#1153=CARTESIAN_POINT('',(0.0342241872351199,-0.0269236298984831,0.00200000000000004));
#1154=CARTESIAN_POINT('',(0.0332286854470881,-0.0268167806665089,0.00333333333333336));
#1155=CARTESIAN_POINT('',(0.0332286854470881,-0.0268167806665089,0.005));
#1156=CARTESIAN_POINT('',(0.0335524790506995,-0.0314728125533119,0.00200000000000004));
#1157=CARTESIAN_POINT('',(0.0325724576076583,-0.0312638135878233,0.00333333333333336));
#1158=CARTESIAN_POINT('',(0.0325724576076583,-0.0312638135878233,0.005));
#1159=CARTESIAN_POINT('',(0.0320741773253433,-0.0371498504342635,0.00200000000000005));
#1160=CARTESIAN_POINT('',(0.0311225010824039,-0.036834548218714,0.00333333333333337));
#1161=CARTESIAN_POINT('',(0.0311225010824039,-0.036834548218714,0.00500000000000001));
#1162=CARTESIAN_POINT('',(0.0294276110986956,-0.0437357812201351,0.00200000000000004));
#1163=CARTESIAN_POINT('',(0.028521873836582,-0.0433055574262853,0.00333333333333336));
#1164=CARTESIAN_POINT('',(0.028521873836582,-0.0433055574262853,0.005));
#1165=CARTESIAN_POINT('',(0.0265952222297147,-0.048799059169028,0.00200000000000004));
#1166=CARTESIAN_POINT('',(0.0257449172231638,-0.0482687193465192,0.00333333333333336));
#1167=CARTESIAN_POINT('',(0.0257449172231638,-0.0482687193465192,0.005));
#1168=CARTESIAN_POINT('',(0.0238744671872017,-0.0526056707745083,0.00200000000000004));
#1169=CARTESIAN_POINT('',(0.0230829363254368,-0.0519928905036446,0.00333333333333336));
#1170=CARTESIAN_POINT('',(0.0230829363254368,-0.0519928905036445,0.005));
#1171=CARTESIAN_POINT('',(0.0209088229597794,-0.0561374672245222,0.00200000000000004));
#1172=CARTESIAN_POINT('',(0.0201850763742945,-0.0554438074089826,0.00333333333333336));
#1173=CARTESIAN_POINT('',(0.0201850763742945,-0.0554438074089826,0.005));
#1174=CARTESIAN_POINT('',(0.0175779774122842,-0.0592488099080394,0.00200000000000004));
#1175=CARTESIAN_POINT('',(0.0169376196113539,-0.0584762511944973,0.00333333333333336));
#1176=CARTESIAN_POINT('',(0.0169376196113539,-0.0584762511944973,0.005));
#1177=CARTESIAN_POINT('',(0.0138299853993718,-0.0618783936828905,0.00200000000000004));
#1178=CARTESIAN_POINT('',(0.0132956120794348,-0.0610311636656014,0.00333333333333336));
#1179=CARTESIAN_POINT('',(0.0132956120794348,-0.0610311636656014,0.005));
#1180=CARTESIAN_POINT('',(0.0109008939924982,-0.0635210367394015,0.00200000000000004));
#1181=CARTESIAN_POINT('',(0.0104561738721751,-0.0626232798359381,0.00333333333333336));
#1182=CARTESIAN_POINT('',(0.0104561738721751,-0.0626232798359381,0.005));
#1183=CARTESIAN_POINT('',(0.00784194479667646,-0.0648364210239668,0.00200000000000004));
#1184=CARTESIAN_POINT('',(0.00749831829428363,-0.0638949958529155,0.00333333333333336));
#1185=CARTESIAN_POINT('',(0.00749831829428363,-0.0638949958529155,0.005));
#1186=CARTESIAN_POINT('',(0.00355085584206606,-0.0661186138515163,0.00200000000000003));
#1187=CARTESIAN_POINT('',(0.00335875715281448,-0.0651314116745504,0.00333333333333336));
#1188=CARTESIAN_POINT('',(0.00335875715281448,-0.0651314116745504,0.00499999999999999));
#1189=CARTESIAN_POINT('',(-0.0007374570660785,-0.0665916054293383,0.00200000000000005));
#1190=CARTESIAN_POINT('',(-0.000761816607501874,-0.0655855598051835,0.00333333333333337));
#1191=CARTESIAN_POINT('',(-0.000761816607501873,-0.0655855598051835,0.005));
#1192=CARTESIAN_POINT('',(-0.00516172386070251,-0.0662342591932629,0.00200000000000003));
#1193=CARTESIAN_POINT('',(-0.00501865801283802,-0.0652420974506236,0.00333333333333335));
#1194=CARTESIAN_POINT('',(-0.00501865801283802,-0.0652420974506236,0.005));
#1195=CARTESIAN_POINT('',(-0.00842198066145642,-0.0655697807480307,0.00200000000000004));
#1196=CARTESIAN_POINT('',(-0.00816710826144531,-0.0646007502080648,0.00333333333333336));
#1197=CARTESIAN_POINT('',(-0.00816710826144531,-0.0646007502080648,0.005));
#1198=CARTESIAN_POINT('',(-0.0116226070638025,-0.0645433197630871,0.00200000000000004));
#1199=CARTESIAN_POINT('',(-0.0112663282176511,-0.0636070242331776,0.00333333333333336));
#1200=CARTESIAN_POINT('',(-0.0112663282176511,-0.0636070242331777,0.005));
#1201=CARTESIAN_POINT('',(-0.0158012894374985,-0.0627061129586894,0.00200000000000004));
#1202=CARTESIAN_POINT('',(-0.0153229088526887,-0.0618238064295672,0.00333333333333336));
#1203=CARTESIAN_POINT('',(-0.0153229088526887,-0.0618238064295672,0.005));
#1204=CARTESIAN_POINT('',(-0.0196662038304592,-0.0602952316270453,0.00200000000000004));
#1205=CARTESIAN_POINT('',(-0.0190863273345897,-0.0594769892677744,0.00333333333333336));
#1206=CARTESIAN_POINT('',(-0.0190863273345897,-0.0594769892677744,0.005));
#1207=CARTESIAN_POINT('',(-0.0232484291474426,-0.0573508378445838,0.00200000000000004));
#1208=CARTESIAN_POINT('',(-0.0225800778336551,-0.05660538878014,0.00333333333333336));
#1209=CARTESIAN_POINT('',(-0.0225800778336551,-0.05660538878014,0.005));
#1210=CARTESIAN_POINT('',(-0.0265362525149213,-0.0541455246412734,0.00200000000000004));
#1211=CARTESIAN_POINT('',(-0.0257891047813341,-0.0534770133576398,0.00333333333333336));
#1212=CARTESIAN_POINT('',(-0.0257891047813341,-0.0534770133576398,0.005));
#1213=CARTESIAN_POINT('',(-0.0287035042942775,-0.0514484490408157,0.00200000000000004));
#1214=CARTESIAN_POINT('',(-0.0279058788441593,-0.0508427678416516,0.00333333333333336));
#1215=CARTESIAN_POINT('',(-0.0279058788441593,-0.0508427678416516,0.005));
#1216=CARTESIAN_POINT('',(-0.0300055717843341,-0.0495232638719535,0.00200000000000004));
#1217=CARTESIAN_POINT('',(-0.0291773806266255,-0.0489628181508589,0.00333333333333336));
#1218=CARTESIAN_POINT('',(-0.0291773806266255,-0.0489628181508589,0.005));
#1219=CARTESIAN_POINT('',(-0.0335261335918456,-0.043646711522437,0.002));
#1220=CARTESIAN_POINT('',(-0.0301559947849182,-0.0496308132239965,0.002));
#1221=CARTESIAN_POINT('',(-0.0258833179744858,-0.0549696188132977,0.002));
#1222=CARTESIAN_POINT('',(-0.0207712946054948,-0.0595803327772874,0.002));
#1223=CARTESIAN_POINT('',(-0.0160160994371385,-0.0625881663683302,0.002));
#1224=CARTESIAN_POINT('',(-0.0118333804373062,-0.0644638221997384,0.002));
#1225=CARTESIAN_POINT('',(-0.00858720784277739,-0.0655279209585137,0.002));
#1226=CARTESIAN_POINT('',(-0.00526663582958889,-0.0662227582989576,0.002));
#1227=CARTESIAN_POINT('',(-0.000672235003989447,-0.066604709186131,0.002));
#1228=CARTESIAN_POINT('',(0.00381036276872243,-0.0660779281533141,0.002));
#1229=CARTESIAN_POINT('',(0.00820424505525796,-0.0647042059761191,0.002));
#1230=CARTESIAN_POINT('',(0.0123466952116952,-0.0628563453250758,0.002));
#1231=CARTESIAN_POINT('',(0.0171619304899176,-0.0596941390929469,0.002));
#1232=CARTESIAN_POINT('',(0.0220467171721365,-0.0550147748208789,0.002));
#1233=CARTESIAN_POINT('',(0.0262064513153658,-0.0495248730375052,0.002));
#1234=CARTESIAN_POINT('',(0.0294693719558544,-0.0436219520012485,0.002));
#1235=CARTESIAN_POINT('',(0.0320170255292083,-0.0372884544732316,0.002));
#1236=CARTESIAN_POINT('',(0.0337680309978692,-0.0307028154266215,0.002));
#1237=CARTESIAN_POINT('',(0.0344555215299817,-0.025072652602137,0.002));
#1238=CARTESIAN_POINT('',(0.0343463991211788,-0.0204953666991848,0.002));
#1239=CARTESIAN_POINT('',(0.0338405826440581,-0.0171109698676174,0.002));
#1240=CARTESIAN_POINT('',(0.032790984693091,-0.0138366128468299,0.002));
#1241=CARTESIAN_POINT('',(0.0310266226540937,-0.010850551153111,0.002));
#1242=CARTESIAN_POINT('',(0.0285373571352053,-0.00850156989361293,0.002));
#1243=CARTESIAN_POINT('',(0.0255443198906117,-0.00680063923207332,0.002));
#1244=CARTESIAN_POINT('',(0.0223068738515615,-0.00565905746562717,0.002));
#1245=CARTESIAN_POINT('',(0.0178777184894539,-0.0046831464779961,0.002));
#1246=CARTESIAN_POINT('',(0.0122741313719312,-0.00415327317421193,0.002));
#1247=CARTESIAN_POINT('',(0.00547596712399914,-0.00402413349191779,0.002));
#1248=CARTESIAN_POINT('',(-0.00131086921450196,-0.00409317005702175,0.002));
#1249=CARTESIAN_POINT('',(-0.0081035728210483,-0.00408411863904461,0.002));
#1250=CARTESIAN_POINT('',(-0.0148825173310171,-0.0042364879482851,0.002));
#1251=CARTESIAN_POINT('',(-0.0216736144870739,-0.00490217476700337,0.002));
#1252=CARTESIAN_POINT('',(-0.0272086757150738,-0.00638959640646521,0.002));
#1253=CARTESIAN_POINT('',(-0.0311916850538191,-0.00867013336383746,0.002));
#1254=CARTESIAN_POINT('',(-0.0337179482227189,-0.0110392431683406,0.002));
#1255=CARTESIAN_POINT('',(-0.0355397961387455,-0.0139401082795342,0.002));
#1256=CARTESIAN_POINT('',(-0.0367481356606977,-0.0171598598497612,0.002));
#1257=CARTESIAN_POINT('',(-0.0374377303730346,-0.0204949587725368,0.002));
#1258=CARTESIAN_POINT('',(-0.0378075214111207,-0.0250519486565992,0.002));
#1259=CARTESIAN_POINT('',(-0.0374233319164372,-0.0306766619548451,0.002));
#1260=CARTESIAN_POINT('',(-0.0359108395908791,-0.0373636948691145,0.002));
#1261=CARTESIAN_POINT('',(-0.0335261335918456,-0.043646711522437,0.002));
#1262=CARTESIAN_POINT('',(-0.0301559947849182,-0.0496308132239965,0.002));
#1263=CARTESIAN_POINT('',(-0.0258833179744858,-0.0549696188132977,0.002));
#1264=CARTESIAN_POINT('',(-0.0300055717843341,-0.0495232638719536,0.002));
#1265=CARTESIAN_POINT('',(-0.0426335534620355,0.0220728912780375,0.00199999999999999));
#1266=CARTESIAN_POINT('',(-0.0418961741517317,0.0227483701842485,0.00333333333333332));
#1267=CARTESIAN_POINT('',(-0.0418961741517317,0.0227483701842485,0.005));
#1268=CARTESIAN_POINT('',(-0.0436333590398626,0.0231651542503358,0.00199999999999999));
#1269=CARTESIAN_POINT('',(-0.0428698532452397,0.0238120959337273,0.00333333333333332));
#1270=CARTESIAN_POINT('',(-0.0428698532452397,0.0238120959337273,0.005));
#1271=CARTESIAN_POINT('',(-0.0455225179927935,0.025485544105952,0.00199999999999999));
#1272=CARTESIAN_POINT('',(-0.0447103874694364,0.0260726707226882,0.00333333333333333));
#1273=CARTESIAN_POINT('',(-0.0447103874694365,0.0260726707226882,0.005));
#1274=CARTESIAN_POINT('',(-0.0487082162454436,0.0304498779595164,0.00199999999999999));
#1275=CARTESIAN_POINT('',(-0.0478162746149455,0.0309123449066375,0.00333333333333333));
#1276=CARTESIAN_POINT('',(-0.0478162746149455,0.0309123449066375,0.005));
#1277=CARTESIAN_POINT('',(-0.051100441065639,0.0360234077403522,0.00199999999999998));
#1278=CARTESIAN_POINT('',(-0.0501510349767063,0.036351571139142,0.00333333333333332));
#1279=CARTESIAN_POINT('',(-0.0501510349767063,0.036351571139142,0.005));
#1280=CARTESIAN_POINT('',(-0.0525238001633532,0.0417744060499879,0.00199999999999999));
#1281=CARTESIAN_POINT('',(-0.0515396018557587,0.0419625007876362,0.00333333333333332));
#1282=CARTESIAN_POINT('',(-0.0515396018557587,0.0419625007876362,0.005));
#1283=CARTESIAN_POINT('',(-0.0531173924106064,0.046209670602972,0.00199999999999999));
#1284=CARTESIAN_POINT('',(-0.0521179291048202,0.0462850879583794,0.00333333333333333));
#1285=CARTESIAN_POINT('',(-0.0521179291048202,0.0462850879583794,0.005));
#1286=CARTESIAN_POINT('',(-0.0531798714507726,0.050662084256912,0.00199999999999998));
#1287=CARTESIAN_POINT('',(-0.0521782345168271,0.0506144426571095,0.00333333333333332));
#1288=CARTESIAN_POINT('',(-0.0521782345168271,0.0506144426571095,0.005));
#1289=CARTESIAN_POINT('',(-0.052682858720329,0.0549794257998959,0.00199999999999999));
#1290=CARTESIAN_POINT('',(-0.0516963504902971,0.0547950539270643,0.00333333333333332));
#1291=CARTESIAN_POINT('',(-0.0516963504902971,0.0547950539270643,0.005));
#1292=CARTESIAN_POINT('',(-0.0515469154103706,0.0591570015602866,0.00199999999999999));
#1293=CARTESIAN_POINT('',(-0.0506015959607535,0.0588140007534902,0.00333333333333333));
#1294=CARTESIAN_POINT('',(-0.0506015959607535,0.0588140007534902,0.005));
#1295=CARTESIAN_POINT('',(-0.0500696031957756,0.0622384786792745,0.00199999999999998));
#1296=CARTESIAN_POINT('',(-0.0491961306512481,0.061742612022181,0.00333333333333332));
#1297=CARTESIAN_POINT('',(-0.0491961306512481,0.061742612022181,0.00499999999999999));
#1298=CARTESIAN_POINT('',(-0.048501191830372,0.0645085291037182,0.00199999999999999));
#1299=CARTESIAN_POINT('',(-0.0477082339093651,0.0638962558834583,0.00333333333333333));
#1300=CARTESIAN_POINT('',(-0.0477082339093651,0.0638962558834583,0.005));
#1301=CARTESIAN_POINT('',(-0.0471724142959436,0.0660562940534853,0.00199999999999999));
#1302=CARTESIAN_POINT('',(-0.0464464021701895,0.0653661751802977,0.00333333333333333));
#1303=CARTESIAN_POINT('',(-0.0464464021701896,0.0653661751802977,0.005));
#1304=CARTESIAN_POINT('',(-0.045682822592715,0.0674773242680816,0.00199999999999999));
#1305=CARTESIAN_POINT('',(-0.0450282079518191,0.0667192868443675,0.00333333333333333));
#1306=CARTESIAN_POINT('',(-0.0450282079518191,0.0667192868443676,0.005));
#1307=CARTESIAN_POINT('',(-0.0423540164173307,0.0700896183684721,0.00199999999999999));
#1308=CARTESIAN_POINT('',(-0.0418467336415922,0.0692167133150479,0.00333333333333332));
#1309=CARTESIAN_POINT('',(-0.0418467336415922,0.0692167133150479,0.005));
#1310=CARTESIAN_POINT('',(-0.0377636145442022,0.0722953644984326,0.002));
#1311=CARTESIAN_POINT('',(-0.0374074473145226,0.0713568718136231,0.00333333333333334));
#1312=CARTESIAN_POINT('',(-0.0374074473145226,0.0713568718136231,0.00500000000000001));
#1313=CARTESIAN_POINT('',(-0.0319082651201045,0.0740137588999227,0.00199999999999998));
#1314=CARTESIAN_POINT('',(-0.0316687815622929,0.0730418128743807,0.00333333333333332));
#1315=CARTESIAN_POINT('',(-0.0316687815622929,0.0730418128743807,0.005));
#1316=CARTESIAN_POINT('',(-0.0258898265184367,0.0752760763805375,0.00199999999999999));
#1317=CARTESIAN_POINT('',(-0.0257349024440018,0.0742870361975893,0.00333333333333333));
#1318=CARTESIAN_POINT('',(-0.0257349024440018,0.0742870361975893,0.005));
#1319=CARTESIAN_POINT('',(-0.0180700957083403,0.0763072038507244,0.00199999999999999));
#1320=CARTESIAN_POINT('',(-0.0179717276020899,0.0753114887824091,0.00333333333333332));
#1321=CARTESIAN_POINT('',(-0.0179717276020899,0.0753114887824091,0.005));
#1322=CARTESIAN_POINT('',(-0.00858216443611123,0.0769256331096087,0.00199999999999999));
#1323=CARTESIAN_POINT('',(-0.00854924840207168,0.075925537225205,0.00333333333333333));
#1324=CARTESIAN_POINT('',(-0.00854924840207168,0.075925537225205,0.005));
#1325=CARTESIAN_POINT('',(0.00100920982389785,0.0769787878541881,0.00199999999999999));
#1326=CARTESIAN_POINT('',(0.000989030863564563,0.0759785574497984,0.00333333333333332));
#1327=CARTESIAN_POINT('',(0.000989030863564563,0.0759785574497984,0.005));
#1328=CARTESIAN_POINT('',(0.0105807810437105,0.0765495343469934,0.00199999999999999));
#1329=CARTESIAN_POINT('',(0.0105111509672476,0.0755517011071553,0.00333333333333333));
#1330=CARTESIAN_POINT('',(0.0105111509672476,0.0755517011071553,0.00500000000000001));
#1331=CARTESIAN_POINT('',(0.0202153652403365,0.075696270814308,0.00199999999999998));
#1332=CARTESIAN_POINT('',(0.0201133401740589,0.0747012307997251,0.00333333333333332));
#1333=CARTESIAN_POINT('',(0.0201133401740589,0.0747012307997251,0.005));
#1334=CARTESIAN_POINT('',(0.0296135059766833,0.0744557658519159,0.00199999999999999));
#1335=CARTESIAN_POINT('',(0.0294387930474763,0.0734693381573646,0.00333333333333333));
#1336=CARTESIAN_POINT('',(0.0294387930474763,0.0734693381573646,0.00500000000000001));
#1337=CARTESIAN_POINT('',(0.0369938563558477,0.072535086668712,0.00199999999999999));
#1338=CARTESIAN_POINT('',(0.0366776452149639,0.0715799249174255,0.00333333333333332));
#1339=CARTESIAN_POINT('',(0.0366776452149639,0.0715799249174255,0.005));
#1340=CARTESIAN_POINT('',(0.0422542125760118,0.0700807948427674,0.00199999999999999));
#1341=CARTESIAN_POINT('',(0.0417637801931139,0.0692041745658058,0.00333333333333333));
#1342=CARTESIAN_POINT('',(0.0417637801931139,0.0692041745658058,0.005));
#1343=CARTESIAN_POINT('',(0.0456851539488598,0.067731465716349,0.00199999999999999));
#1344=CARTESIAN_POINT('',(0.0450415337809262,0.066957336110198,0.00333333333333333));
#1345=CARTESIAN_POINT('',(0.0450415337809262,0.066957336110198,0.005));
#1346=CARTESIAN_POINT('',(0.0485198919843682,0.064808881160544,0.00199999999999999));
#1347=CARTESIAN_POINT('',(0.0477228830306493,0.0641901184692863,0.00333333333333332));
#1348=CARTESIAN_POINT('',(0.0477228830306493,0.0641901184692863,0.005));
#1349=CARTESIAN_POINT('',(0.05061357004641,0.0613469004690017,0.00199999999999999));
#1350=CARTESIAN_POINT('',(0.049697451024784,0.0609274799478455,0.00333333333333333));
#1351=CARTESIAN_POINT('',(0.049697451024784,0.0609274799478455,0.005));
#1352=CARTESIAN_POINT('',(0.0519635648735211,0.0574630767908092,0.00199999999999999));
#1353=CARTESIAN_POINT('',(0.0509886084628033,0.057220800559867,0.00333333333333332));
#1354=CARTESIAN_POINT('',(0.0509886084628033,0.057220800559867,0.005));
#1355=CARTESIAN_POINT('',(0.0529085053550868,0.0517908825846681,0.00199999999999999));
#1356=CARTESIAN_POINT('',(0.0519012971903951,0.0517522311609583,0.00333333333333333));
#1357=CARTESIAN_POINT('',(0.0519012971903951,0.0517522311609583,0.005));
#1358=CARTESIAN_POINT('',(0.0526532642665134,0.0459426049933874,0.00199999999999998));
#1359=CARTESIAN_POINT('',(0.0516559597448878,0.0460619318562042,0.00333333333333332));
#1360=CARTESIAN_POINT('',(0.0516559597448878,0.0460619318562042,0.00499999999999999));
#1361=CARTESIAN_POINT('',(0.0514141419441669,0.0400851519029329,0.00199999999999999));
#1362=CARTESIAN_POINT('',(0.0504465190138116,0.0403448033420262,0.00333333333333333));
#1363=CARTESIAN_POINT('',(0.0504465190138116,0.0403448033420262,0.005));
#1364=CARTESIAN_POINT('',(0.0500411584895546,0.0358507177668411,0.00199999999999999));
#1365=CARTESIAN_POINT('',(0.0491050681096128,0.0362072133776912,0.00333333333333332));
#1366=CARTESIAN_POINT('',(0.0491050681096128,0.0362072133776912,0.005));
#1367=CARTESIAN_POINT('',(0.048238166306963,0.0317474936704171,0.00199999999999999));
#1368=CARTESIAN_POINT('',(0.0473428150677817,0.0321967570846243,0.00333333333333333));
#1369=CARTESIAN_POINT('',(0.0473428150677817,0.0321967570846243,0.005));
#1370=CARTESIAN_POINT('',(0.0452792790535432,0.0265409117307308,0.00199999999999998));
#1371=CARTESIAN_POINT('',(0.044451554174522,0.0271092728719134,0.00333333333333332));
#1372=CARTESIAN_POINT('',(0.044451554174522,0.0271092728719134,0.00499999999999999));
#1373=CARTESIAN_POINT('',(0.0416265022570287,0.0219341503580576,0.00199999999999999));
#1374=CARTESIAN_POINT('',(0.0408853049585342,0.022612471288011,0.00333333333333333));
#1375=CARTESIAN_POINT('',(0.0408853049585342,0.022612471288011,0.005));
#1376=CARTESIAN_POINT('',(0.0372054369452428,0.0179230617951727,0.00199999999999999));
#1377=CARTESIAN_POINT('',(0.0365754744495392,0.0187024854679773,0.00333333333333332));
#1378=CARTESIAN_POINT('',(0.0365754744495393,0.0187024854679773,0.005));
#1379=CARTESIAN_POINT('',(0.0336301752397174,0.0153562610587662,0.00199999999999999));
#1380=CARTESIAN_POINT('',(0.0330904772592214,0.0162002617798114,0.00333333333333333));
#1381=CARTESIAN_POINT('',(0.0330904772592214,0.0162002617798114,0.00500000000000001));
#1382=CARTESIAN_POINT('',(0.0297604078445022,0.0131371905375365,0.00199999999999998));
#1383=CARTESIAN_POINT('',(0.0293047228471072,0.014028903059461,0.00333333333333332));
#1384=CARTESIAN_POINT('',(0.0293047228471072,0.014028903059461,0.005));
#1385=CARTESIAN_POINT('',(0.0242295994644758,0.010616438002044,0.00199999999999999));
#1386=CARTESIAN_POINT('',(0.0238808195003317,0.0115565754899166,0.00333333333333333));
#1387=CARTESIAN_POINT('',(0.0238808195003317,0.0115565754899166,0.005));
#1388=CARTESIAN_POINT('',(0.0170059665129465,0.00835160035876114,0.00199999999999999));
#1389=CARTESIAN_POINT('',(0.0167746631580813,0.00932754236137007,0.00333333333333333));
#1390=CARTESIAN_POINT('',(0.0167746631580813,0.00932754236137007,0.005));
#1391=CARTESIAN_POINT('',(0.00945426239077207,0.00706610670179009,0.00199999999999998));
#1392=CARTESIAN_POINT('',(0.00932788278534642,0.00805955001795835,0.00333333333333332));
#1393=CARTESIAN_POINT('',(0.00932788278534642,0.00805955001795836,0.005));
#1394=CARTESIAN_POINT('',(0.00327731784084555,0.00659593523844669,0.00199999999999999));
#1395=CARTESIAN_POINT('',(0.00323151759428517,0.00759548224045161,0.00333333333333333));
#1396=CARTESIAN_POINT('',(0.00323151759428517,0.00759548224045161,0.005));
#1397=CARTESIAN_POINT('',(-0.00286799945021969,0.0064972777280162,0.00199999999999999));
#1398=CARTESIAN_POINT('',(-0.00283532821094547,0.00749806042357466,0.00333333333333332));
#1399=CARTESIAN_POINT('',(-0.00283532821094547,0.00749806042357466,0.005));
#1400=CARTESIAN_POINT('',(-0.0105210148694864,0.00704077596141444,0.00199999999999999));
#1401=CARTESIAN_POINT('',(-0.0103907863868357,0.00803472564586748,0.00333333333333332));
#1402=CARTESIAN_POINT('',(-0.0103907863868357,0.00803472564586748,0.005));
#1403=CARTESIAN_POINT('',(-0.0196390285867396,0.00882895288277833,0.00199999999999999));
#1404=CARTESIAN_POINT('',(-0.0193826792629761,0.00979871292761463,0.00333333333333332));
#1405=CARTESIAN_POINT('',(-0.0193826792629761,0.00979871292761463,0.005));
#1406=CARTESIAN_POINT('',(-0.0282168726884869,0.0117660010090616,0.00199999999999999));
#1407=CARTESIAN_POINT('',(-0.0278204937859318,0.012688809750499,0.00333333333333333));
#1408=CARTESIAN_POINT('',(-0.0278204937859318,0.012688809750499,0.005));
#1409=CARTESIAN_POINT('',(-0.0348943957033849,0.0153778031381229,0.00199999999999998));
#1410=CARTESIAN_POINT('',(-0.0343603626734177,0.0162287696817397,0.00333333333333332));
#1411=CARTESIAN_POINT('',(-0.0343603626734177,0.0162287696817397,0.005));
#1412=CARTESIAN_POINT('',(-0.0395236845258308,0.0189319662721622,0.00199999999999999));
#1413=CARTESIAN_POINT('',(-0.0388683129083888,0.0196903162258156,0.00333333333333333));
#1414=CARTESIAN_POINT('',(-0.0388683129083888,0.0196903162258156,0.005));
#1415=CARTESIAN_POINT('',(-0.0416337478842084,0.0209806283057392,0.00199999999999999));
#1416=CARTESIAN_POINT('',(-0.0409224950582238,0.0216846444347697,0.00333333333333332));
#1417=CARTESIAN_POINT('',(-0.0409224950582238,0.0216846444347697,0.005));
#1418=CARTESIAN_POINT('',(-0.0426335534620355,0.0220728912780375,0.00199999999999999));
#1419=CARTESIAN_POINT('',(-0.0418961741517317,0.0227483701842485,0.00333333333333332));
#1420=CARTESIAN_POINT('',(-0.0418961741517317,0.0227483701842485,0.005));
#1421=CARTESIAN_POINT('',(-0.0472627560671199,0.0278956274839069,0.002));
#1422=CARTESIAN_POINT('',(-0.0437929329160791,0.0230785216649674,0.002));
#1423=CARTESIAN_POINT('',(-0.0394473387661879,0.0188573540494427,0.002));
#1424=CARTESIAN_POINT('',(-0.0358611411062248,0.0161340786229742,0.002));
#1425=CARTESIAN_POINT('',(-0.0319696551256366,0.013792351166023,0.002));
#1426=CARTESIAN_POINT('',(-0.0265967126195035,0.011206954335309,0.002));
#1427=CARTESIAN_POINT('',(-0.0194838662293173,0.00879420387786224,0.002));
#1428=CARTESIAN_POINT('',(-0.0106101493043649,0.007061766229637,0.002));
#1429=CARTESIAN_POINT('',(-0.00159028302928071,0.00639996996653272,0.002));
#1430=CARTESIAN_POINT('',(0.00732202739831267,0.00676145493624029,0.002));
#1431=CARTESIAN_POINT('',(0.0146947859410385,0.00792780155883311,0.002));
#1432=CARTESIAN_POINT('',(0.020542018069705,0.00946671995713168,0.002));
#1433=CARTESIAN_POINT('',(0.0262145405714562,0.0114103667633817,0.002));
#1434=CARTESIAN_POINT('',(0.0316815091694749,0.01405593040056,0.002));
#1435=CARTESIAN_POINT('',(0.036601754171367,0.017442489958998,0.002));
#1436=CARTESIAN_POINT('',(0.0400215435057642,0.0204277151127206,0.002));
#1437=CARTESIAN_POINT('',(0.0430614598593512,0.0237550378800176,0.002));
#1438=CARTESIAN_POINT('',(0.0465876857012592,0.0285536921612096,0.002));
#1439=CARTESIAN_POINT('',(0.0493830265383537,0.0339587881684696,0.002));
#1440=CARTESIAN_POINT('',(0.0512828798064386,0.039610318858191,0.002));
#1441=CARTESIAN_POINT('',(0.0522708432572693,0.0440016290886095,0.002));
#1442=CARTESIAN_POINT('',(0.052764504903174,0.0485202037983076,0.002));
#1443=CARTESIAN_POINT('',(0.0526999231391453,0.0530053750794669,0.002));
#1444=CARTESIAN_POINT('',(0.0519701348089601,0.0575124776942082,0.002));
#1445=CARTESIAN_POINT('',(0.0507052938579949,0.0610624680463852,0.002));
#1446=CARTESIAN_POINT('',(0.04918658866063,0.0636982507613635,0.002));
#1447=CARTESIAN_POINT('',(0.0473881216418591,0.0660718745413557,0.002));
#1448=CARTESIAN_POINT('',(0.0445570885039684,0.0686426954635473,0.002));
#1449=CARTESIAN_POINT('',(0.0406765783028894,0.0709112057870331,0.002));
#1450=CARTESIAN_POINT('',(0.0350321351729904,0.0731439193279795,0.002));
#1451=CARTESIAN_POINT('',(0.0277783238015173,0.0747423226480681,0.002));
#1452=CARTESIAN_POINT('',(0.0188680193647444,0.075825335455877,0.002));
#1453=CARTESIAN_POINT('',(0.00992534755630246,0.0765851122862798,0.002));
#1454=CARTESIAN_POINT('',(0.000969444424803372,0.0769695217680275,0.002));
#1455=CARTESIAN_POINT('',(-0.00801818936805596,0.0769319959282768,0.002));
#1456=CARTESIAN_POINT('',(-0.0169565632849131,0.0764018595686538,0.002));
#1457=CARTESIAN_POINT('',(-0.0258675855774506,0.0753135216066555,0.002));
#1458=CARTESIAN_POINT('',(-0.0331875551923721,0.073783572627829,0.002));
#1459=CARTESIAN_POINT('',(-0.0388512931037415,0.071742412083589,0.002));
#1460=CARTESIAN_POINT('',(-0.0428239630022302,0.0697026964221418,0.002));
#1461=CARTESIAN_POINT('',(-0.0464453417491877,0.0669602086783993,0.002));
#1462=CARTESIAN_POINT('',(-0.0488691742681798,0.0641280650654096,0.002));
#1463=CARTESIAN_POINT('',(-0.0504120888158683,0.0615196347886182,0.002));
#1464=CARTESIAN_POINT('',(-0.0516318166563286,0.0588003760429699,0.002));
#1465=CARTESIAN_POINT('',(-0.0526567041295594,0.0551587138642563,0.002));
#1466=CARTESIAN_POINT('',(-0.0531795469640713,0.050727254764021,0.002));
#1467=CARTESIAN_POINT('',(-0.0531206488821995,0.0462426930202588,0.002));
#1468=CARTESIAN_POINT('',(-0.0525261851164911,0.041782597858739,0.002));
#1469=CARTESIAN_POINT('',(-0.0514590953266408,0.0374775329587378,0.002));
#1470=CARTESIAN_POINT('',(-0.0499236199084006,0.0332706404511936,0.002));
#1471=CARTESIAN_POINT('',(-0.0472627560671199,0.0278956274839069,0.002));
#1472=CARTESIAN_POINT('',(-0.0437929329160791,0.0230785216649674,0.002));
#1473=CARTESIAN_POINT('',(-0.0394473387661879,0.0188573540494427,0.002));
#1474=CARTESIAN_POINT('',(-0.0426335534620355,0.0220728912780375,0.002));
#1475=CARTESIAN_POINT('',(-0.0346790455968332,-0.0496319792316869,0.015));
#1476=CARTESIAN_POINT('',(-0.0303923469862773,-0.0470582241885141,0.015));
#1477=CARTESIAN_POINT('',(-0.0303923469862773,-0.0470582241885141,0.01));
#1478=CARTESIAN_POINT('',(-0.0340261808891097,-0.0507191757068484,0.015));
#1479=CARTESIAN_POINT('',(-0.0298090170636609,-0.0480296170415931,0.015));
#1480=CARTESIAN_POINT('',(-0.0298090170636609,-0.0480296170415931,0.01));
#1481=CARTESIAN_POINT('',(-0.032623352146275,-0.0528524914157012,0.015));
#1482=CARTESIAN_POINT('',(-0.0285569352903959,-0.0499335986441251,0.015));
#1483=CARTESIAN_POINT('',(-0.0285569352903959,-0.0499335986441251,0.00999999999999999));
#1484=CARTESIAN_POINT('',(-0.029526166732683,-0.0568163984532098,0.015));
#1485=CARTESIAN_POINT('',(-0.0257910912706596,-0.0534736051960081,0.015));
#1486=CARTESIAN_POINT('',(-0.0257910912706596,-0.0534736051960081,0.01));
#1487=CARTESIAN_POINT('',(-0.025971437743489,-0.060387040575818,0.015));
#1488=CARTESIAN_POINT('',(-0.0226216469257746,-0.0566558232693896,0.015));
#1489=CARTESIAN_POINT('',(-0.0226216469257746,-0.0566558232693895,0.01));
#1490=CARTESIAN_POINT('',(-0.0219204331054889,-0.0635263637490154,0.015));
#1491=CARTESIAN_POINT('',(-0.0190311549167634,-0.0594375547005188,0.015));
#1492=CARTESIAN_POINT('',(-0.0190311549167634,-0.0594375547005188,0.01));
#1493=CARTESIAN_POINT('',(-0.0176733445502086,-0.0662475670922369,0.015));
#1494=CARTESIAN_POINT('',(-0.01528883505923,-0.0618347889334454,0.015));
#1495=CARTESIAN_POINT('',(-0.01528883505923,-0.0618347889334454,0.01));
#1496=CARTESIAN_POINT('',(-0.0131187630782193,-0.0683600988108284,0.015));
#1497=CARTESIAN_POINT('',(-0.0113189091109763,-0.0636713087586752,0.015));
#1498=CARTESIAN_POINT('',(-0.0113189091109763,-0.0636713087586752,0.01));
#1499=CARTESIAN_POINT('',(-0.00816874367150203,-0.0697576697631799,0.015));
#1500=CARTESIAN_POINT('',(-0.00708196613590751,-0.0648660532246869,0.015));
#1501=CARTESIAN_POINT('',(-0.00708196613590751,-0.0648660532246869,0.01));
#1502=CARTESIAN_POINT('',(-0.00441545333808894,-0.0703631783696598,0.015));
#1503=CARTESIAN_POINT('',(-0.00390966640556664,-0.0653761201226615,0.015));
#1504=CARTESIAN_POINT('',(-0.00390966640556664,-0.0653761201226614,0.01));
#1505=CARTESIAN_POINT('',(-0.000607414663722567,-0.0705095177057053,0.015));
#1506=CARTESIAN_POINT('',(-0.000742787886436368,-0.0654971974593986,0.015));
#1507=CARTESIAN_POINT('',(-0.000742787886436367,-0.0654971974593986,0.01));
#1508=CARTESIAN_POINT('',(0.00451488019901387,-0.0700373562653645,0.015));
#1509=CARTESIAN_POINT('',(0.00352552498044884,-0.0651045544214368,0.015));
#1510=CARTESIAN_POINT('',(0.00352552498044884,-0.0651045544214368,0.01));
#1511=CARTESIAN_POINT('',(0.00939832690795022,-0.0686366122817613,0.015));
#1512=CARTESIAN_POINT('',(0.00764492927357491,-0.0639282002232063,0.015));
#1513=CARTESIAN_POINT('',(0.00764492927357491,-0.0639282002232063,0.01));
#1514=CARTESIAN_POINT('',(0.0140235247829968,-0.066413735611424,0.015));
#1515=CARTESIAN_POINT('',(0.0116128487389306,-0.0620227598963398,0.015));
#1516=CARTESIAN_POINT('',(0.0116128487389306,-0.0620227598963397,0.01));
#1517=CARTESIAN_POINT('',(0.0183389525058219,-0.063750224988674,0.015));
#1518=CARTESIAN_POINT('',(0.015356427408444,-0.0597137403262871,0.015));
#1519=CARTESIAN_POINT('',(0.015356427408444,-0.0597137403262872,0.01));
#1520=CARTESIAN_POINT('',(0.0232610026177742,-0.0596042318043895,0.015));
#1521=CARTESIAN_POINT('',(0.0196957475745585,-0.0560648809192003,0.015));
#1522=CARTESIAN_POINT('',(0.0196957475745585,-0.0560648809192003,0.01));
#1523=CARTESIAN_POINT('',(0.028139967131638,-0.0538292807212273,0.015));
#1524=CARTESIAN_POINT('',(0.024066560196102,-0.0508966027407096,0.015));
#1525=CARTESIAN_POINT('',(0.024066560196102,-0.0508966027407096,0.00999999999999999));
#1526=CARTESIAN_POINT('',(0.0321622163172995,-0.0472592883750282,0.015));
#1527=CARTESIAN_POINT('',(0.02770817110157,-0.0449543253782147,0.015));
#1528=CARTESIAN_POINT('',(0.02770817110157,-0.0449543253782147,0.01));
#1529=CARTESIAN_POINT('',(0.0351993700551747,-0.0403521685793799,0.015));
#1530=CARTESIAN_POINT('',(0.0304970281712869,-0.0386169602226657,0.015));
#1531=CARTESIAN_POINT('',(0.0304970281712869,-0.0386169602226657,0.01));
#1532=CARTESIAN_POINT('',(0.0373873399396893,-0.0330383416226594,0.015));
#1533=CARTESIAN_POINT('',(0.0324976096556316,-0.0319207150002606,0.015));
#1534=CARTESIAN_POINT('',(0.0324976096556316,-0.0319207150002606,0.01));
#1535=CARTESIAN_POINT('',(0.0385401267307507,-0.025480186726916,0.015));
#1536=CARTESIAN_POINT('',(0.0335284320505827,-0.0251213035293817,0.015));
#1537=CARTESIAN_POINT('',(0.0335284320505827,-0.0251213035293817,0.01));
#1538=CARTESIAN_POINT('',(0.0383522280419339,-0.0190581724421286,0.015));
#1539=CARTESIAN_POINT('',(0.0333434777712953,-0.019608337202043,0.015));
#1540=CARTESIAN_POINT('',(0.0333434777712952,-0.019608337202043,0.01));
#1541=CARTESIAN_POINT('',(0.0371612148469815,-0.0140968822946069,0.015));
#1542=CARTESIAN_POINT('',(0.0323862668846922,-0.0156615145790839,0.015));
#1543=CARTESIAN_POINT('',(0.0323862668846922,-0.0156615145790839,0.01));
#1544=CARTESIAN_POINT('',(0.0356246823597159,-0.0105619702330455,0.015));
#1545=CARTESIAN_POINT('',(0.0312290103692905,-0.0130305847510843,0.015));
#1546=CARTESIAN_POINT('',(0.0312290103692905,-0.0130305847510843,0.01));
#1547=CARTESIAN_POINT('',(0.0333425483871006,-0.00743131519658299,0.015));
#1548=CARTESIAN_POINT('',(0.029651763311545,-0.0108744210297072,0.015));
#1549=CARTESIAN_POINT('',(0.029651763311545,-0.0108744210297072,0.01));
#1550=CARTESIAN_POINT('',(0.030431386440175,-0.00494701927084137,0.015));
#1551=CARTESIAN_POINT('',(0.0275941956465236,-0.00910636985355668,0.015));
#1552=CARTESIAN_POINT('',(0.0275941956465236,-0.00910636985355668,0.01));
#1553=CARTESIAN_POINT('',(0.0270529624264001,-0.00309060473518292,0.015));
#1554=CARTESIAN_POINT('',(0.0250367189811296,-0.00769004733375042,0.015));
#1555=CARTESIAN_POINT('',(0.0250367189811296,-0.00769004733375042,0.01));
#1556=CARTESIAN_POINT('',(0.0234596157730416,-0.00182115276344792,0.015));
#1557=CARTESIAN_POINT('',(0.0221063341112676,-0.00664658165940305,0.015));
#1558=CARTESIAN_POINT('',(0.0221063341112676,-0.00664658165940305,0.01));
#1559=CARTESIAN_POINT('',(0.0197133810777326,-0.000985170788931702,0.015));
#1560=CARTESIAN_POINT('',(0.0188596944885765,-0.00591786375429508,0.015));
#1561=CARTESIAN_POINT('',(0.0188596944885765,-0.00591786375429508,0.01));
#1562=CARTESIAN_POINT('',(0.01473091876437,-0.000316987616437914,0.015));
#1563=CARTESIAN_POINT('',(0.0143463727592366,-0.00530917733543142,0.015));
#1564=CARTESIAN_POINT('',(0.0143463727592366,-0.00530917733543141,0.01));
#1565=CARTESIAN_POINT('',(0.00845489038776971,-2.93882640182516E-5,0.015));
#1566=CARTESIAN_POINT('',(0.00839146141900321,-0.0050302682950186,0.015));
#1567=CARTESIAN_POINT('',(0.00839146141900321,-0.0050302682950186,0.01));
#1568=CARTESIAN_POINT('',(0.00216410462328316,-5.90771936904422E-5,0.015));
#1569=CARTESIAN_POINT('',(0.00221756777872332,-0.0050588102620012,0.015));
#1570=CARTESIAN_POINT('',(0.00221756777872332,-0.0050588102620012,0.01));
#1571=CARTESIAN_POINT('',(-0.00286984062757539,-8.91848309993546E-5,0.015));
#1572=CARTESIAN_POINT('',(-0.00286303766609051,-0.00508921719018348,0.015));
#1573=CARTESIAN_POINT('',(-0.00286303766609051,-0.00508921719018348,0.01));
#1574=CARTESIAN_POINT('',(-0.00790258058439999,-9.48479336355161E-5,0.015));
#1575=CARTESIAN_POINT('',(-0.00787905868631885,-0.00509474724103168,0.015));
#1576=CARTESIAN_POINT('',(-0.00787905868631885,-0.00509474724103168,0.01));
#1577=CARTESIAN_POINT('',(-0.0141889384815741,-0.000187963425690694,0.015));
#1578=CARTESIAN_POINT('',(-0.0139888714240542,-0.00518738305903589,0.015));
#1579=CARTESIAN_POINT('',(-0.0139888714240542,-0.0051873830590359,0.01));
#1580=CARTESIAN_POINT('',(-0.021688923249394,-0.00083362039365885,0.015));
#1581=CARTESIAN_POINT('',(-0.0209609850666673,-0.00579759664890741,0.015));
#1582=CARTESIAN_POINT('',(-0.0209609850666673,-0.00579759664890741,0.01));
#1583=CARTESIAN_POINT('',(-0.0278769249664599,-0.00236954488697054,0.015));
#1584=CARTESIAN_POINT('',(-0.026239803693722,-0.00714411734002745,0.015));
#1585=CARTESIAN_POINT('',(-0.026239803693722,-0.00714411734002745,0.01));
#1586=CARTESIAN_POINT('',(-0.0324292592943048,-0.00468889419691137,0.015));
#1587=CARTESIAN_POINT('',(-0.0297542582442354,-0.00894878214875774,0.015));
#1588=CARTESIAN_POINT('',(-0.0297542582442354,-0.00894878214875775,0.01));
#1589=CARTESIAN_POINT('',(-0.0354250936028447,-0.00701522982766858,0.015));
#1590=CARTESIAN_POINT('',(-0.031933999372772,-0.0106514322823252,0.015));
#1591=CARTESIAN_POINT('',(-0.031933999372772,-0.0106514322823252,0.01));
#1592=CARTESIAN_POINT('',(-0.037883094121884,-0.00997527607358818,0.015));
#1593=CARTESIAN_POINT('',(-0.0336740594547298,-0.0127424046165256,0.015));
#1594=CARTESIAN_POINT('',(-0.0336740594547298,-0.0127424046165256,0.01));
#1595=CARTESIAN_POINT('',(-0.0396546764793688,-0.0133399722794689,0.015));
#1596=CARTESIAN_POINT('',(-0.0350180081409268,-0.0152726723702925,0.015));
#1597=CARTESIAN_POINT('',(-0.0350180081409268,-0.0152726723702925,0.01));
#1598=CARTESIAN_POINT('',(-0.0408378552670813,-0.0169688969100282,0.015));
#1599=CARTESIAN_POINT('',(-0.0359663990605132,-0.0181645472996017,0.015));
#1600=CARTESIAN_POINT('',(-0.0359663990605132,-0.0181645472996017,0.01));
#1601=CARTESIAN_POINT('',(-0.0414990720091468,-0.0206800796731468,0.015));
#1602=CARTESIAN_POINT('',(-0.0365219024078271,-0.0212592709401329,0.015));
#1603=CARTESIAN_POINT('',(-0.0365219024078271,-0.0212592709401329,0.01));
#1604=CARTESIAN_POINT('',(-0.0417341536748654,-0.0244970072911004,0.015));
#1605=CARTESIAN_POINT('',(-0.0367264392685452,-0.0245460593500519,0.015));
#1606=CARTESIAN_POINT('',(-0.0367264392685452,-0.0245460593500519,0.01));
#1607=CARTESIAN_POINT('',(-0.0415499582178885,-0.0295076033882386,0.015));
#1608=CARTESIAN_POINT('',(-0.0365663386741146,-0.0289558562005827,0.015));
#1609=CARTESIAN_POINT('',(-0.0365663386741146,-0.0289558562005827,0.01));
#1610=CARTESIAN_POINT('',(-0.0407338812971575,-0.0344789955229216,0.015));
#1611=CARTESIAN_POINT('',(-0.0358363394290116,-0.033420935694902,0.015));
#1612=CARTESIAN_POINT('',(-0.0358363394290116,-0.033420935694902,0.01));
#1613=CARTESIAN_POINT('',(-0.0393615691255598,-0.0393565666309106,0.015));
#1614=CARTESIAN_POINT('',(-0.034597430974683,-0.0378244632036303,0.015));
#1615=CARTESIAN_POINT('',(-0.034597430974683,-0.0378244632036303,0.01));
#1616=CARTESIAN_POINT('',(-0.037652071153288,-0.0440727651314686,0.015));
#1617=CARTESIAN_POINT('',(-0.0330527308152619,-0.0420848476122412,0.015));
#1618=CARTESIAN_POINT('',(-0.0330527308152619,-0.0420848476122412,0.01));
#1619=CARTESIAN_POINT('',(-0.0359847750122803,-0.0474575862813639,0.015));
#1620=CARTESIAN_POINT('',(-0.0315590068315099,-0.0451154384823561,0.015));
#1621=CARTESIAN_POINT('',(-0.0315590068315099,-0.0451154384823561,0.01));
#1622=CARTESIAN_POINT('',(-0.0346790455968332,-0.0496319792316869,0.015));
#1623=CARTESIAN_POINT('',(-0.0303923469862773,-0.0470582241885141,0.015));
#1624=CARTESIAN_POINT('',(-0.0303923469862773,-0.0470582241885141,0.01));
#1625=CARTESIAN_POINT('',(-0.0525160500291736,0.0295364286864357,0.015));
#1626=CARTESIAN_POINT('',(-0.0480320774771453,0.0317486651459167,0.015));
#1627=CARTESIAN_POINT('',(-0.0480320774771453,0.0317486651459167,0.01));
#1628=CARTESIAN_POINT('',(-0.0517912005619562,0.0280662004466075,0.015));
#1629=CARTESIAN_POINT('',(-0.0473880246136371,0.0304423318542315,0.015));
#1630=CARTESIAN_POINT('',(-0.0473880246136371,0.0304423318542315,0.01));
#1631=CARTESIAN_POINT('',(-0.0501904424549357,0.0252289759216125,0.015));
#1632=CARTESIAN_POINT('',(-0.0459670767353466,0.0279243965245137,0.015));
#1633=CARTESIAN_POINT('',(-0.0459670767353466,0.0279243965245137,0.01));
#1634=CARTESIAN_POINT('',(-0.0473618251283035,0.0212968360807016,0.015));
#1635=CARTESIAN_POINT('',(-0.0434650871470383,0.0244465972291997,0.015));
#1636=CARTESIAN_POINT('',(-0.0434650871470383,0.0244465972291997,0.01));
#1637=CARTESIAN_POINT('',(-0.0440782270222425,0.0176753942882531,0.015));
#1638=CARTESIAN_POINT('',(-0.040566941108832,0.0212516155515992,0.015));
#1639=CARTESIAN_POINT('',(-0.040566941108832,0.0212516155515992,0.01));
#1640=CARTESIAN_POINT('',(-0.0403664824983694,0.0144446861503659,0.015));
#1641=CARTESIAN_POINT('',(-0.0373087385097454,0.0184146921900377,0.015));
#1642=CARTESIAN_POINT('',(-0.0373087385097454,0.0184146921900377,0.01));
#1643=CARTESIAN_POINT('',(-0.0363684411184836,0.0117016138061853,0.015));
#1644=CARTESIAN_POINT('',(-0.0337515000573501,0.0159717180361805,0.015));
#1645=CARTESIAN_POINT('',(-0.0337515000573501,0.0159717180361805,0.01));
#1646=CARTESIAN_POINT('',(-0.0320811183366699,0.00934676318742489,0.015));
#1647=CARTESIAN_POINT('',(-0.0298778495997696,0.0138424862194117,0.015));
#1648=CARTESIAN_POINT('',(-0.0298778495997696,0.0138424862194117,0.01));
#1649=CARTESIAN_POINT('',(-0.0275885430078974,0.00737985339034036,0.015));
#1650=CARTESIAN_POINT('',(-0.0257706739229931,0.0120432747090825,0.015));
#1651=CARTESIAN_POINT('',(-0.0257706739229931,0.0120432747090825,0.01));
#1652=CARTESIAN_POINT('',(-0.0214857880571341,0.00526600485506856,0.015));
#1653=CARTESIAN_POINT('',(-0.0201393229037582,0.0100916688408814,0.015));
#1654=CARTESIAN_POINT('',(-0.0201393229037582,0.0100916688408814,0.01));
#1655=CARTESIAN_POINT('',(-0.0136080598525238,0.0034431632819475,0.015));
#1656=CARTESIAN_POINT('',(-0.0127955318357079,0.00838968985626579,0.015));
#1657=CARTESIAN_POINT('',(-0.0127955318357079,0.0083896898562658,0.01));
#1658=CARTESIAN_POINT('',(-0.00384546098895111,0.00244509570216905,0.015));
#1659=CARTESIAN_POINT('',(-0.00363254982256193,0.00745192700911676,0.015));
#1660=CARTESIAN_POINT('',(-0.00363254982256193,0.00745192700911676,0.01));
#1661=CARTESIAN_POINT('',(0.00582545109543897,0.00259463710123055,0.015));
#1662=CARTESIAN_POINT('',(0.00545550908216244,0.00759285508042231,0.015));
#1663=CARTESIAN_POINT('',(0.00545550908216244,0.00759285508042231,0.01));
#1664=CARTESIAN_POINT('',(0.0155553074482718,0.00392025901739062,0.015));
#1665=CARTESIAN_POINT('',(0.0145626676277096,0.00883534602576332,0.015));
#1666=CARTESIAN_POINT('',(0.0145626676277096,0.00883534602576332,0.01));
#1667=CARTESIAN_POINT('',(0.0233510171720857,0.00606523948455659,0.015));
#1668=CARTESIAN_POINT('',(0.0217880652905178,0.0108275290769613,0.015));
#1669=CARTESIAN_POINT('',(0.0217880652905178,0.0108275290769613,0.01));
#1670=CARTESIAN_POINT('',(0.029359638239361,0.00849743897545232,0.015));
#1671=CARTESIAN_POINT('',(0.0272859485508957,0.0130539045411039,0.015));
#1672=CARTESIAN_POINT('',(0.0272859485508957,0.0130539045411039,0.01));
#1673=CARTESIAN_POINT('',(0.0352038777771797,0.011485189844708,0.015));
#1674=CARTESIAN_POINT('',(0.0325796059095373,0.0157635560497149,0.015));
#1675=CARTESIAN_POINT('',(0.0325796059095373,0.0157635560497149,0.00999999999999999));
#1676=CARTESIAN_POINT('',(0.0404439580690328,0.0152393696920617,0.015));
#1677=CARTESIAN_POINT('',(0.0372075530871846,0.0190834618863208,0.015));
#1678=CARTESIAN_POINT('',(0.0372075530871846,0.0190834618863208,0.01));
#1679=CARTESIAN_POINT('',(0.0450616040596678,0.0199217239600214,0.015));
#1680=CARTESIAN_POINT('',(0.0413071041681471,0.023238429192049,0.015));
#1681=CARTESIAN_POINT('',(0.0413071041681471,0.023238429192049,0.01));
#1682=CARTESIAN_POINT('',(0.0480822748072247,0.0237352500049727,0.015));
#1683=CARTESIAN_POINT('',(0.0439990630159118,0.0266365160455577,0.015));
#1684=CARTESIAN_POINT('',(0.0439990630159118,0.0266365160455577,0.01));
#1685=CARTESIAN_POINT('',(0.05068501488877,0.0278260903273453,0.015));
#1686=CARTESIAN_POINT('',(0.0463264579615211,0.0302939091513345,0.015));
#1687=CARTESIAN_POINT('',(0.0463264579615211,0.0302939091513345,0.01));
#1688=CARTESIAN_POINT('',(0.052887934328555,0.0322258312276173,0.015));
#1689=CARTESIAN_POINT('',(0.0483004856200548,0.0342362128633973,0.015));
#1690=CARTESIAN_POINT('',(0.0483004856200548,0.0342362128633973,0.01));
#1691=CARTESIAN_POINT('',(0.0546155369740276,0.0367878075421735,0.015));
#1692=CARTESIAN_POINT('',(0.0498484055664858,0.0383241180161317,0.015));
#1693=CARTESIAN_POINT('',(0.0498484055664858,0.0383241180161317,0.01));
#1694=CARTESIAN_POINT('',(0.0558639339429352,0.0414676159139548,0.015));
#1695=CARTESIAN_POINT('',(0.0509631962754126,0.0425051528506201,0.015));
#1696=CARTESIAN_POINT('',(0.0509631962754125,0.0425051528506201,0.01));
#1697=CARTESIAN_POINT('',(0.0566179905814343,0.0463117045762039,0.015));
#1698=CARTESIAN_POINT('',(0.0516307990023845,0.0468018541176717,0.015));
#1699=CARTESIAN_POINT('',(0.0516307990023844,0.0468018541176717,0.01));
#1700=CARTESIAN_POINT('',(0.0568022862146956,0.0512173390008751,0.015));
#1701=CARTESIAN_POINT('',(0.0517898842580676,0.0510943688692026,0.015));
#1702=CARTESIAN_POINT('',(0.0517898842580676,0.0510943688692026,0.01));
#1703=CARTESIAN_POINT('',(0.0563528639662231,0.0560731542437774,0.015));
#1704=CARTESIAN_POINT('',(0.0514009988981745,0.0552502622307638,0.015));
#1705=CARTESIAN_POINT('',(0.0514009988981745,0.0552502622307638,0.01));
#1706=CARTESIAN_POINT('',(0.0553415365488819,0.0600756076300132,0.015));
#1707=CARTESIAN_POINT('',(0.050559486183573,0.0585563233198006,0.015));
#1708=CARTESIAN_POINT('',(0.050559486183573,0.0585563233198006,0.00999999999999999));
#1709=CARTESIAN_POINT('',(0.0541037218021938,0.0630934920568821,0.015));
#1710=CARTESIAN_POINT('',(0.0495713788614247,0.0609597305609311,0.015));
#1711=CARTESIAN_POINT('',(0.0495713788614247,0.0609597305609311,0.01));
#1712=CARTESIAN_POINT('',(0.0525315223691123,0.0660007120803576,0.015));
#1713=CARTESIAN_POINT('',(0.0483536522009005,0.0632085400684419,0.015));
#1714=CARTESIAN_POINT('',(0.0483536522009005,0.0632085400684419,0.01));
#1715=CARTESIAN_POINT('',(0.0500361963209036,0.0691903608531422,0.015));
#1716=CARTESIAN_POINT('',(0.0464322721916476,0.0656685693725758,0.015));
#1717=CARTESIAN_POINT('',(0.0464322721916476,0.0656685693725758,0.01));
#1718=CARTESIAN_POINT('',(0.0462184198219549,0.0723596013042136,0.015));
#1719=CARTESIAN_POINT('',(0.0434083855566385,0.0681894538061778,0.015));
#1720=CARTESIAN_POINT('',(0.0434083855566385,0.0681894538061778,0.01));
#1721=CARTESIAN_POINT('',(0.0419355674407016,0.0747435004343801,0.015));
#1722=CARTESIAN_POINT('',(0.0398407654667452,0.0701855322590115,0.015));
#1723=CARTESIAN_POINT('',(0.0398407654667452,0.0701855322590115,0.01));
#1724=CARTESIAN_POINT('',(0.0373459079774992,0.0765052521094379,0.015));
#1725=CARTESIAN_POINT('',(0.0358247056747973,0.0717329351223386,0.015));
#1726=CARTESIAN_POINT('',(0.0358247056747973,0.0717329351223385,0.01));
#1727=CARTESIAN_POINT('',(0.0310928630388233,0.0781850802147165,0.015));
#1728=CARTESIAN_POINT('',(0.0301348133717533,0.0732666811464094,0.015));
#1729=CARTESIAN_POINT('',(0.0301348133717533,0.0732666811464094,0.01));
#1730=CARTESIAN_POINT('',(0.0230100659137239,0.0794218048597617,0.015));
#1731=CARTESIAN_POINT('',(0.0224544252988846,0.0744511427530008,0.015));
#1732=CARTESIAN_POINT('',(0.0224544252988845,0.0744511427530008,0.01));
#1733=CARTESIAN_POINT('',(0.0133207181660541,0.0803541478566483,0.015));
#1734=CARTESIAN_POINT('',(0.0129175859991169,0.0753693595047907,0.015));
#1735=CARTESIAN_POINT('',(0.0129175859991169,0.0753693595047907,0.01));
#1736=CARTESIAN_POINT('',(0.00361368477563993,0.0809116201083246,0.015));
#1737=CARTESIAN_POINT('',(0.00344947098384168,0.0759122398928695,0.015));
#1738=CARTESIAN_POINT('',(0.00344947098384168,0.0759122398928695,0.01));
#1739=CARTESIAN_POINT('',(-0.00610487817046668,0.0809903055893264,0.015));
#1740=CARTESIAN_POINT('',(-0.00601678624835343,0.0759883619474124,0.015));
#1741=CARTESIAN_POINT('',(-0.00601678624835343,0.0759883619474123,0.01));
#1742=CARTESIAN_POINT('',(-0.0158405513571675,0.0805261418305609,0.015));
#1743=CARTESIAN_POINT('',(-0.0154384014851417,0.0755391048182483,0.015));
#1744=CARTESIAN_POINT('',(-0.0154384014851417,0.0755391048182483,0.01));
#1745=CARTESIAN_POINT('',(-0.0255903254764137,0.0794186456610209,0.015));
#1746=CARTESIAN_POINT('',(-0.0248680984418676,0.074466415810914,0.015));
#1747=CARTESIAN_POINT('',(-0.0248680984418676,0.074466415810914,0.01));
#1748=CARTESIAN_POINT('',(-0.0335362047381531,0.0778350946633224,0.015));
#1749=CARTESIAN_POINT('',(-0.032316922098923,0.0729699192848075,0.015));
#1750=CARTESIAN_POINT('',(-0.032316922098923,0.0729699192848074,0.01));
#1751=CARTESIAN_POINT('',(-0.0397027043348863,0.0757307378620325,0.015));
#1752=CARTESIAN_POINT('',(-0.0378235765104103,0.0710838443552904,0.015));
#1753=CARTESIAN_POINT('',(-0.0378235765104103,0.0710838443552904,0.01));
#1754=CARTESIAN_POINT('',(-0.0441866108940926,0.0735543161183327,0.015));
#1755=CARTESIAN_POINT('',(-0.0416691528514297,0.0692103897720031,0.015));
#1756=CARTESIAN_POINT('',(-0.0416691528514297,0.0692103897720031,0.01));
#1757=CARTESIAN_POINT('',(-0.0475395116380813,0.0712115186582272,0.015));
#1758=CARTESIAN_POINT('',(-0.0444183603442215,0.0672816664943927,0.015));
#1759=CARTESIAN_POINT('',(-0.0444183603442215,0.0672816664943927,0.01));
#1760=CARTESIAN_POINT('',(-0.0499674695692765,0.0689327497079627,0.015));
#1761=CARTESIAN_POINT('',(-0.0463598999005344,0.065458440973267,0.015));
#1762=CARTESIAN_POINT('',(-0.0463598999005344,0.065458440973267,0.01));
#1763=CARTESIAN_POINT('',(-0.0521104278668033,0.0664655362265363,0.015));
#1764=CARTESIAN_POINT('',(-0.048054462260528,0.0635056773246833,0.015));
#1765=CARTESIAN_POINT('',(-0.048054462260528,0.0635056773246833,0.01));
#1766=CARTESIAN_POINT('',(-0.0538549905440045,0.0636883067880445,0.015));
#1767=CARTESIAN_POINT('',(-0.0494227423128355,0.0613311522427261,0.015));
#1768=CARTESIAN_POINT('',(-0.0494227423128355,0.0613311522427261,0.01));
#1769=CARTESIAN_POINT('',(-0.0551699817949026,0.0606321974093732,0.015));
#1770=CARTESIAN_POINT('',(-0.050481999385611,0.0588736451424701,0.015));
#1771=CARTESIAN_POINT('',(-0.050481999385611,0.0588736451424701,0.01));
#1772=CARTESIAN_POINT('',(-0.0561867228761553,0.0575133414657911,0.015));
#1773=CARTESIAN_POINT('',(-0.0513217709419689,0.0563022383512833,0.015));
#1774=CARTESIAN_POINT('',(-0.0513217709419689,0.0563022383512834,0.01));
#1775=CARTESIAN_POINT('',(-0.0569771699273279,0.0534290380473378,0.015));
#1776=CARTESIAN_POINT('',(-0.0519955409468281,0.0528417396233295,0.015));
#1777=CARTESIAN_POINT('',(-0.051995540946828,0.0528417396233295,0.01));
#1778=CARTESIAN_POINT('',(-0.0572268562914342,0.0485226547032327,0.015));
#1779=CARTESIAN_POINT('',(-0.0522149381514537,0.0485816144055614,0.015));
#1780=CARTESIAN_POINT('',(-0.0522149381514537,0.0485816144055614,0.01));
#1781=CARTESIAN_POINT('',(-0.0568806913623734,0.043622782401401,0.015));
#1782=CARTESIAN_POINT('',(-0.0519114248946079,0.0442673588156181,0.015));
#1783=CARTESIAN_POINT('',(-0.0519114248946079,0.0442673588156181,0.01));
#1784=CARTESIAN_POINT('',(-0.055962843564055,0.0387340295399341,0.015));
#1785=CARTESIAN_POINT('',(-0.0510977206520505,0.0399299249146328,0.015));
#1786=CARTESIAN_POINT('',(-0.0510977206520505,0.0399299249146328,0.01));
#1787=CARTESIAN_POINT('',(-0.05453953925824,0.0340503453605817,0.015));
#1788=CARTESIAN_POINT('',(-0.0498313939163958,0.0357623962746246,0.015));
#1789=CARTESIAN_POINT('',(-0.0498313939163958,0.0357623962746246,0.01));
#1790=CARTESIAN_POINT('',(-0.053240899496391,0.0310066569262639,0.015));
#1791=CARTESIAN_POINT('',(-0.0486761303406535,0.0330549984376018,0.015));
#1792=CARTESIAN_POINT('',(-0.0486761303406535,0.0330549984376018,0.01));
#1793=CARTESIAN_POINT('',(-0.0525160500291736,0.0295364286864357,0.015));
#1794=CARTESIAN_POINT('',(-0.0480320774771453,0.0317486651459167,0.015));
#1795=CARTESIAN_POINT('',(-0.0480320774771453,0.0317486651459167,0.01));
#1796=CARTESIAN_POINT('',(-0.0297965678303104,0.0798420753475709,0.015));
#1797=CARTESIAN_POINT('',(-0.0309577353018118,0.0847053756779152,0.015));
#1798=CARTESIAN_POINT('',(-0.0309577353018118,0.0847053756779152,0.01));
#1799=CARTESIAN_POINT('',(-0.0286172187450445,0.080123512660988,0.015));
#1800=CARTESIAN_POINT('',(-0.0297042111580565,0.0850044955846831,0.015));
#1801=CARTESIAN_POINT('',(-0.0297042111580565,0.085004495584683,0.01));
#1802=CARTESIAN_POINT('',(-0.0262348804780153,0.0806350944355481,0.015));
#1803=CARTESIAN_POINT('',(-0.0271822473613171,0.0855458698653153,0.015));
#1804=CARTESIAN_POINT('',(-0.0271822473613171,0.0855458698653153,0.01));
#1805=CARTESIAN_POINT('',(-0.0214825071804192,0.0814583169696055,0.015));
#1806=CARTESIAN_POINT('',(-0.022186641802279,0.0864109406819633,0.015));
#1807=CARTESIAN_POINT('',(-0.022186641802279,0.0864109406819633,0.01));
#1808=CARTESIAN_POINT('',(-0.0131341450152991,0.0824611432734252,0.015));
#1809=CARTESIAN_POINT('',(-0.0134840177599901,0.0874544653313285,0.015));
#1810=CARTESIAN_POINT('',(-0.0134840177599901,0.0874544653313284,0.01));
#1811=CARTESIAN_POINT('',(-0.00116595400214189,0.082935935556146,0.015));
#1812=CARTESIAN_POINT('',(-0.00119689838012385,0.0879389504274505,0.015));
#1813=CARTESIAN_POINT('',(-0.00119689838012385,0.0879389504274505,0.01));
#1814=CARTESIAN_POINT('',(0.0108416276497759,0.0826153758150202,0.015));
#1815=CARTESIAN_POINT('',(0.0111213674106659,0.08761247797845,0.015));
#1816=CARTESIAN_POINT('',(0.0111213674106659,0.0876124779784499,0.00999999999999999));
#1817=CARTESIAN_POINT('',(0.0204864502438172,0.08162942477864,0.015));
#1818=CARTESIAN_POINT('',(0.0211396454019525,0.086589848241003,0.015));
#1819=CARTESIAN_POINT('',(0.0211396454019525,0.0865898482410031,0.01));
#1820=CARTESIAN_POINT('',(0.0276203476379269,0.0804470079746098,0.015));
#1821=CARTESIAN_POINT('',(0.0286168570171877,0.0853518824910429,0.015));
#1822=CARTESIAN_POINT('',(0.0286168570171878,0.0853518824910429,0.01));
#1823=CARTESIAN_POINT('',(0.0346903245821455,0.0786899932501795,0.015));
#1824=CARTESIAN_POINT('',(0.0361263945188634,0.0834884770255356,0.015));
#1825=CARTESIAN_POINT('',(0.0361263945188634,0.0834884770255355,0.01));
#1826=CARTESIAN_POINT('',(0.0414742141529429,0.0762311063520731,0.015));
#1827=CARTESIAN_POINT('',(0.0434695333059127,0.080832129697768,0.015));
#1828=CARTESIAN_POINT('',(0.0434695333059127,0.0808321296977681,0.01));
#1829=CARTESIAN_POINT('',(0.0467894830065819,0.0734374758477159,0.015));
#1830=CARTESIAN_POINT('',(0.0493779591045296,0.0777361671059264,0.015));
#1831=CARTESIAN_POINT('',(0.0493779591045297,0.0777361671059264,0.01));
#1832=CARTESIAN_POINT('',(0.0507567773016191,0.0705717715901623,0.015));
#1833=CARTESIAN_POINT('',(0.0538985391224925,0.0744741234865532,0.015));
#1834=CARTESIAN_POINT('',(0.0538985391224925,0.0744741234865533,0.01));
#1835=CARTESIAN_POINT('',(0.0534377119584763,0.0681518348016561,0.015));
#1836=CARTESIAN_POINT('',(0.0570035759998301,0.0716733026184839,0.015));
#1837=CARTESIAN_POINT('',(0.0570035759998301,0.0716733026184839,0.01));
#1838=CARTESIAN_POINT('',(0.0558292520110792,0.065417079548623,0.015));
#1839=CARTESIAN_POINT('',(0.0598071909604612,0.0684707336648709,0.015));
#1840=CARTESIAN_POINT('',(0.0598071909604613,0.0684707336648709,0.01));
#1841=CARTESIAN_POINT('',(0.0585413671398698,0.0613398208325129,0.015));
#1842=CARTESIAN_POINT('',(0.0630110029245246,0.0636496558643187,0.015));
#1843=CARTESIAN_POINT('',(0.0630110029245246,0.0636496558643187,0.01));
#1844=CARTESIAN_POINT('',(0.0604404825725737,0.0568991031675543,0.015));
#1845=CARTESIAN_POINT('',(0.0651567316711245,0.0585952939344933,0.015));
#1846=CARTESIAN_POINT('',(0.0651567316711246,0.0585952939344933,0.01));
#1847=CARTESIAN_POINT('',(0.0617911760488,0.0522140836826223,0.015));
#1848=CARTESIAN_POINT('',(0.0666481866122949,0.0534188836563672,0.015));
#1849=CARTESIAN_POINT('',(0.0666481866122949,0.0534188836563672,0.01));
#1850=CARTESIAN_POINT('',(0.0627956246655208,0.0475039180629216,0.015));
#1851=CARTESIAN_POINT('',(0.0677394794898948,0.0482944723440804,0.015));
#1852=CARTESIAN_POINT('',(0.0677394794898948,0.0482944723440805,0.01));
#1853=CARTESIAN_POINT('',(0.0635362204537084,0.0415381717027168,0.015));
#1854=CARTESIAN_POINT('',(0.0685274541960704,0.0419211104187414,0.015));
#1855=CARTESIAN_POINT('',(0.0685274541960704,0.0419211104187414,0.01));
#1856=CARTESIAN_POINT('',(0.0638091996874425,0.0342651498720521,0.015));
#1857=CARTESIAN_POINT('',(0.0688128084683922,0.0342727919646758,0.015));
#1858=CARTESIAN_POINT('',(0.0688128084683922,0.0342727919646757,0.01));
#1859=CARTESIAN_POINT('',(0.0635292960767094,0.0246452384916732,0.015));
#1860=CARTESIAN_POINT('',(0.0685201642717259,0.0242634850518908,0.015));
#1861=CARTESIAN_POINT('',(0.0685201642717259,0.0242634850518908,0.01));
#1862=CARTESIAN_POINT('',(0.0622535894199043,0.0127808404270646,0.015));
#1863=CARTESIAN_POINT('',(0.0672040598353568,0.0120507157550465,0.015));
#1864=CARTESIAN_POINT('',(0.0672040598353568,0.0120507157550465,0.01));
#1865=CARTESIAN_POINT('',(0.0601325985139653,0.00105201567236125,0.015));
#1866=CARTESIAN_POINT('',(0.0650355654455545,6.42580259301512E-5,0.015));
#1867=CARTESIAN_POINT('',(0.0650355654455545,6.4258025930148E-5,0.01));
#1868=CARTESIAN_POINT('',(0.0580338390636168,-0.00826685776829741,0.015));
#1869=CARTESIAN_POINT('',(0.06289763673941,-0.00942834163851275,0.015));
#1870=CARTESIAN_POINT('',(0.06289763673941,-0.00942834163851275,0.01));
#1871=CARTESIAN_POINT('',(0.0557021579383009,-0.0175398429402908,0.015));
#1872=CARTESIAN_POINT('',(0.0605237162855443,-0.0188687151639394,0.015));
#1873=CARTESIAN_POINT('',(0.0605237162855443,-0.0188687151639393,0.01));
#1874=CARTESIAN_POINT('',(0.0528775121912847,-0.0267779271606208,0.015));
#1875=CARTESIAN_POINT('',(0.0576059818870559,-0.0284371195180884,0.015));
#1876=CARTESIAN_POINT('',(0.0576059818870559,-0.0284371195180884,0.01));
#1877=CARTESIAN_POINT('',(0.0490976541708579,-0.0355542239729008,0.015));
#1878=CARTESIAN_POINT('',(0.0536043678771625,-0.0377374525770878,0.015));
#1879=CARTESIAN_POINT('',(0.0536043678771625,-0.0377374525770878,0.01));
#1880=CARTESIAN_POINT('',(0.0456476483001886,-0.0418429614755244,0.015));
#1881=CARTESIAN_POINT('',(0.0499044275496821,-0.0444856431585725,0.015));
#1882=CARTESIAN_POINT('',(0.0499044275496821,-0.0444856431585725,0.01));
#1883=CARTESIAN_POINT('',(0.0414655965817968,-0.0478055781482484,0.015));
#1884=CARTESIAN_POINT('',(0.0454012148857212,-0.0509042934770453,0.015));
#1885=CARTESIAN_POINT('',(0.0454012148857212,-0.0509042934770453,0.01));
#1886=CARTESIAN_POINT('',(0.0367562908957192,-0.0532145645302593,0.015));
#1887=CARTESIAN_POINT('',(0.0403805549416454,-0.0566683564662288,0.015));
#1888=CARTESIAN_POINT('',(0.0403805549416454,-0.0566683564662288,0.01));
#1889=CARTESIAN_POINT('',(0.031598837510994,-0.058180411540906,0.015));
#1890=CARTESIAN_POINT('',(0.034909387033917,-0.0619361247300584,0.015));
#1891=CARTESIAN_POINT('',(0.034909387033917,-0.0619361247300584,0.01));
#1892=CARTESIAN_POINT('',(0.0259605697564049,-0.0627125205519765,0.015));
#1893=CARTESIAN_POINT('',(0.0289107663714921,-0.0667591979029775,0.015));
#1894=CARTESIAN_POINT('',(0.0289107663714921,-0.0667591979029775,0.01));
#1895=CARTESIAN_POINT('',(0.0199029810276561,-0.0666714671372903,0.015));
#1896=CARTESIAN_POINT('',(0.0224180648212947,-0.0710047386814419,0.015));
#1897=CARTESIAN_POINT('',(0.0224180648212947,-0.0710047386814419,0.01));
#1898=CARTESIAN_POINT('',(0.0145609153638424,-0.0693626238003253,0.015));
#1899=CARTESIAN_POINT('',(0.016618350821328,-0.0739303258217214,0.015));
#1900=CARTESIAN_POINT('',(0.016618350821328,-0.0739303258217214,0.01));
#1901=CARTESIAN_POINT('',(0.0100235418681429,-0.0710822953121382,0.015));
#1902=CARTESIAN_POINT('',(0.0116176218135333,-0.0758268690528097,0.015));
#1903=CARTESIAN_POINT('',(0.0116176218135333,-0.0758268690528097,0.01));
#1904=CARTESIAN_POINT('',(0.00654798055860806,-0.072092804204942,0.015));
#1905=CARTESIAN_POINT('',(0.00774100121515002,-0.0769550422089866,0.015));
#1906=CARTESIAN_POINT('',(0.00774100121515002,-0.0769550422089867,0.00999999999999999));
#1907=CARTESIAN_POINT('',(0.00302013210338938,-0.0727882836852739,0.015));
#1908=CARTESIAN_POINT('',(0.00375461931131933,-0.0777423268272026,0.015));
#1909=CARTESIAN_POINT('',(0.00375461931131933,-0.0777423268272026,0.01));
#1910=CARTESIAN_POINT('',(-0.000581642028266187,-0.0731348794925623,0.015));
#1911=CARTESIAN_POINT('',(-0.000377761916738704,-0.0781416348955318,0.015));
#1912=CARTESIAN_POINT('',(-0.000377761916738705,-0.0781416348955318,0.01));
#1913=CARTESIAN_POINT('',(-0.0042354888676394,-0.0730677284324057,0.015));
#1914=CARTESIAN_POINT('',(-0.00461009584100606,-0.0780636287224435,0.015));
#1915=CARTESIAN_POINT('',(-0.00461009584100606,-0.0780636287224435,0.01));
#1916=CARTESIAN_POINT('',(-0.00779516564166434,-0.0726183914045212,0.015));
#1917=CARTESIAN_POINT('',(-0.00865995845596305,-0.0775502213956856,0.015));
#1918=CARTESIAN_POINT('',(-0.00865995845596305,-0.0775502213956856,0.01));
#1919=CARTESIAN_POINT('',(-0.0112999064114961,-0.0718394728005742,0.015));
#1920=CARTESIAN_POINT('',(-0.0125998694093575,-0.0766737338492579,0.015));
#1921=CARTESIAN_POINT('',(-0.0125998694093575,-0.0766737338492579,0.01));
#1922=CARTESIAN_POINT('',(-0.0147614285442958,-0.0707564999069303,0.015));
#1923=CARTESIAN_POINT('',(-0.0164423344796083,-0.0754704903778886,0.015));
#1924=CARTESIAN_POINT('',(-0.0164423344796083,-0.0754704903778886,0.01));
#1925=CARTESIAN_POINT('',(-0.0181293410353369,-0.0694153364137773,0.015));
#1926=CARTESIAN_POINT('',(-0.0201413922066014,-0.0739967595552303,0.015));
#1927=CARTESIAN_POINT('',(-0.0201413922066014,-0.0739967595552304,0.01));
#1928=CARTESIAN_POINT('',(-0.0224471993748838,-0.0673487687277858,0.015));
#1929=CARTESIAN_POINT('',(-0.0248417507052264,-0.0717463180766253,0.015));
#1930=CARTESIAN_POINT('',(-0.0248417507052264,-0.0717463180766252,0.01));
#1931=CARTESIAN_POINT('',(-0.0275794062471424,-0.0642961313653798,0.015));
#1932=CARTESIAN_POINT('',(-0.0303683975571996,-0.068456593582395,0.015));
#1933=CARTESIAN_POINT('',(-0.0303683975571996,-0.068456593582395,0.01));
#1934=CARTESIAN_POINT('',(-0.033397284229809,-0.059961935928276,0.015));
#1935=CARTESIAN_POINT('',(-0.036580219629799,-0.0638275850693831,0.015));
#1936=CARTESIAN_POINT('',(-0.036580219629799,-0.0638275850693831,0.01));
#1937=CARTESIAN_POINT('',(-0.0387336288494156,-0.0551338539010628,0.015));
#1938=CARTESIAN_POINT('',(-0.0422570926584018,-0.0586909282367503,0.015));
#1939=CARTESIAN_POINT('',(-0.0422570926584018,-0.0586909282367503,0.01));
#1940=CARTESIAN_POINT('',(-0.0435972094901091,-0.0498541071678521,0.015));
#1941=CARTESIAN_POINT('',(-0.0474434635536572,-0.0530631412882121,0.015));
#1942=CARTESIAN_POINT('',(-0.0474434635536572,-0.0530631412882121,0.01));
#1943=CARTESIAN_POINT('',(-0.0479364625479725,-0.0440184212269904,0.015));
#1944=CARTESIAN_POINT('',(-0.0521230751158528,-0.0467724477135266,0.015));
#1945=CARTESIAN_POINT('',(-0.0521230751158528,-0.0467724477135266,0.01));
#1946=CARTESIAN_POINT('',(-0.0515179285913353,-0.037831222835226,0.015));
#1947=CARTESIAN_POINT('',(-0.055983831445046,-0.0401005123059443,0.015));
#1948=CARTESIAN_POINT('',(-0.055983831445046,-0.0401005123059443,0.01));
#1949=CARTESIAN_POINT('',(-0.0553999374080126,-0.0291430889723393,0.015));
#1950=CARTESIAN_POINT('',(-0.060126942848067,-0.030819023612114,0.015));
#1951=CARTESIAN_POINT('',(-0.060126942848067,-0.030819023612114,0.01));
#1952=CARTESIAN_POINT('',(-0.0581673286724905,-0.0198898505753481,0.015));
#1953=CARTESIAN_POINT('',(-0.0630104272733452,-0.0211454764987788,0.015));
#1954=CARTESIAN_POINT('',(-0.0630104272733452,-0.0211454764987788,0.01));
#1955=CARTESIAN_POINT('',(-0.0602561822503089,-0.0105836620369479,0.015));
#1956=CARTESIAN_POINT('',(-0.0651538881474585,-0.0115943805369492,0.015));
#1957=CARTESIAN_POINT('',(-0.0651538881474585,-0.0115943805369493,0.01));
#1958=CARTESIAN_POINT('',(-0.062042372308315,-0.00122041379834284,0.015));
#1959=CARTESIAN_POINT('',(-0.0669781241299626,-0.00203042483633993,0.015));
#1960=CARTESIAN_POINT('',(-0.0669781241299626,-0.00203042483633994,0.01));
#1961=CARTESIAN_POINT('',(-0.0633799021731318,0.00821316039236008,0.015));
#1962=CARTESIAN_POINT('',(-0.0683479189789557,0.0076249503024206,0.015));
#1963=CARTESIAN_POINT('',(-0.0683479189789558,0.00762495030242061,0.01));
#1964=CARTESIAN_POINT('',(-0.0641981906390351,0.0177239677133595,0.015));
#1965=CARTESIAN_POINT('',(-0.0691888456497212,0.0173954835571959,0.015));
#1966=CARTESIAN_POINT('',(-0.0691888456497212,0.0173954835571958,0.01));
#1967=CARTESIAN_POINT('',(-0.0645126027225392,0.0249198261201467,0.015));
#1968=CARTESIAN_POINT('',(-0.0695135733783479,0.0248179587738573,0.015));
#1969=CARTESIAN_POINT('',(-0.0695135733783479,0.0248179587738574,0.01));
#1970=CARTESIAN_POINT('',(-0.0644710244886784,0.0321114971371913,0.015));
#1971=CARTESIAN_POINT('',(-0.0694710946010368,0.0322786746709039,0.015));
#1972=CARTESIAN_POINT('',(-0.0694710946010368,0.0322786746709039,0.01));
#1973=CARTESIAN_POINT('',(-0.0640059219783278,0.0392435735329539,0.015));
#1974=CARTESIAN_POINT('',(-0.0689858787336366,0.0397384158306668,0.015));
#1975=CARTESIAN_POINT('',(-0.0689858787336366,0.0397384158306668,0.01));
#1976=CARTESIAN_POINT('',(-0.0630171379509044,0.0463135839827611,0.015));
#1977=CARTESIAN_POINT('',(-0.0679412648443775,0.0472222344485353,0.015));
#1978=CARTESIAN_POINT('',(-0.0679412648443775,0.0472222344485353,0.01));
#1979=CARTESIAN_POINT('',(-0.0616227398233921,0.0521459101564398,0.015));
#1980=CARTESIAN_POINT('',(-0.0664431120941298,0.0535079382067083,0.015));
#1981=CARTESIAN_POINT('',(-0.0664431120941299,0.0535079382067083,0.01));
#1982=CARTESIAN_POINT('',(-0.0600226528969163,0.0567348633707025,0.015));
#1983=CARTESIAN_POINT('',(-0.0646827406794919,0.0585615560211571,0.015));
#1984=CARTESIAN_POINT('',(-0.0646827406794919,0.0585615560211571,0.01));
#1985=CARTESIAN_POINT('',(-0.0585660262928124,0.0600296574703958,0.015));
#1986=CARTESIAN_POINT('',(-0.0630521977961494,0.0622541970341089,0.015));
#1987=CARTESIAN_POINT('',(-0.0630521977961494,0.0622541970341089,0.01));
#1988=CARTESIAN_POINT('',(-0.0568094850385819,0.0631683174595074,0.015));
#1989=CARTESIAN_POINT('',(-0.0610407104080862,0.0658535056590332,0.015));
#1990=CARTESIAN_POINT('',(-0.0610407104080862,0.0658535056590332,0.01));
#1991=CARTESIAN_POINT('',(-0.0546585331814345,0.0661380479072815,0.015));
#1992=CARTESIAN_POINT('',(-0.0585308707040837,0.0693204845897007,0.015));
#1993=CARTESIAN_POINT('',(-0.0585308707040837,0.0693204845897007,0.01));
#1994=CARTESIAN_POINT('',(-0.0522030968067063,0.0687921263817793,0.015));
#1995=CARTESIAN_POINT('',(-0.0556826718850215,0.0723969973136999,0.015));
#1996=CARTESIAN_POINT('',(-0.0556826718850215,0.0723969973137,0.01));
#1997=CARTESIAN_POINT('',(-0.0494892438461931,0.0711400173636744,0.015));
#1998=CARTESIAN_POINT('',(-0.0525613356703296,0.075096077172782,0.015));
#1999=CARTESIAN_POINT('',(-0.0525613356703296,0.0750960771727819,0.01));
#2000=CARTESIAN_POINT('',(-0.0465289708121047,0.0732138845629811,0.015));
#2001=CARTESIAN_POINT('',(-0.0492009124145393,0.0774484739976909,0.015));
#2002=CARTESIAN_POINT('',(-0.0492009124145393,0.0774484739976908,0.01));
#2003=CARTESIAN_POINT('',(-0.0422999199620034,0.0756264040062352,0.015));
#2004=CARTESIAN_POINT('',(-0.0444692113893285,0.0801456691805603,0.015));
#2005=CARTESIAN_POINT('',(-0.0444692113893285,0.0801456691805603,0.01));
#2006=CARTESIAN_POINT('',(-0.0367781019559151,0.0779482800579723,0.015));
#2007=CARTESIAN_POINT('',(-0.0384192181274275,0.0826831941056947,0.015));
#2008=CARTESIAN_POINT('',(-0.0384192181274275,0.0826831941056947,0.01));
#2009=CARTESIAN_POINT('',(-0.032155266000842,0.0792792007207367,0.015));
#2010=CARTESIAN_POINT('',(-0.0334647835893222,0.0841071358643795,0.015));
#2011=CARTESIAN_POINT('',(-0.0334647835893222,0.0841071358643795,0.00999999999999999));
#2012=CARTESIAN_POINT('',(-0.0297965678303104,0.0798420753475709,0.015));
#2013=CARTESIAN_POINT('',(-0.0309577353018118,0.0847053756779152,0.015));
#2014=CARTESIAN_POINT('',(-0.0309577353018118,0.0847053756779152,0.01));
#2015=CARTESIAN_POINT('',(0.00293543412162643,0.000948105932855298,0.002));
#2016=CARTESIAN_POINT('',(0.000258371629474261,0.0871903405221821,0.002));
#2017=CARTESIAN_POINT('',(-0.0242871747450565,0.0870081200714568,0.002));
#2018=CARTESIAN_POINT('',(-0.0740364566677929,0.0777858513299087,0.002));
#2019=CARTESIAN_POINT('',(-0.0662826276058032,-0.01470487775197,0.002));
#2020=CARTESIAN_POINT('',(-0.0488224945910508,-0.057527456852005,0.002));
#2021=CARTESIAN_POINT('',(0.000370690411515347,-0.089590141853268,0.002));
#2022=CARTESIAN_POINT('',(0.0489716401717246,-0.0563232540703821,0.002));
#2023=CARTESIAN_POINT('',(0.0659368836507264,-0.0149016469512025,0.002));
#2024=CARTESIAN_POINT('',(0.0799073249110458,0.0786080592820905,0.002));
#2025=CARTESIAN_POINT('',(0.0254092513009303,0.0873770548270887,0.002));
#2026=CARTESIAN_POINT('',(0.000258371629474261,0.0871903405221821,0.002));
#2027=CARTESIAN_POINT('',(0.000258371629474261,0.0871903405221821,0.00200000000000001));
#2028=CARTESIAN_POINT('',(0.000258371629474261,0.0871903405221821,0.));
#2029=CARTESIAN_POINT('',(-0.0242871747450565,0.0870081200714568,0.00200000000000001));
#2030=CARTESIAN_POINT('',(-0.0242871747450565,0.0870081200714568,0.));
#2031=CARTESIAN_POINT('',(-0.0740364566677929,0.0777858513299087,0.00200000000000001));
#2032=CARTESIAN_POINT('',(-0.0740364566677929,0.0777858513299087,0.));
#2033=CARTESIAN_POINT('',(-0.0662826276058032,-0.01470487775197,0.00200000000000001));
#2034=CARTESIAN_POINT('',(-0.0662826276058032,-0.01470487775197,0.));
#2035=CARTESIAN_POINT('',(-0.0488224945910508,-0.057527456852005,0.00200000000000001));
#2036=CARTESIAN_POINT('',(-0.0488224945910508,-0.057527456852005,0.));
#2037=CARTESIAN_POINT('',(0.000370690411515347,-0.089590141853268,0.00200000000000001));
#2038=CARTESIAN_POINT('',(0.000370690411515347,-0.089590141853268,0.));
#2039=CARTESIAN_POINT('',(0.0489716401717246,-0.0563232540703821,0.00200000000000001));
#2040=CARTESIAN_POINT('',(0.0489716401717246,-0.0563232540703821,0.));
#2041=CARTESIAN_POINT('',(0.0659368836507264,-0.0149016469512025,0.00200000000000001));
#2042=CARTESIAN_POINT('',(0.0659368836507264,-0.0149016469512025,0.));
#2043=CARTESIAN_POINT('',(0.0799073249110458,0.0786080592820905,0.00200000000000001));
#2044=CARTESIAN_POINT('',(0.0799073249110458,0.0786080592820905,0.));
#2045=CARTESIAN_POINT('',(0.0254092513009303,0.0873770548270887,0.00200000000000001));
#2046=CARTESIAN_POINT('',(0.0254092513009303,0.0873770548270887,0.));
#2047=CARTESIAN_POINT('',(0.000258371629474261,0.0871903405221821,0.00200000000000001));
#2048=CARTESIAN_POINT('',(0.000258371629474261,0.0871903405221821,0.));
#2049=CARTESIAN_POINT('',(0.000258371629474261,0.0871903405221821,0.));
#2050=CARTESIAN_POINT('',(-0.0242871747450565,0.0870081200714568,0.));
#2051=CARTESIAN_POINT('',(-0.0740364566677929,0.0777858513299087,0.));
#2052=CARTESIAN_POINT('',(-0.0662826276058032,-0.01470487775197,0.));
#2053=CARTESIAN_POINT('',(-0.0488224945910508,-0.057527456852005,0.));
#2054=CARTESIAN_POINT('',(0.000370690411515347,-0.089590141853268,0.));
#2055=CARTESIAN_POINT('',(0.0489716401717246,-0.0563232540703821,0.));
#2056=CARTESIAN_POINT('',(0.0659368836507264,-0.0149016469512025,0.));
#2057=CARTESIAN_POINT('',(0.0799073249110458,0.0786080592820905,0.));
#2058=CARTESIAN_POINT('',(0.0254092513009303,0.0873770548270887,0.));
#2059=CARTESIAN_POINT('',(0.000258371629474261,0.0871903405221821,0.));
#2060=CARTESIAN_POINT('',(0.000258371629474261,0.0871903405221821,0.));
#2061=CARTESIAN_POINT('',(0.00293543412162643,0.000948105932855298,0.002));
#2062=CARTESIAN_POINT('',(0.00293543412162643,0.000948105932855298,0.002));
#2063=CARTESIAN_POINT('',(0.0012918919436941,0.00153316833970863,0.));
#2064=MECHANICAL_DESIGN_GEOMETRIC_PRESENTATION_REPRESENTATION('',(#171),
#2065);
#2065=(
GEOMETRIC_REPRESENTATION_CONTEXT(3)
GLOBAL_UNCERTAINTY_ASSIGNED_CONTEXT((#2066))
GLOBAL_UNIT_ASSIGNED_CONTEXT((#2069,#2068,#2067))
REPRESENTATION_CONTEXT('Part 1','TOP_LEVEL_ASSEMBLY_PART')
);
#2066=UNCERTAINTY_MEASURE_WITH_UNIT(LENGTH_MEASURE(2.E-5),#2069,
'DISTANCE_ACCURACY_VALUE','Maximum Tolerance applied to model');
#2067=(
NAMED_UNIT(*)
SI_UNIT($,.STERADIAN.)
SOLID_ANGLE_UNIT()
);
#2068=(
NAMED_UNIT(*)
PLANE_ANGLE_UNIT()
SI_UNIT($,.RADIAN.)
);
#2069=(
LENGTH_UNIT()
NAMED_UNIT(*)
SI_UNIT($,.METRE.)
);
#2070=PRODUCT_DEFINITION_SHAPE('','',#2071);
#2071=PRODUCT_DEFINITION('','',#2073,#2072);
#2072=PRODUCT_DEFINITION_CONTEXT('',#2079,'design');
#2073=PRODUCT_DEFINITION_FORMATION_WITH_SPECIFIED_SOURCE('','',#2075,
 .NOT_KNOWN.);
#2074=PRODUCT_RELATED_PRODUCT_CATEGORY('','',(#2075));
#2075=PRODUCT('Part 1','Part 1','Part 1',(#2077));
#2076=PRODUCT_CATEGORY('','');
#2077=PRODUCT_CONTEXT('',#2079,'mechanical');
#2078=APPLICATION_PROTOCOL_DEFINITION('international standard',
'ap242_managed_model_based_3d_engineering',2020,#2079);
#2079=APPLICATION_CONTEXT('managed model based 3d engineering');
ENDSEC;
END-ISO-10303-21;
